# Migrate 5.0.7 (Peter Beerli, (c) 2014)
# Raw results from Bayesian inference: these values can be used to generate
# joint posterior distribution of any parameter combination
# Writing information on parameters (Thetas, M or xNm)
# every 2 parameter-steps
# 
# --  Steps
# --  Locus
# --  Replicates
# --  log(Posterior)
# --  log(prob(D|G))
# --  log(prob(G|Model))
# --  log(prob(Model))
# --  Sum of time intervals on G
# --  Total tree length of G
# Order of the parameters:
# Parameter-number Parameter
#@      1    Theta_1
# 
# --  Thermodynamic temperature = 1.000000
# --  Thermodynamic temperature = 1.500000
# --  Thermodynamic temperature = 3.000000
# --  Thermodynamic temperature = 100000.000000
# --  Marginal log(likelihood) [Thermodynamic integration]
# --  Marginal log(likelihood) [Harmonic mean]
# 
#$ ------------------------------------------------------------------ 
#$ begin  [do not change this content]
#$ Model=*
#$ Mode2=*
#$ 5 1 1 1 2 1
#$ urchins
#$ end
#$ ------------------------------------------------------------------ 
# 
# remove the lines above and including @@@@@, this allows to use
# Tracer (http://tree.bio.ed.ac.uk/software/tracer/) to inspect
# this file. But be aware that the Tracer program (October 2006)
# only works with single-locus, single-replicate files
# The migrate contribution folder contains a command line utility written
# in PERL to split the file for Tracer, it's name is mba
# @@@@@@@@
Steps	Locus	Replicate	lnPost	lnDataL	lnPrbGParam	lnPrior	treeintervals	treelength	Theta_1	mL_1.000000	mL_1.500000	mL_3.000000	mL_100000.000000	mL_thermo	mL_harmonic
10	5	1	171.068542	0.000000	171.068542	2.302585	115	0.131348	0.038239	0.000000	0.000000	0.000000	0.000000	0.000000	0.000000
10	1	1	165.830246	0.000000	165.830246	2.302585	115	0.130748	0.033140	0.000000	0.000000	0.000000	0.000000	0.000000	0.000000
20	1	1	165.548035	0.000000	165.548035	2.302585	115	0.130201	0.031593	0.000000	0.000000	0.000000	0.000000	0.000000	0.000000
20	5	1	168.131989	0.000000	168.131989	2.302585	115	0.132205	0.042888	0.000000	0.000000	0.000000	0.000000	0.000000	0.000000
30	1	1	166.288834	0.000000	166.288834	2.302585	115	0.130253	0.038794	0.000000	0.000000	0.000000	0.000000	0.000000	0.000000
30	5	1	171.427917	0.000000	171.427917	2.302585	115	0.115787	0.039480	0.000000	0.000000	0.000000	0.000000	0.000000	0.000000
40	1	1	168.538116	0.000000	168.538116	2.302585	115	0.122751	0.040676	0.000000	0.000000	0.000000	0.000000	0.000000	0.000000
40	5	1	171.742554	0.000000	171.742554	2.302585	115	0.115272	0.031574	0.000000	0.000000	0.000000	0.000000	0.000000	0.000000
50	1	1	168.099747	0.000000	168.099747	2.302585	115	0.123293	0.036348	0.000000	0.000000	0.000000	0.000000	0.000000	0.000000
50	5	1	176.040451	0.000000	176.040451	2.302585	115	0.113065	0.032434	0.000000	0.000000	0.000000	0.000000	0.000000	0.000000
60	1	1	168.837067	0.000000	168.837067	2.302585	115	0.124202	0.040086	0.000000	0.000000	0.000000	0.000000	0.000000	0.000000
60	5	1	170.519760	0.000000	170.519760	2.302585	115	0.119483	0.044576	0.000000	0.000000	0.000000	0.000000	0.000000	0.000000
70	1	1	162.764526	0.000000	162.764526	2.302585	115	0.143042	0.034670	0.000000	0.000000	0.000000	0.000000	0.000000	0.000000
70	5	1	172.621628	0.000000	172.621628	2.302585	115	0.107281	0.042326	0.000000	0.000000	0.000000	0.000000	0.000000	0.000000
80	1	1	156.978546	0.000000	156.978546	2.302585	115	0.153803	0.042540	0.000000	0.000000	0.000000	0.000000	0.000000	0.000000
80	5	1	179.724106	0.000000	179.724106	2.302585	115	0.100052	0.035215	0.000000	0.000000	0.000000	0.000000	0.000000	0.000000
90	5	1	173.727921	0.000000	173.727921	2.302585	115	0.104427	0.043575	0.000000	0.000000	0.000000	0.000000	0.000000	0.000000
90	1	1	154.169479	0.000000	154.169479	2.302585	115	0.155872	0.063684	0.000000	0.000000	0.000000	0.000000	0.000000	0.000000
100	5	1	172.576614	0.000000	172.576614	2.302585	115	0.106128	0.034271	0.000000	0.000000	0.000000	0.000000	0.000000	0.000000
100	1	1	156.455048	0.000000	156.455048	2.302585	115	0.162561	0.054655	0.000000	0.000000	0.000000	0.000000	0.000000	0.000000
110	5	1	173.149094	0.000000	173.149094	2.302585	115	0.107914	0.033009	0.000000	0.000000	0.000000	0.000000	0.000000	0.000000
110	1	1	153.414322	0.000000	153.414322	2.302585	115	0.164592	0.035401	0.000000	0.000000	0.000000	0.000000	0.000000	0.000000
10	2	1	159.971695	0.000000	159.971695	2.302585	115	0.136990	0.046326	0.000000	0.000000	0.000000	0.000000	0.000000	0.000000
120	5	1	171.535355	0.000000	171.535355	2.302585	115	0.109168	0.031678	0.000000	0.000000	0.000000	0.000000	0.000000	0.000000
120	1	1	157.632584	0.000000	157.632584	2.302585	115	0.162989	0.040367	0.000000	0.000000	0.000000	0.000000	0.000000	0.000000
10	4	1	165.191132	0.000000	165.191132	2.302585	115	0.121440	0.030855	0.000000	0.000000	0.000000	0.000000	0.000000	0.000000
20	2	1	162.110672	0.000000	162.110672	2.302585	115	0.134109	0.042844	0.000000	0.000000	0.000000	0.000000	0.000000	0.000000
10	3	1	142.113586	0.000000	142.113586	2.302585	115	0.253482	0.066085	0.000000	0.000000	0.000000	0.000000	0.000000	0.000000
130	5	1	170.025574	0.000000	170.025574	2.302585	115	0.120066	0.037579	0.000000	0.000000	0.000000	0.000000	0.000000	0.000000
130	1	1	158.732132	0.000000	158.732132	2.302585	115	0.161403	0.047746	0.000000	0.000000	0.000000	0.000000	0.000000	0.000000
30	2	1	162.643616	0.000000	162.643616	2.302585	115	0.133608	0.044120	0.000000	0.000000	0.000000	0.000000	0.000000	0.000000
20	4	1	164.803329	0.000000	164.803329	2.302585	115	0.119456	0.036863	0.000000	0.000000	0.000000	0.000000	0.000000	0.000000
140	5	1	170.084396	0.000000	170.084396	2.302585	115	0.120837	0.039043	0.000000	0.000000	0.000000	0.000000	0.000000	0.000000
20	3	1	141.664108	0.000000	141.664108	2.302585	115	0.255068	0.055909	0.000000	0.000000	0.000000	0.000000	0.000000	0.000000
140	1	1	154.279099	0.000000	154.279099	2.302585	115	0.298902	0.043680	0.000000	0.000000	0.000000	0.000000	0.000000	0.000000
40	2	1	161.859573	0.000000	161.859573	2.302585	115	0.135210	0.035903	0.000000	0.000000	0.000000	0.000000	0.000000	0.000000
30	4	1	167.966278	0.000000	167.966278	2.302585	115	0.158616	0.035896	0.000000	0.000000	0.000000	0.000000	0.000000	0.000000
150	5	1	168.529602	0.000000	168.529602	2.302585	115	0.109195	0.044101	0.000000	0.000000	0.000000	0.000000	0.000000	0.000000
30	3	1	140.030151	0.000000	140.030151	2.302585	115	0.230773	0.059137	0.000000	0.000000	0.000000	0.000000	0.000000	0.000000
50	2	1	161.038177	0.000000	161.038177	2.302585	115	0.139311	0.051611	0.000000	0.000000	0.000000	0.000000	0.000000	0.000000
40	4	1	165.189590	0.000000	165.189590	2.302585	115	0.159613	0.041721	0.000000	0.000000	0.000000	0.000000	0.000000	0.000000
150	1	1	157.885727	0.000000	157.885727	2.302585	115	0.256081	0.048418	0.000000	0.000000	0.000000	0.000000	0.000000	0.000000
160	5	1	165.931076	0.000000	165.931076	2.302585	115	0.117624	0.043191	0.000000	0.000000	0.000000	0.000000	0.000000	0.000000
40	3	1	144.548294	0.000000	144.548294	2.302585	115	0.233774	0.059749	0.000000	0.000000	0.000000	0.000000	0.000000	0.000000
60	2	1	160.561859	0.000000	160.561859	2.302585	115	0.138017	0.051003	0.000000	0.000000	0.000000	0.000000	0.000000	0.000000
160	1	1	155.017761	0.000000	155.017761	2.302585	115	0.253490	0.059943	0.000000	0.000000	0.000000	0.000000	0.000000	0.000000
50	4	1	167.269653	0.000000	167.269653	2.302585	115	0.155383	0.034452	0.000000	0.000000	0.000000	0.000000	0.000000	0.000000
170	5	1	163.268707	0.000000	163.268707	2.302585	115	0.119663	0.046835	0.000000	0.000000	0.000000	0.000000	0.000000	0.000000
70	2	1	157.927292	0.000000	157.927292	2.302585	115	0.145699	0.054432	0.000000	0.000000	0.000000	0.000000	0.000000	0.000000
50	3	1	140.747345	0.000000	140.747345	2.302585	115	0.234966	0.062257	0.000000	0.000000	0.000000	0.000000	0.000000	0.000000
170	1	1	159.794113	0.000000	159.794113	2.302585	115	0.252995	0.051945	0.000000	0.000000	0.000000	0.000000	0.000000	0.000000
60	4	1	166.639313	0.000000	166.639313	2.302585	115	0.161224	0.043675	0.000000	0.000000	0.000000	0.000000	0.000000	0.000000
80	2	1	154.602112	0.000000	154.602112	2.302585	115	0.151948	0.051869	0.000000	0.000000	0.000000	0.000000	0.000000	0.000000
180	5	1	161.303543	0.000000	161.303543	2.302585	115	0.117842	0.046827	0.000000	0.000000	0.000000	0.000000	0.000000	0.000000
180	1	1	159.918427	0.000000	159.918427	2.302585	115	0.260119	0.042291	0.000000	0.000000	0.000000	0.000000	0.000000	0.000000
60	3	1	141.790649	0.000000	141.790649	2.302585	115	0.243069	0.051978	0.000000	0.000000	0.000000	0.000000	0.000000	0.000000
70	4	1	163.849091	0.000000	163.849091	2.302585	115	0.167203	0.037740	0.000000	0.000000	0.000000	0.000000	0.000000	0.000000
190	5	1	161.904785	0.000000	161.904785	2.302585	115	0.119942	0.045256	0.000000	0.000000	0.000000	0.000000	0.000000	0.000000
90	2	1	152.564560	0.000000	152.564560	2.302585	115	0.150848	0.048943	0.000000	0.000000	0.000000	0.000000	0.000000	0.000000
70	3	1	134.192535	0.000000	134.192535	2.302585	115	0.258855	0.051789	0.000000	0.000000	0.000000	0.000000	0.000000	0.000000
190	1	1	161.248825	0.000000	161.248825	2.302585	115	0.263401	0.050722	0.000000	0.000000	0.000000	0.000000	0.000000	0.000000
200	5	1	160.780914	0.000000	160.780914	2.302585	115	0.122938	0.044289	0.000000	0.000000	0.000000	0.000000	0.000000	0.000000
80	4	1	163.440506	0.000000	163.440506	2.302585	115	0.166411	0.035832	0.000000	0.000000	0.000000	0.000000	0.000000	0.000000
100	2	1	150.903015	0.000000	150.903015	2.302585	115	0.150840	0.064410	0.000000	0.000000	0.000000	0.000000	0.000000	0.000000
80	3	1	136.475983	0.000000	136.475983	2.302585	115	0.256964	0.056158	0.000000	0.000000	0.000000	0.000000	0.000000	0.000000
200	1	1	159.496582	0.000000	159.496582	2.302585	115	0.265352	0.045396	0.000000	0.000000	0.000000	0.000000	0.000000	0.000000
210	5	1	158.202805	0.000000	158.202805	2.302585	115	0.177865	0.058575	0.000000	0.000000	0.000000	0.000000	0.000000	0.000000
90	4	1	167.539963	0.000000	167.539963	2.302585	115	0.165987	0.039612	0.000000	0.000000	0.000000	0.000000	0.000000	0.000000
110	2	1	154.409805	0.000000	154.409805	2.302585	115	0.152345	0.054312	0.000000	0.000000	0.000000	0.000000	0.000000	0.000000
210	1	1	157.820816	0.000000	157.820816	2.302585	115	0.265662	0.036774	0.000000	0.000000	0.000000	0.000000	0.000000	0.000000
90	3	1	140.135193	0.000000	140.135193	2.302585	115	0.253672	0.063778	0.000000	0.000000	0.000000	0.000000	0.000000	0.000000
220	5	1	145.449707	0.000000	145.449707	2.302585	115	0.241643	0.061545	0.000000	0.000000	0.000000	0.000000	0.000000	0.000000
100	4	1	160.074463	0.000000	160.074463	2.302585	115	0.184717	0.058412	0.000000	0.000000	0.000000	0.000000	0.000000	0.000000
120	2	1	153.054047	0.000000	153.054047	2.302585	115	0.152005	0.044634	0.000000	0.000000	0.000000	0.000000	0.000000	0.000000
220	1	1	157.853561	0.000000	157.853561	2.302585	115	0.263448	0.050970	0.000000	0.000000	0.000000	0.000000	0.000000	0.000000
100	3	1	136.452438	0.000000	136.452438	2.302585	115	0.257169	0.086775	0.000000	0.000000	0.000000	0.000000	0.000000	0.000000
230	5	1	138.265656	0.000000	138.265656	2.302585	115	0.261680	0.083917	0.000000	0.000000	0.000000	0.000000	0.000000	0.000000
110	4	1	163.204041	0.000000	163.204041	2.302585	115	0.184593	0.035681	0.000000	0.000000	0.000000	0.000000	0.000000	0.000000
130	2	1	160.576309	0.000000	160.576309	2.302585	115	0.143754	0.047395	0.000000	0.000000	0.000000	0.000000	0.000000	0.000000
230	1	1	162.750885	0.000000	162.750885	2.302585	115	0.245386	0.036093	0.000000	0.000000	0.000000	0.000000	0.000000	0.000000
110	3	1	136.833023	0.000000	136.833023	2.302585	115	0.266419	0.065210	0.000000	0.000000	0.000000	0.000000	0.000000	0.000000
240	5	1	143.816925	0.000000	143.816925	2.302585	115	0.247576	0.062338	0.000000	0.000000	0.000000	0.000000	0.000000	0.000000
140	2	1	159.600876	0.000000	159.600876	2.302585	115	0.157673	0.044577	0.000000	0.000000	0.000000	0.000000	0.000000	0.000000
120	4	1	157.523804	0.000000	157.523804	2.302585	115	0.191320	0.041677	0.000000	0.000000	0.000000	0.000000	0.000000	0.000000
240	1	1	162.428238	0.000000	162.428238	2.302585	115	0.246120	0.043068	0.000000	0.000000	0.000000	0.000000	0.000000	0.000000
120	3	1	136.970779	0.000000	136.970779	2.302585	115	0.254239	0.071413	0.000000	0.000000	0.000000	0.000000	0.000000	0.000000
250	5	1	145.608047	0.000000	145.608047	2.302585	115	0.243046	0.069342	0.000000	0.000000	0.000000	0.000000	0.000000	0.000000
250	1	1	156.791702	0.000000	156.791702	2.302585	115	0.247362	0.036833	0.000000	0.000000	0.000000	0.000000	0.000000	0.000000
130	4	1	158.007950	0.000000	158.007950	2.302585	115	0.191105	0.048539	0.000000	0.000000	0.000000	0.000000	0.000000	0.000000
150	2	1	155.916412	0.000000	155.916412	2.302585	115	0.162329	0.039657	0.000000	0.000000	0.000000	0.000000	0.000000	0.000000
260	5	1	148.016602	0.000000	148.016602	2.302585	115	0.236360	0.054648	0.000000	0.000000	0.000000	0.000000	0.000000	0.000000
130	3	1	140.647858	0.000000	140.647858	2.302585	115	0.266880	0.061790	0.000000	0.000000	0.000000	0.000000	0.000000	0.000000
260	1	1	157.036179	0.000000	157.036179	2.302585	115	0.238229	0.045624	0.000000	0.000000	0.000000	0.000000	0.000000	0.000000
140	4	1	159.729202	0.000000	159.729202	2.302585	115	0.190862	0.047809	0.000000	0.000000	0.000000	0.000000	0.000000	0.000000
270	5	1	149.891113	0.000000	149.891113	2.302585	115	0.226533	0.064171	0.000000	0.000000	0.000000	0.000000	0.000000	0.000000
160	2	1	154.734375	0.000000	154.734375	2.302585	115	0.165588	0.051835	0.000000	0.000000	0.000000	0.000000	0.000000	0.000000
140	3	1	140.771179	0.000000	140.771179	2.302585	115	0.268075	0.058438	0.000000	0.000000	0.000000	0.000000	0.000000	0.000000
270	1	1	164.763153	0.000000	164.763153	2.302585	115	0.237677	0.044548	0.000000	0.000000	0.000000	0.000000	0.000000	0.000000
150	4	1	161.144073	0.000000	161.144073	2.302585	115	0.187652	0.051454	0.000000	0.000000	0.000000	0.000000	0.000000	0.000000
170	2	1	154.330078	0.000000	154.330078	2.302585	115	0.163552	0.053468	0.000000	0.000000	0.000000	0.000000	0.000000	0.000000
280	5	1	149.178101	0.000000	149.178101	2.302585	115	0.228742	0.056520	0.000000	0.000000	0.000000	0.000000	0.000000	0.000000
150	3	1	142.942886	0.000000	142.942886	2.302585	115	0.260367	0.047345	0.000000	0.000000	0.000000	0.000000	0.000000	0.000000
280	1	1	164.042831	0.000000	164.042831	2.302585	115	0.239690	0.047818	0.000000	0.000000	0.000000	0.000000	0.000000	0.000000
160	4	1	162.766647	0.000000	162.766647	2.302585	115	0.185279	0.045047	0.000000	0.000000	0.000000	0.000000	0.000000	0.000000
290	5	1	148.069870	0.000000	148.069870	2.302585	115	0.228422	0.057420	0.000000	0.000000	0.000000	0.000000	0.000000	0.000000
290	1	1	163.685883	0.000000	163.685883	2.302585	115	0.238353	0.038091	0.000000	0.000000	0.000000	0.000000	0.000000	0.000000
180	2	1	146.627045	0.000000	146.627045	2.302585	115	0.174424	0.057124	0.000000	0.000000	0.000000	0.000000	0.000000	0.000000
160	3	1	141.850494	0.000000	141.850494	2.302585	115	0.275891	0.049021	0.000000	0.000000	0.000000	0.000000	0.000000	0.000000
170	4	1	161.129379	0.000000	161.129379	2.302585	115	0.183695	0.044367	0.000000	0.000000	0.000000	0.000000	0.000000	0.000000
300	5	1	149.926941	0.000000	149.926941	2.302585	115	0.219314	0.060467	0.000000	0.000000	0.000000	0.000000	0.000000	0.000000
300	1	1	162.164261	0.000000	162.164261	2.302585	115	0.241355	0.039428	0.000000	0.000000	0.000000	0.000000	0.000000	0.000000
170	3	1	144.769226	0.000000	144.769226	2.302585	115	0.272791	0.058557	0.000000	0.000000	0.000000	0.000000	0.000000	0.000000
190	2	1	152.203735	0.000000	152.203735	2.302585	115	0.163297	0.058281	0.000000	0.000000	0.000000	0.000000	0.000000	0.000000
180	4	1	161.222092	0.000000	161.222092	2.302585	115	0.184195	0.042343	0.000000	0.000000	0.000000	0.000000	0.000000	0.000000
310	5	1	153.433975	0.000000	153.433975	2.302585	115	0.215772	0.056214	0.000000	0.000000	0.000000	0.000000	0.000000	0.000000
310	1	1	157.265457	0.000000	157.265457	2.302585	115	0.262161	0.039481	0.000000	0.000000	0.000000	0.000000	0.000000	0.000000
200	2	1	155.962387	0.000000	155.962387	2.302585	115	0.156881	0.050831	0.000000	0.000000	0.000000	0.000000	0.000000	0.000000
180	3	1	149.241837	0.000000	149.241837	2.302585	115	0.245706	0.055705	0.000000	0.000000	0.000000	0.000000	0.000000	0.000000
320	5	1	154.746780	0.000000	154.746780	2.302585	115	0.214297	0.051092	0.000000	0.000000	0.000000	0.000000	0.000000	0.000000
190	4	1	161.113251	0.000000	161.113251	2.302585	115	0.185929	0.048998	0.000000	0.000000	0.000000	0.000000	0.000000	0.000000
320	1	1	155.681335	0.000000	155.681335	2.302585	115	0.264700	0.039691	0.000000	0.000000	0.000000	0.000000	0.000000	0.000000
190	3	1	151.360428	0.000000	151.360428	2.302585	115	0.259008	0.056557	0.000000	0.000000	0.000000	0.000000	0.000000	0.000000
210	2	1	162.070755	0.000000	162.070755	2.302585	115	0.146652	0.037616	0.000000	0.000000	0.000000	0.000000	0.000000	0.000000
200	4	1	162.249451	0.000000	162.249451	2.302585	115	0.180102	0.044744	0.000000	0.000000	0.000000	0.000000	0.000000	0.000000
330	5	1	160.561737	0.000000	160.561737	2.302585	115	0.209634	0.040779	0.000000	0.000000	0.000000	0.000000	0.000000	0.000000
330	1	1	152.107712	0.000000	152.107712	2.302585	115	0.268042	0.061750	0.000000	0.000000	0.000000	0.000000	0.000000	0.000000
200	3	1	145.990448	0.000000	145.990448	2.302585	115	0.261248	0.056165	0.000000	0.000000	0.000000	0.000000	0.000000	0.000000
220	2	1	164.343292	0.000000	164.343292	2.302585	115	0.145661	0.045106	0.000000	0.000000	0.000000	0.000000	0.000000	0.000000
210	4	1	169.621658	0.000000	169.621658	2.302585	115	0.170551	0.036170	0.000000	0.000000	0.000000	0.000000	0.000000	0.000000
340	5	1	161.535461	0.000000	161.535461	2.302585	115	0.208540	0.047686	0.000000	0.000000	0.000000	0.000000	0.000000	0.000000
210	3	1	141.962357	0.000000	141.962357	2.302585	115	0.261758	0.036987	0.000000	0.000000	0.000000	0.000000	0.000000	0.000000
340	1	1	153.612564	0.000000	153.612564	2.302585	115	0.265919	0.053027	0.000000	0.000000	0.000000	0.000000	0.000000	0.000000
220	4	1	169.225403	0.000000	169.225403	2.302585	115	0.170671	0.035177	0.000000	0.000000	0.000000	0.000000	0.000000	0.000000
230	2	1	161.362335	0.000000	161.362335	2.302585	115	0.153390	0.046387	0.000000	0.000000	0.000000	0.000000	0.000000	0.000000
350	5	1	162.226273	0.000000	162.226273	2.302585	115	0.163155	0.053160	0.000000	0.000000	0.000000	0.000000	0.000000	0.000000
350	1	1	153.886520	0.000000	153.886520	2.302585	115	0.266245	0.045325	0.000000	0.000000	0.000000	0.000000	0.000000	0.000000
220	3	1	149.862762	0.000000	149.862762	2.302585	115	0.255280	0.060651	0.000000	0.000000	0.000000	0.000000	0.000000	0.000000
230	4	1	170.569748	0.000000	170.569748	2.302585	115	0.163394	0.034813	0.000000	0.000000	0.000000	0.000000	0.000000	0.000000
360	5	1	164.509445	0.000000	164.509445	2.302585	115	0.185171	0.044439	0.000000	0.000000	0.000000	0.000000	0.000000	0.000000
240	2	1	158.258850	0.000000	158.258850	2.302585	115	0.153600	0.055011	0.000000	0.000000	0.000000	0.000000	0.000000	0.000000
360	1	1	153.251053	0.000000	153.251053	2.302585	115	0.264702	0.057245	0.000000	0.000000	0.000000	0.000000	0.000000	0.000000
230	3	1	151.086029	0.000000	151.086029	2.302585	115	0.252624	0.042574	0.000000	0.000000	0.000000	0.000000	0.000000	0.000000
370	5	1	167.978958	0.000000	167.978958	2.302585	115	0.182460	0.034632	0.000000	0.000000	0.000000	0.000000	0.000000	0.000000
240	4	1	172.530640	0.000000	172.530640	2.302585	115	0.162642	0.033851	0.000000	0.000000	0.000000	0.000000	0.000000	0.000000
250	2	1	161.256485	0.000000	161.256485	2.302585	115	0.148727	0.036952	0.000000	0.000000	0.000000	0.000000	0.000000	0.000000
370	1	1	147.717087	0.000000	147.717087	2.302585	115	0.283281	0.068016	0.000000	0.000000	0.000000	0.000000	0.000000	0.000000
240	3	1	150.781723	0.000000	150.781723	2.302585	115	0.256394	0.045684	0.000000	0.000000	0.000000	0.000000	0.000000	0.000000
250	4	1	171.170044	0.000000	171.170044	2.302585	115	0.163197	0.040787	0.000000	0.000000	0.000000	0.000000	0.000000	0.000000
380	5	1	167.995041	0.000000	167.995041	2.302585	115	0.182324	0.036980	0.000000	0.000000	0.000000	0.000000	0.000000	0.000000
260	2	1	160.136993	0.000000	160.136993	2.302585	115	0.147622	0.039999	0.000000	0.000000	0.000000	0.000000	0.000000	0.000000
380	1	1	149.884903	0.000000	149.884903	2.302585	115	0.282687	0.049850	0.000000	0.000000	0.000000	0.000000	0.000000	0.000000
250	3	1	148.271179	0.000000	148.271179	2.302585	115	0.261606	0.060281	0.000000	0.000000	0.000000	0.000000	0.000000	0.000000
260	4	1	170.679550	0.000000	170.679550	2.302585	115	0.163808	0.038685	0.000000	0.000000	0.000000	0.000000	0.000000	0.000000
390	5	1	167.944580	0.000000	167.944580	2.302585	115	0.179705	0.039064	0.000000	0.000000	0.000000	0.000000	0.000000	0.000000
390	1	1	149.029205	0.000000	149.029205	2.302585	115	0.281376	0.059106	0.000000	0.000000	0.000000	0.000000	0.000000	0.000000
270	2	1	164.735443	0.000000	164.735443	2.302585	115	0.132672	0.043077	0.000000	0.000000	0.000000	0.000000	0.000000	0.000000
270	4	1	166.226440	0.000000	166.226440	2.302585	115	0.169245	0.043315	0.000000	0.000000	0.000000	0.000000	0.000000	0.000000
400	5	1	163.059372	0.000000	163.059372	2.302585	115	0.181050	0.047370	0.000000	0.000000	0.000000	0.000000	0.000000	0.000000
260	3	1	145.140808	0.000000	145.140808	2.302585	115	0.261709	0.048004	0.000000	0.000000	0.000000	0.000000	0.000000	0.000000
400	1	1	150.679459	0.000000	150.679459	2.302585	115	0.284584	0.056829	0.000000	0.000000	0.000000	0.000000	0.000000	0.000000
280	2	1	162.404358	0.000000	162.404358	2.302585	115	0.148132	0.043643	0.000000	0.000000	0.000000	0.000000	0.000000	0.000000
270	3	1	146.275726	0.000000	146.275726	2.302585	115	0.261355	0.060565	0.000000	0.000000	0.000000	0.000000	0.000000	0.000000
280	4	1	157.498093	0.000000	157.498093	2.302585	115	0.195655	0.054403	0.000000	0.000000	0.000000	0.000000	0.000000	0.000000
410	5	1	161.203918	0.000000	161.203918	2.302585	115	0.180040	0.041515	0.000000	0.000000	0.000000	0.000000	0.000000	0.000000
410	1	1	148.663742	0.000000	148.663742	2.302585	115	0.281201	0.075166	0.000000	0.000000	0.000000	0.000000	0.000000	0.000000
290	2	1	163.352432	0.000000	163.352432	2.302585	115	0.148314	0.041539	0.000000	0.000000	0.000000	0.000000	0.000000	0.000000
420	5	1	157.892929	0.000000	157.892929	2.302585	115	0.188100	0.038682	0.000000	0.000000	0.000000	0.000000	0.000000	0.000000
290	4	1	152.111542	0.000000	152.111542	2.302585	115	0.201709	0.047641	0.000000	0.000000	0.000000	0.000000	0.000000	0.000000
280	3	1	143.855423	0.000000	143.855423	2.302585	115	0.263554	0.069611	0.000000	0.000000	0.000000	0.000000	0.000000	0.000000
420	1	1	148.303635	0.000000	148.303635	2.302585	115	0.200104	0.069291	0.000000	0.000000	0.000000	0.000000	0.000000	0.000000
300	2	1	166.113586	0.000000	166.113586	2.302585	115	0.146042	0.036056	0.000000	0.000000	0.000000	0.000000	0.000000	0.000000
300	4	1	151.585083	0.000000	151.585083	2.302585	115	0.174349	0.055924	0.000000	0.000000	0.000000	0.000000	0.000000	0.000000
430	5	1	158.075684	0.000000	158.075684	2.302585	115	0.187763	0.052583	0.000000	0.000000	0.000000	0.000000	0.000000	0.000000
430	1	1	147.275803	0.000000	147.275803	2.302585	115	0.200797	0.062559	0.000000	0.000000	0.000000	0.000000	0.000000	0.000000
290	3	1	144.052399	0.000000	144.052399	2.302585	115	0.261258	0.041000	0.000000	0.000000	0.000000	0.000000	0.000000	0.000000
310	4	1	149.831268	0.000000	149.831268	2.302585	115	0.179014	0.059214	0.000000	0.000000	0.000000	0.000000	0.000000	0.000000
310	2	1	166.687668	0.000000	166.687668	2.302585	115	0.146124	0.031124	0.000000	0.000000	0.000000	0.000000	0.000000	0.000000
440	5	1	156.802307	0.000000	156.802307	2.302585	115	0.195270	0.059123	0.000000	0.000000	0.000000	0.000000	0.000000	0.000000
440	1	1	147.781219	0.000000	147.781219	2.302585	115	0.199692	0.048537	0.000000	0.000000	0.000000	0.000000	0.000000	0.000000
300	3	1	148.663040	0.000000	148.663040	2.302585	115	0.255719	0.056776	0.000000	0.000000	0.000000	0.000000	0.000000	0.000000
320	2	1	169.225571	0.000000	169.225571	2.302585	115	0.144892	0.041719	0.000000	0.000000	0.000000	0.000000	0.000000	0.000000
450	5	1	159.866791	0.000000	159.866791	2.302585	115	0.203213	0.049310	0.000000	0.000000	0.000000	0.000000	0.000000	0.000000
320	4	1	150.008591	0.000000	150.008591	2.302585	115	0.178332	0.058972	0.000000	0.000000	0.000000	0.000000	0.000000	0.000000
310	3	1	146.857681	0.000000	146.857681	2.302585	115	0.257954	0.052235	0.000000	0.000000	0.000000	0.000000	0.000000	0.000000
450	1	1	148.194809	0.000000	148.194809	2.302585	115	0.213853	0.049307	0.000000	0.000000	0.000000	0.000000	0.000000	0.000000
460	5	1	163.535065	0.000000	163.535065	2.302585	115	0.200820	0.048367	0.000000	0.000000	0.000000	0.000000	0.000000	0.000000
330	2	1	168.141800	0.000000	168.141800	2.302585	115	0.146295	0.045703	0.000000	0.000000	0.000000	0.000000	0.000000	0.000000
330	4	1	140.754028	0.000000	140.754028	2.302585	115	0.368457	0.056851	0.000000	0.000000	0.000000	0.000000	0.000000	0.000000
320	3	1	142.756073	0.000000	142.756073	2.302585	115	0.283368	0.066073	0.000000	0.000000	0.000000	0.000000	0.000000	0.000000
460	1	1	151.164688	0.000000	151.164688	2.302585	115	0.228512	0.051844	0.000000	0.000000	0.000000	0.000000	0.000000	0.000000
470	5	1	168.004578	0.000000	168.004578	2.302585	115	0.194787	0.046460	0.000000	0.000000	0.000000	0.000000	0.000000	0.000000
340	4	1	141.544662	0.000000	141.544662	2.302585	115	0.366338	0.067761	0.000000	0.000000	0.000000	0.000000	0.000000	0.000000
340	2	1	168.947372	0.000000	168.947372	2.302585	115	0.148494	0.033303	0.000000	0.000000	0.000000	0.000000	0.000000	0.000000
330	3	1	142.708313	0.000000	142.708313	2.302585	115	0.283985	0.065597	0.000000	0.000000	0.000000	0.000000	0.000000	0.000000
470	1	1	153.849625	0.000000	153.849625	2.302585	115	0.223930	0.041439	0.000000	0.000000	0.000000	0.000000	0.000000	0.000000
480	5	1	168.100754	0.000000	168.100754	2.302585	115	0.204262	0.038215	0.000000	0.000000	0.000000	0.000000	0.000000	0.000000
350	4	1	136.385620	0.000000	136.385620	2.302585	115	0.410183	0.064460	0.000000	0.000000	0.000000	0.000000	0.000000	0.000000
340	3	1	142.758682	0.000000	142.758682	2.302585	115	0.283385	0.065160	0.000000	0.000000	0.000000	0.000000	0.000000	0.000000
350	2	1	170.436646	0.000000	170.436646	2.302585	115	0.148082	0.034325	0.000000	0.000000	0.000000	0.000000	0.000000	0.000000
480	1	1	155.460846	0.000000	155.460846	2.302585	115	0.217687	0.056252	0.000000	0.000000	0.000000	0.000000	0.000000	0.000000
490	5	1	169.888489	0.000000	169.888489	2.302585	115	0.201839	0.040146	0.000000	0.000000	0.000000	0.000000	0.000000	0.000000
350	3	1	142.480347	0.000000	142.480347	2.302585	115	0.283959	0.053978	0.000000	0.000000	0.000000	0.000000	0.000000	0.000000
360	4	1	135.332443	0.000000	135.332443	2.302585	115	0.411703	0.076234	0.000000	0.000000	0.000000	0.000000	0.000000	0.000000
360	2	1	168.732529	0.000000	168.732529	2.302585	115	0.150457	0.038859	0.000000	0.000000	0.000000	0.000000	0.000000	0.000000
490	1	1	157.637833	0.000000	157.637833	2.302585	115	0.217863	0.049370	0.000000	0.000000	0.000000	0.000000	0.000000	0.000000
500	5	1	173.242691	0.000000	173.242691	2.302585	115	0.200168	0.035642	0.000000	0.000000	0.000000	0.000000	0.000000	0.000000
360	3	1	140.729935	0.000000	140.729935	2.302585	115	0.285132	0.070717	0.000000	0.000000	0.000000	0.000000	0.000000	0.000000
370	4	1	134.978745	0.000000	134.978745	2.302585	115	0.412028	0.069410	0.000000	0.000000	0.000000	0.000000	0.000000	0.000000
370	2	1	168.552094	0.000000	168.552094	2.302585	115	0.148840	0.042551	0.000000	0.000000	0.000000	0.000000	0.000000	0.000000
500	1	1	157.842926	0.000000	157.842926	2.302585	115	0.216881	0.045485	0.000000	0.000000	0.000000	0.000000	0.000000	0.000000
510	5	1	175.860046	0.000000	175.860046	2.302585	115	0.196053	0.041214	0.000000	0.000000	0.000000	0.000000	0.000000	0.000000
370	3	1	140.824677	0.000000	140.824677	2.302585	115	0.285478	0.054214	0.000000	0.000000	0.000000	0.000000	0.000000	0.000000
510	1	1	159.416916	0.000000	159.416916	2.302585	115	0.208711	0.041539	0.000000	0.000000	0.000000	0.000000	0.000000	0.000000
380	4	1	134.882736	0.000000	134.882736	2.302585	115	0.413641	0.063953	0.000000	0.000000	0.000000	0.000000	0.000000	0.000000
380	2	1	173.323105	0.000000	173.323105	2.302585	115	0.149118	0.038584	0.000000	0.000000	0.000000	0.000000	0.000000	0.000000
520	5	1	175.605270	0.000000	175.605270	2.302585	115	0.197716	0.030161	0.000000	0.000000	0.000000	0.000000	0.000000	0.000000
520	1	1	156.913483	0.000000	156.913483	2.302585	115	0.211094	0.042581	0.000000	0.000000	0.000000	0.000000	0.000000	0.000000
390	2	1	172.443558	0.000000	172.443558	2.302585	115	0.149047	0.042029	0.000000	0.000000	0.000000	0.000000	0.000000	0.000000
390	4	1	134.433075	0.000000	134.433075	2.302585	115	0.413387	0.082634	0.000000	0.000000	0.000000	0.000000	0.000000	0.000000
380	3	1	141.709503	0.000000	141.709503	2.302585	115	0.284928	0.056638	0.000000	0.000000	0.000000	0.000000	0.000000	0.000000
530	5	1	172.106735	0.000000	172.106735	2.302585	115	0.202260	0.034762	0.000000	0.000000	0.000000	0.000000	0.000000	0.000000
530	1	1	154.936584	0.000000	154.936584	2.302585	115	0.211006	0.035468	0.000000	0.000000	0.000000	0.000000	0.000000	0.000000
400	2	1	169.973221	0.000000	169.973221	2.302585	115	0.151216	0.030475	0.000000	0.000000	0.000000	0.000000	0.000000	0.000000
400	4	1	135.400833	0.000000	135.400833	2.302585	115	0.410836	0.070853	0.000000	0.000000	0.000000	0.000000	0.000000	0.000000
390	3	1	142.049118	0.000000	142.049118	2.302585	115	0.284720	0.063469	0.000000	0.000000	0.000000	0.000000	0.000000	0.000000
540	5	1	171.698303	0.000000	171.698303	2.302585	115	0.201317	0.042801	0.000000	0.000000	0.000000	0.000000	0.000000	0.000000
410	2	1	169.754410	0.000000	169.754410	2.302585	115	0.149147	0.047747	0.000000	0.000000	0.000000	0.000000	0.000000	0.000000
540	1	1	154.794785	0.000000	154.794785	2.302585	115	0.201886	0.039858	0.000000	0.000000	0.000000	0.000000	0.000000	0.000000
410	4	1	136.728210	0.000000	136.728210	2.302585	115	0.404370	0.064863	0.000000	0.000000	0.000000	0.000000	0.000000	0.000000
400	3	1	144.100357	0.000000	144.100357	2.302585	115	0.281111	0.064293	0.000000	0.000000	0.000000	0.000000	0.000000	0.000000
550	5	1	170.344513	0.000000	170.344513	2.302585	115	0.205979	0.038439	0.000000	0.000000	0.000000	0.000000	0.000000	0.000000
550	1	1	156.093918	0.000000	156.093918	2.302585	115	0.201407	0.044880	0.000000	0.000000	0.000000	0.000000	0.000000	0.000000
420	2	1	167.267151	0.000000	167.267151	2.302585	115	0.149898	0.034918	0.000000	0.000000	0.000000	0.000000	0.000000	0.000000
420	4	1	133.902481	0.000000	133.902481	2.302585	115	0.411694	0.072684	0.000000	0.000000	0.000000	0.000000	0.000000	0.000000
410	3	1	147.569504	0.000000	147.569504	2.302585	115	0.268163	0.042820	0.000000	0.000000	0.000000	0.000000	0.000000	0.000000
560	5	1	163.041519	0.000000	163.041519	2.302585	115	0.227352	0.035091	0.000000	0.000000	0.000000	0.000000	0.000000	0.000000
560	1	1	157.791245	0.000000	157.791245	2.302585	115	0.199628	0.048674	0.000000	0.000000	0.000000	0.000000	0.000000	0.000000
430	4	1	125.820221	0.000000	125.820221	2.302585	115	0.442051	0.072380	0.000000	0.000000	0.000000	0.000000	0.000000	0.000000
430	2	1	171.580032	0.000000	171.580032	2.302585	115	0.150878	0.037416	0.000000	0.000000	0.000000	0.000000	0.000000	0.000000
420	3	1	153.988419	0.000000	153.988419	2.302585	115	0.245023	0.054008	0.000000	0.000000	0.000000	0.000000	0.000000	0.000000
570	5	1	166.012558	0.000000	166.012558	2.302585	115	0.207095	0.041232	0.000000	0.000000	0.000000	0.000000	0.000000	0.000000
570	1	1	154.484070	0.000000	154.484070	2.302585	115	0.197555	0.054303	0.000000	0.000000	0.000000	0.000000	0.000000	0.000000
440	2	1	168.190079	0.000000	168.190079	2.302585	115	0.148941	0.051973	0.000000	0.000000	0.000000	0.000000	0.000000	0.000000
440	4	1	127.375549	0.000000	127.375549	2.302585	115	0.437817	0.066403	0.000000	0.000000	0.000000	0.000000	0.000000	0.000000
580	5	1	164.463623	0.000000	164.463623	2.302585	115	0.209073	0.047530	0.000000	0.000000	0.000000	0.000000	0.000000	0.000000
430	3	1	148.393570	0.000000	148.393570	2.302585	115	0.262135	0.064775	0.000000	0.000000	0.000000	0.000000	0.000000	0.000000
580	1	1	152.512466	0.000000	152.512466	2.302585	115	0.195874	0.036056	0.000000	0.000000	0.000000	0.000000	0.000000	0.000000
450	4	1	122.254074	0.000000	122.254074	2.302585	115	0.471676	0.095614	0.000000	0.000000	0.000000	0.000000	0.000000	0.000000
450	2	1	170.890106	0.000000	170.890106	2.302585	115	0.159980	0.038925	0.000000	0.000000	0.000000	0.000000	0.000000	0.000000
590	5	1	163.884720	0.000000	163.884720	2.302585	115	0.208035	0.047823	0.000000	0.000000	0.000000	0.000000	0.000000	0.000000
440	3	1	149.220642	0.000000	149.220642	2.302585	115	0.264853	0.052357	0.000000	0.000000	0.000000	0.000000	0.000000	0.000000
590	1	1	152.292770	0.000000	152.292770	2.302585	115	0.203675	0.063860	0.000000	0.000000	0.000000	0.000000	0.000000	0.000000
460	4	1	119.321205	0.000000	119.321205	2.302585	115	0.472810	0.081196	0.000000	0.000000	0.000000	0.000000	0.000000	0.000000
600	5	1	164.676071	0.000000	164.676071	2.302585	115	0.211379	0.041028	0.000000	0.000000	0.000000	0.000000	0.000000	0.000000
460	2	1	168.701004	0.000000	168.701004	2.302585	115	0.157957	0.038843	0.000000	0.000000	0.000000	0.000000	0.000000	0.000000
450	3	1	149.100082	0.000000	149.100082	2.302585	115	0.293588	0.059063	0.000000	0.000000	0.000000	0.000000	0.000000	0.000000
600	1	1	148.409729	0.000000	148.409729	2.302585	115	0.223402	0.059977	0.000000	0.000000	0.000000	0.000000	0.000000	0.000000
470	4	1	118.093506	0.000000	118.093506	2.302585	115	0.510512	0.085339	0.000000	0.000000	0.000000	0.000000	0.000000	0.000000
610	5	1	164.118057	0.000000	164.118057	2.302585	115	0.212941	0.041164	0.000000	0.000000	0.000000	0.000000	0.000000	0.000000
470	2	1	171.114410	0.000000	171.114410	2.302585	115	0.156560	0.035383	0.000000	0.000000	0.000000	0.000000	0.000000	0.000000
460	3	1	154.508362	0.000000	154.508362	2.302585	115	0.282163	0.048578	0.000000	0.000000	0.000000	0.000000	0.000000	0.000000
610	1	1	146.040527	0.000000	146.040527	2.302585	115	0.226570	0.055942	0.000000	0.000000	0.000000	0.000000	0.000000	0.000000
620	5	1	163.685837	0.000000	163.685837	2.302585	115	0.215571	0.043308	0.000000	0.000000	0.000000	0.000000	0.000000	0.000000
480	4	1	113.421501	0.000000	113.421501	2.302585	115	0.409793	0.099601	0.000000	0.000000	0.000000	0.000000	0.000000	0.000000
480	2	1	170.416031	0.000000	170.416031	2.302585	115	0.157258	0.034646	0.000000	0.000000	0.000000	0.000000	0.000000	0.000000
470	3	1	149.071671	0.000000	149.071671	2.302585	115	0.289119	0.055225	0.000000	0.000000	0.000000	0.000000	0.000000	0.000000
620	1	1	148.104477	0.000000	148.104477	2.302585	115	0.222520	0.053233	0.000000	0.000000	0.000000	0.000000	0.000000	0.000000
630	5	1	161.677383	0.000000	161.677383	2.302585	115	0.207490	0.047349	0.000000	0.000000	0.000000	0.000000	0.000000	0.000000
490	4	1	114.038376	0.000000	114.038376	2.302585	115	0.387725	0.094770	0.000000	0.000000	0.000000	0.000000	0.000000	0.000000
490	2	1	170.236435	0.000000	170.236435	2.302585	115	0.158166	0.030691	0.000000	0.000000	0.000000	0.000000	0.000000	0.000000
480	3	1	143.065079	0.000000	143.065079	2.302585	115	0.311899	0.068504	0.000000	0.000000	0.000000	0.000000	0.000000	0.000000
630	1	1	149.595764	0.000000	149.595764	2.302585	115	0.216181	0.057471	0.000000	0.000000	0.000000	0.000000	0.000000	0.000000
640	5	1	161.719055	0.000000	161.719055	2.302585	115	0.204832	0.042706	0.000000	0.000000	0.000000	0.000000	0.000000	0.000000
500	4	1	114.335106	0.000000	114.335106	2.302585	115	0.371611	0.089490	0.000000	0.000000	0.000000	0.000000	0.000000	0.000000
490	3	1	141.753052	0.000000	141.753052	2.302585	115	0.336800	0.078687	0.000000	0.000000	0.000000	0.000000	0.000000	0.000000
500	2	1	170.290817	0.000000	170.290817	2.302585	115	0.141097	0.047330	0.000000	0.000000	0.000000	0.000000	0.000000	0.000000
640	1	1	150.200226	0.000000	150.200226	2.302585	115	0.208623	0.046513	0.000000	0.000000	0.000000	0.000000	0.000000	0.000000
650	5	1	166.105667	0.000000	166.105667	2.302585	115	0.202465	0.034470	0.000000	0.000000	0.000000	0.000000	0.000000	0.000000
510	4	1	117.490318	0.000000	117.490318	2.302585	115	0.378062	0.089108	0.000000	0.000000	0.000000	0.000000	0.000000	0.000000
510	2	1	177.336411	0.000000	177.336411	2.302585	115	0.123824	0.031440	0.000000	0.000000	0.000000	0.000000	0.000000	0.000000
500	3	1	140.834793	0.000000	140.834793	2.302585	115	0.311136	0.058327	0.000000	0.000000	0.000000	0.000000	0.000000	0.000000
650	1	1	151.161026	0.000000	151.161026	2.302585	115	0.209408	0.049113	0.000000	0.000000	0.000000	0.000000	0.000000	0.000000
660	5	1	159.889420	0.000000	159.889420	2.302585	115	0.180981	0.044448	0.000000	0.000000	0.000000	0.000000	0.000000	0.000000
520	2	1	182.786148	0.000000	182.786148	2.302585	115	0.115471	0.033586	0.000000	0.000000	0.000000	0.000000	0.000000	0.000000
510	3	1	139.665268	0.000000	139.665268	2.302585	115	0.220303	0.059120	0.000000	0.000000	0.000000	0.000000	0.000000	0.000000
520	4	1	119.160034	0.000000	119.160034	2.302585	115	0.353852	0.082093	0.000000	0.000000	0.000000	0.000000	0.000000	0.000000
660	1	1	150.595612	0.000000	150.595612	2.302585	115	0.209854	0.061974	0.000000	0.000000	0.000000	0.000000	0.000000	0.000000
670	5	1	156.830872	0.000000	156.830872	2.302585	115	0.181668	0.047972	0.000000	0.000000	0.000000	0.000000	0.000000	0.000000
520	3	1	146.402878	0.000000	146.402878	2.302585	115	0.210127	0.052913	0.000000	0.000000	0.000000	0.000000	0.000000	0.000000
530	4	1	119.896904	0.000000	119.896904	2.302585	115	0.352357	0.096902	0.000000	0.000000	0.000000	0.000000	0.000000	0.000000
530	2	1	184.766373	0.000000	184.766373	2.302585	115	0.116865	0.025630	0.000000	0.000000	0.000000	0.000000	0.000000	0.000000
680	5	1	155.903793	0.000000	155.903793	2.302585	115	0.182121	0.052169	0.000000	0.000000	0.000000	0.000000	0.000000	0.000000
670	1	1	153.064545	0.000000	153.064545	2.302585	115	0.181367	0.059392	0.000000	0.000000	0.000000	0.000000	0.000000	0.000000
530	3	1	143.403610	0.000000	143.403610	2.302585	115	0.208895	0.047765	0.000000	0.000000	0.000000	0.000000	0.000000	0.000000
540	4	1	117.798752	0.000000	117.798752	2.302585	115	0.398129	0.086229	0.000000	0.000000	0.000000	0.000000	0.000000	0.000000
540	2	1	178.662384	0.000000	178.662384	2.302585	115	0.123274	0.036199	0.000000	0.000000	0.000000	0.000000	0.000000	0.000000
690	5	1	151.849686	0.000000	151.849686	2.302585	115	0.186856	0.056532	0.000000	0.000000	0.000000	0.000000	0.000000	0.000000
680	1	1	149.900146	0.000000	149.900146	2.302585	115	0.184505	0.050764	0.000000	0.000000	0.000000	0.000000	0.000000	0.000000
540	3	1	145.534561	0.000000	145.534561	2.302585	115	0.208496	0.061306	0.000000	0.000000	0.000000	0.000000	0.000000	0.000000
550	2	1	175.676804	0.000000	175.676804	2.302585	115	0.125205	0.033773	0.000000	0.000000	0.000000	0.000000	0.000000	0.000000
700	5	1	151.249527	0.000000	151.249527	2.302585	115	0.197268	0.051801	0.000000	0.000000	0.000000	0.000000	0.000000	0.000000
550	4	1	114.457436	0.000000	114.457436	2.302585	115	0.401003	0.080121	0.000000	0.000000	0.000000	0.000000	0.000000	0.000000
690	1	1	151.379044	0.000000	151.379044	2.302585	115	0.171493	0.048708	0.000000	0.000000	0.000000	0.000000	0.000000	0.000000
560	2	1	178.247070	0.000000	178.247070	2.302585	115	0.127761	0.035042	0.000000	0.000000	0.000000	0.000000	0.000000	0.000000
550	3	1	145.891525	0.000000	145.891525	2.302585	115	0.207641	0.055983	0.000000	0.000000	0.000000	0.000000	0.000000	0.000000
710	5	1	156.973785	0.000000	156.973785	2.302585	115	0.190885	0.046329	0.000000	0.000000	0.000000	0.000000	0.000000	0.000000
560	4	1	113.532066	0.000000	113.532066	2.302585	115	0.404260	0.094940	0.000000	0.000000	0.000000	0.000000	0.000000	0.000000
700	1	1	158.012085	0.000000	158.012085	2.302585	115	0.159907	0.044153	0.000000	0.000000	0.000000	0.000000	0.000000	0.000000
560	3	1	145.390945	0.000000	145.390945	2.302585	115	0.208930	0.049931	0.000000	0.000000	0.000000	0.000000	0.000000	0.000000
570	2	1	171.828293	0.000000	171.828293	2.302585	115	0.136123	0.030299	0.000000	0.000000	0.000000	0.000000	0.000000	0.000000
720	5	1	155.037857	0.000000	155.037857	2.302585	115	0.244315	0.054175	0.000000	0.000000	0.000000	0.000000	0.000000	0.000000
570	4	1	112.713463	0.000000	112.713463	2.302585	115	0.408003	0.094564	0.000000	0.000000	0.000000	0.000000	0.000000	0.000000
710	1	1	160.413574	0.000000	160.413574	2.302585	115	0.155452	0.042726	0.000000	0.000000	0.000000	0.000000	0.000000	0.000000
570	3	1	143.693497	0.000000	143.693497	2.302585	115	0.230799	0.054982	0.000000	0.000000	0.000000	0.000000	0.000000	0.000000
730	5	1	155.694748	0.000000	155.694748	2.302585	115	0.235255	0.057755	0.000000	0.000000	0.000000	0.000000	0.000000	0.000000
580	2	1	169.987564	0.000000	169.987564	2.302585	115	0.136913	0.042762	0.000000	0.000000	0.000000	0.000000	0.000000	0.000000
580	4	1	112.459137	0.000000	112.459137	2.302585	115	0.407942	0.084588	0.000000	0.000000	0.000000	0.000000	0.000000	0.000000
720	1	1	160.137878	0.000000	160.137878	2.302585	115	0.155257	0.047238	0.000000	0.000000	0.000000	0.000000	0.000000	0.000000
740	5	1	160.175873	0.000000	160.175873	2.302585	115	0.234885	0.047242	0.000000	0.000000	0.000000	0.000000	0.000000	0.000000
590	2	1	172.256943	0.000000	172.256943	2.302585	115	0.113247	0.031894	0.000000	0.000000	0.000000	0.000000	0.000000	0.000000
580	3	1	140.638275	0.000000	140.638275	2.302585	115	0.235015	0.046564	0.000000	0.000000	0.000000	0.000000	0.000000	0.000000
590	4	1	111.645264	0.000000	111.645264	2.302585	115	0.393801	0.081346	0.000000	0.000000	0.000000	0.000000	0.000000	0.000000
730	1	1	158.012054	0.000000	158.012054	2.302585	115	0.157610	0.039990	0.000000	0.000000	0.000000	0.000000	0.000000	0.000000
600	2	1	171.436523	0.000000	171.436523	2.302585	115	0.121703	0.038584	0.000000	0.000000	0.000000	0.000000	0.000000	0.000000
750	5	1	156.275497	0.000000	156.275497	2.302585	115	0.238968	0.055964	0.000000	0.000000	0.000000	0.000000	0.000000	0.000000
590	3	1	142.634827	0.000000	142.634827	2.302585	115	0.235020	0.062650	0.000000	0.000000	0.000000	0.000000	0.000000	0.000000
600	4	1	116.703476	0.000000	116.703476	2.302585	115	0.426470	0.094552	0.000000	0.000000	0.000000	0.000000	0.000000	0.000000
740	1	1	159.096436	0.000000	159.096436	2.302585	115	0.133047	0.043063	0.000000	0.000000	0.000000	0.000000	0.000000	0.000000
610	2	1	171.136169	0.000000	171.136169	2.302585	115	0.119816	0.040103	0.000000	0.000000	0.000000	0.000000	0.000000	0.000000
600	3	1	136.339554	0.000000	136.339554	2.302585	115	0.352036	0.057987	0.000000	0.000000	0.000000	0.000000	0.000000	0.000000
760	5	1	154.891098	0.000000	154.891098	2.302585	115	0.244658	0.058453	0.000000	0.000000	0.000000	0.000000	0.000000	0.000000
610	4	1	117.512352	0.000000	117.512352	2.302585	115	0.422282	0.097820	0.000000	0.000000	0.000000	0.000000	0.000000	0.000000
750	1	1	159.923203	0.000000	159.923203	2.302585	115	0.133601	0.048175	0.000000	0.000000	0.000000	0.000000	0.000000	0.000000
770	5	1	149.611496	0.000000	149.611496	2.302585	115	0.250416	0.068760	0.000000	0.000000	0.000000	0.000000	0.000000	0.000000
620	2	1	159.258484	0.000000	159.258484	2.302585	115	0.240044	0.035938	0.000000	0.000000	0.000000	0.000000	0.000000	0.000000
610	3	1	140.322617	0.000000	140.322617	2.302585	115	0.337282	0.064689	0.000000	0.000000	0.000000	0.000000	0.000000	0.000000
760	1	1	161.193497	0.000000	161.193497	2.302585	115	0.135160	0.038768	0.000000	0.000000	0.000000	0.000000	0.000000	0.000000
620	4	1	119.197922	0.000000	119.197922	2.302585	115	0.406905	0.082753	0.000000	0.000000	0.000000	0.000000	0.000000	0.000000
630	2	1	159.693314	0.000000	159.693314	2.302585	115	0.241435	0.043299	0.000000	0.000000	0.000000	0.000000	0.000000	0.000000
620	3	1	137.665039	0.000000	137.665039	2.302585	115	0.340464	0.075502	0.000000	0.000000	0.000000	0.000000	0.000000	0.000000
780	5	1	146.834732	0.000000	146.834732	2.302585	115	0.252554	0.079957	0.000000	0.000000	0.000000	0.000000	0.000000	0.000000
770	1	1	160.419998	0.000000	160.419998	2.302585	115	0.133500	0.048364	0.000000	0.000000	0.000000	0.000000	0.000000	0.000000
630	4	1	117.954391	0.000000	117.954391	2.302585	115	0.353162	0.099834	0.000000	0.000000	0.000000	0.000000	0.000000	0.000000
640	2	1	160.772064	0.000000	160.772064	2.302585	115	0.240020	0.050177	0.000000	0.000000	0.000000	0.000000	0.000000	0.000000
630	3	1	133.728256	0.000000	133.728256	2.302585	115	0.347281	0.067744	0.000000	0.000000	0.000000	0.000000	0.000000	0.000000
790	5	1	149.224457	0.000000	149.224457	2.302585	115	0.257447	0.056904	0.000000	0.000000	0.000000	0.000000	0.000000	0.000000
780	1	1	165.300079	0.000000	165.300079	2.302585	115	0.125967	0.038322	0.000000	0.000000	0.000000	0.000000	0.000000	0.000000
640	4	1	116.462532	0.000000	116.462532	2.302585	115	0.360507	0.074897	0.000000	0.000000	0.000000	0.000000	0.000000	0.000000
640	3	1	131.747757	0.000000	131.747757	2.302585	115	0.349029	0.085324	0.000000	0.000000	0.000000	0.000000	0.000000	0.000000
650	2	1	162.260300	0.000000	162.260300	2.302585	115	0.199742	0.050862	0.000000	0.000000	0.000000	0.000000	0.000000	0.000000
800	5	1	153.883865	0.000000	153.883865	2.302585	115	0.247961	0.047768	0.000000	0.000000	0.000000	0.000000	0.000000	0.000000
790	1	1	163.053543	0.000000	163.053543	2.302585	115	0.127643	0.040610	0.000000	0.000000	0.000000	0.000000	0.000000	0.000000
650	3	1	134.646393	0.000000	134.646393	2.302585	115	0.343396	0.056719	0.000000	0.000000	0.000000	0.000000	0.000000	0.000000
650	4	1	114.135864	0.000000	114.135864	2.302585	115	0.362165	0.089076	0.000000	0.000000	0.000000	0.000000	0.000000	0.000000
810	5	1	153.810196	0.000000	153.810196	2.302585	115	0.253627	0.046858	0.000000	0.000000	0.000000	0.000000	0.000000	0.000000
660	2	1	158.371445	0.000000	158.371445	2.302585	115	0.198168	0.056639	0.000000	0.000000	0.000000	0.000000	0.000000	0.000000
800	1	1	164.031296	0.000000	164.031296	2.302585	115	0.143227	0.043472	0.000000	0.000000	0.000000	0.000000	0.000000	0.000000
660	3	1	136.063416	0.000000	136.063416	2.302585	115	0.349141	0.070034	0.000000	0.000000	0.000000	0.000000	0.000000	0.000000
660	4	1	118.778839	0.000000	118.778839	2.302585	115	0.363116	0.074211	0.000000	0.000000	0.000000	0.000000	0.000000	0.000000
820	5	1	150.498260	0.000000	150.498260	2.302585	115	0.254785	0.050039	0.000000	0.000000	0.000000	0.000000	0.000000	0.000000
670	2	1	164.813339	0.000000	164.813339	2.302585	115	0.185875	0.045552	0.000000	0.000000	0.000000	0.000000	0.000000	0.000000
810	1	1	166.779892	0.000000	166.779892	2.302585	115	0.141534	0.040453	0.000000	0.000000	0.000000	0.000000	0.000000	0.000000
670	3	1	134.736694	0.000000	134.736694	2.302585	115	0.352835	0.066425	0.000000	0.000000	0.000000	0.000000	0.000000	0.000000
670	4	1	116.353989	0.000000	116.353989	2.302585	115	0.365988	0.088536	0.000000	0.000000	0.000000	0.000000	0.000000	0.000000
830	5	1	145.693130	0.000000	145.693130	2.302585	115	0.274382	0.054717	0.000000	0.000000	0.000000	0.000000	0.000000	0.000000
680	2	1	164.516571	0.000000	164.516571	2.302585	115	0.189857	0.045451	0.000000	0.000000	0.000000	0.000000	0.000000	0.000000
820	1	1	166.247971	0.000000	166.247971	2.302585	115	0.140065	0.040817	0.000000	0.000000	0.000000	0.000000	0.000000	0.000000
680	3	1	118.504547	0.000000	118.504547	2.302585	115	0.433470	0.089104	0.000000	0.000000	0.000000	0.000000	0.000000	0.000000
680	4	1	119.608894	0.000000	119.608894	2.302585	115	0.360462	0.081283	0.000000	0.000000	0.000000	0.000000	0.000000	0.000000
840	5	1	146.697693	0.000000	146.697693	2.302585	115	0.263634	0.052533	0.000000	0.000000	0.000000	0.000000	0.000000	0.000000
690	2	1	164.180786	0.000000	164.180786	2.302585	115	0.187975	0.044372	0.000000	0.000000	0.000000	0.000000	0.000000	0.000000
830	1	1	167.818100	0.000000	167.818100	2.302585	115	0.159813	0.038501	0.000000	0.000000	0.000000	0.000000	0.000000	0.000000
690	3	1	120.384132	0.000000	120.384132	2.302585	115	0.435554	0.088747	0.000000	0.000000	0.000000	0.000000	0.000000	0.000000
850	5	1	144.754959	0.000000	144.754959	2.302585	115	0.270046	0.068985	0.000000	0.000000	0.000000	0.000000	0.000000	0.000000
690	4	1	118.990479	0.000000	118.990479	2.302585	115	0.362241	0.081603	0.000000	0.000000	0.000000	0.000000	0.000000	0.000000
700	2	1	162.557541	0.000000	162.557541	2.302585	115	0.188449	0.049774	0.000000	0.000000	0.000000	0.000000	0.000000	0.000000
840	1	1	164.909821	0.000000	164.909821	2.302585	115	0.159388	0.039793	0.000000	0.000000	0.000000	0.000000	0.000000	0.000000
700	3	1	116.674881	0.000000	116.674881	2.302585	115	0.442005	0.090051	0.000000	0.000000	0.000000	0.000000	0.000000	0.000000
860	5	1	143.502975	0.000000	143.502975	2.302585	115	0.297540	0.068834	0.000000	0.000000	0.000000	0.000000	0.000000	0.000000
700	4	1	117.032127	0.000000	117.032127	2.302585	115	0.362594	0.081196	0.000000	0.000000	0.000000	0.000000	0.000000	0.000000
850	1	1	164.796127	0.000000	164.796127	2.302585	115	0.157472	0.032538	0.000000	0.000000	0.000000	0.000000	0.000000	0.000000
710	2	1	159.517105	0.000000	159.517105	2.302585	115	0.192525	0.040658	0.000000	0.000000	0.000000	0.000000	0.000000	0.000000
710	3	1	120.758415	0.000000	120.758415	2.302585	115	0.424265	0.074734	0.000000	0.000000	0.000000	0.000000	0.000000	0.000000
870	5	1	143.185089	0.000000	143.185089	2.302585	115	0.298715	0.055721	0.000000	0.000000	0.000000	0.000000	0.000000	0.000000
720	2	1	157.105942	0.000000	157.105942	2.302585	115	0.205582	0.050150	0.000000	0.000000	0.000000	0.000000	0.000000	0.000000
860	1	1	160.978531	0.000000	160.978531	2.302585	115	0.163771	0.052723	0.000000	0.000000	0.000000	0.000000	0.000000	0.000000
710	4	1	116.425423	0.000000	116.425423	2.302585	115	0.364747	0.098560	0.000000	0.000000	0.000000	0.000000	0.000000	0.000000
720	3	1	120.021095	0.000000	120.021095	2.302585	115	0.424775	0.089831	0.000000	0.000000	0.000000	0.000000	0.000000	0.000000
880	5	1	138.177231	0.000000	138.177231	2.302585	115	0.309655	0.054925	0.000000	0.000000	0.000000	0.000000	0.000000	0.000000
870	1	1	162.645004	0.000000	162.645004	2.302585	115	0.161523	0.045174	0.000000	0.000000	0.000000	0.000000	0.000000	0.000000
730	2	1	155.835785	0.000000	155.835785	2.302585	115	0.181809	0.044699	0.000000	0.000000	0.000000	0.000000	0.000000	0.000000
720	4	1	115.285728	0.000000	115.285728	2.302585	115	0.363942	0.087866	0.000000	0.000000	0.000000	0.000000	0.000000	0.000000
730	3	1	118.956886	0.000000	118.956886	2.302585	115	0.486101	0.079877	0.000000	0.000000	0.000000	0.000000	0.000000	0.000000
890	5	1	133.782898	0.000000	133.782898	2.302585	115	0.317364	0.059854	0.000000	0.000000	0.000000	0.000000	0.000000	0.000000
880	1	1	163.048416	0.000000	163.048416	2.302585	115	0.161582	0.049136	0.000000	0.000000	0.000000	0.000000	0.000000	0.000000
740	2	1	157.075043	0.000000	157.075043	2.302585	115	0.175691	0.047039	0.000000	0.000000	0.000000	0.000000	0.000000	0.000000
730	4	1	112.766121	0.000000	112.766121	2.302585	115	0.375873	0.078297	0.000000	0.000000	0.000000	0.000000	0.000000	0.000000
740	3	1	119.288620	0.000000	119.288620	2.302585	115	0.478031	0.085065	0.000000	0.000000	0.000000	0.000000	0.000000	0.000000
900	5	1	138.170044	0.000000	138.170044	2.302585	115	0.317505	0.073747	0.000000	0.000000	0.000000	0.000000	0.000000	0.000000
890	1	1	161.603500	0.000000	161.603500	2.302585	115	0.165835	0.054897	0.000000	0.000000	0.000000	0.000000	0.000000	0.000000
750	2	1	159.223755	0.000000	159.223755	2.302585	115	0.176264	0.049610	0.000000	0.000000	0.000000	0.000000	0.000000	0.000000
740	4	1	114.221756	0.000000	114.221756	2.302585	115	0.373940	0.087163	0.000000	0.000000	0.000000	0.000000	0.000000	0.000000
750	3	1	120.430969	0.000000	120.430969	2.302585	115	0.477426	0.092646	0.000000	0.000000	0.000000	0.000000	0.000000	0.000000
910	5	1	132.149323	0.000000	132.149323	2.302585	115	0.317539	0.098387	0.000000	0.000000	0.000000	0.000000	0.000000	0.000000
760	2	1	154.909897	0.000000	154.909897	2.302585	115	0.178844	0.054512	0.000000	0.000000	0.000000	0.000000	0.000000	0.000000
900	1	1	160.333176	0.000000	160.333176	2.302585	115	0.172298	0.049492	0.000000	0.000000	0.000000	0.000000	0.000000	0.000000
750	4	1	111.837082	0.000000	111.837082	2.302585	115	0.362650	0.078464	0.000000	0.000000	0.000000	0.000000	0.000000	0.000000
760	3	1	118.693924	0.000000	118.693924	2.302585	115	0.477426	0.073497	0.000000	0.000000	0.000000	0.000000	0.000000	0.000000
920	5	1	134.299683	0.000000	134.299683	2.302585	115	0.326811	0.064347	0.000000	0.000000	0.000000	0.000000	0.000000	0.000000
910	1	1	167.203415	0.000000	167.203415	2.302585	115	0.159099	0.038594	0.000000	0.000000	0.000000	0.000000	0.000000	0.000000
770	2	1	153.230392	0.000000	153.230392	2.302585	115	0.181616	0.050191	0.000000	0.000000	0.000000	0.000000	0.000000	0.000000
770	3	1	119.015747	0.000000	119.015747	2.302585	115	0.477687	0.078273	0.000000	0.000000	0.000000	0.000000	0.000000	0.000000
760	4	1	116.050064	0.000000	116.050064	2.302585	115	0.358822	0.087549	0.000000	0.000000	0.000000	0.000000	0.000000	0.000000
930	5	1	134.905960	0.000000	134.905960	2.302585	115	0.298161	0.075736	0.000000	0.000000	0.000000	0.000000	0.000000	0.000000
920	1	1	162.906586	0.000000	162.906586	2.302585	115	0.168025	0.042875	0.000000	0.000000	0.000000	0.000000	0.000000	0.000000
780	2	1	154.006027	0.000000	154.006027	2.302585	115	0.179444	0.057743	0.000000	0.000000	0.000000	0.000000	0.000000	0.000000
780	3	1	116.764496	0.000000	116.764496	2.302585	115	0.498944	0.093889	0.000000	0.000000	0.000000	0.000000	0.000000	0.000000
770	4	1	115.350739	0.000000	115.350739	2.302585	115	0.390475	0.098523	0.000000	0.000000	0.000000	0.000000	0.000000	0.000000
940	5	1	136.913681	0.000000	136.913681	2.302585	115	0.299484	0.065763	0.000000	0.000000	0.000000	0.000000	0.000000	0.000000
930	1	1	157.207153	0.000000	157.207153	2.302585	115	0.169060	0.068118	0.000000	0.000000	0.000000	0.000000	0.000000	0.000000
790	2	1	156.297928	0.000000	156.297928	2.302585	115	0.153906	0.040674	0.000000	0.000000	0.000000	0.000000	0.000000	0.000000
790	3	1	115.761658	0.000000	115.761658	2.302585	115	0.496765	0.077928	0.000000	0.000000	0.000000	0.000000	0.000000	0.000000
950	5	1	136.540924	0.000000	136.540924	2.302585	115	0.289152	0.084429	0.000000	0.000000	0.000000	0.000000	0.000000	0.000000
780	4	1	117.504395	0.000000	117.504395	2.302585	115	0.384518	0.095546	0.000000	0.000000	0.000000	0.000000	0.000000	0.000000
940	1	1	165.278503	0.000000	165.278503	2.302585	115	0.166243	0.041219	0.000000	0.000000	0.000000	0.000000	0.000000	0.000000
800	2	1	148.528214	0.000000	148.528214	2.302585	115	0.203286	0.048173	0.000000	0.000000	0.000000	0.000000	0.000000	0.000000
800	3	1	124.949364	0.000000	124.949364	2.302585	115	0.467865	0.073729	0.000000	0.000000	0.000000	0.000000	0.000000	0.000000
960	5	1	141.585571	0.000000	141.585571	2.302585	115	0.273610	0.063560	0.000000	0.000000	0.000000	0.000000	0.000000	0.000000
790	4	1	119.792023	0.000000	119.792023	2.302585	115	0.381114	0.087297	0.000000	0.000000	0.000000	0.000000	0.000000	0.000000
950	1	1	163.369858	0.000000	163.369858	2.302585	115	0.196812	0.054307	0.000000	0.000000	0.000000	0.000000	0.000000	0.000000
810	2	1	149.327133	0.000000	149.327133	2.302585	115	0.195903	0.059839	0.000000	0.000000	0.000000	0.000000	0.000000	0.000000
810	3	1	123.443832	0.000000	123.443832	2.302585	115	0.472109	0.084747	0.000000	0.000000	0.000000	0.000000	0.000000	0.000000
970	5	1	140.738281	0.000000	140.738281	2.302585	115	0.275793	0.069646	0.000000	0.000000	0.000000	0.000000	0.000000	0.000000
800	4	1	122.130157	0.000000	122.130157	2.302585	115	0.368606	0.089404	0.000000	0.000000	0.000000	0.000000	0.000000	0.000000
960	1	1	162.358856	0.000000	162.358856	2.302585	115	0.191377	0.052375	0.000000	0.000000	0.000000	0.000000	0.000000	0.000000
820	2	1	147.568420	0.000000	147.568420	2.302585	115	0.204098	0.058032	0.000000	0.000000	0.000000	0.000000	0.000000	0.000000
980	5	1	142.722382	0.000000	142.722382	2.302585	115	0.304351	0.066227	0.000000	0.000000	0.000000	0.000000	0.000000	0.000000
820	3	1	123.626915	0.000000	123.626915	2.302585	115	0.472966	0.087104	0.000000	0.000000	0.000000	0.000000	0.000000	0.000000
810	4	1	123.017532	0.000000	123.017532	2.302585	115	0.351322	0.094307	0.000000	0.000000	0.000000	0.000000	0.000000	0.000000
970	1	1	164.908752	0.000000	164.908752	2.302585	115	0.187344	0.049438	0.000000	0.000000	0.000000	0.000000	0.000000	0.000000
830	2	1	146.133896	0.000000	146.133896	2.302585	115	0.210089	0.056130	0.000000	0.000000	0.000000	0.000000	0.000000	0.000000
990	5	1	141.758133	0.000000	141.758133	2.302585	115	0.304538	0.061772	0.000000	0.000000	0.000000	0.000000	0.000000	0.000000
830	3	1	117.542397	0.000000	117.542397	2.302585	115	0.486992	0.093585	0.000000	0.000000	0.000000	0.000000	0.000000	0.000000
820	4	1	123.927162	0.000000	123.927162	2.302585	115	0.350501	0.079613	0.000000	0.000000	0.000000	0.000000	0.000000	0.000000
980	1	1	165.767334	0.000000	165.767334	2.302585	115	0.189760	0.041400	0.000000	0.000000	0.000000	0.000000	0.000000	0.000000
840	2	1	151.356201	0.000000	151.356201	2.302585	115	0.193855	0.057581	0.000000	0.000000	0.000000	0.000000	0.000000	0.000000
1000	5	1	142.214569	0.000000	142.214569	2.302585	115	0.303487	0.071597	0.000000	0.000000	0.000000	0.000000	0.000000	0.000000
990	1	1	164.171555	0.000000	164.171555	2.302585	115	0.190704	0.039223	0.000000	0.000000	0.000000	0.000000	0.000000	0.000000
840	3	1	116.828758	0.000000	116.828758	2.302585	115	0.481852	0.067178	0.000000	0.000000	0.000000	0.000000	0.000000	0.000000
830	4	1	121.726189	0.000000	121.726189	2.302585	115	0.353412	0.098541	0.000000	0.000000	0.000000	0.000000	0.000000	0.000000
850	2	1	149.424622	0.000000	149.424622	2.302585	115	0.196300	0.050568	0.000000	0.000000	0.000000	0.000000	0.000000	0.000000
1010	5	1	143.890884	0.000000	143.890884	2.302585	115	0.287293	0.058767	0.000000	0.000000	0.000000	0.000000	0.000000	0.000000
850	3	1	118.382668	0.000000	118.382668	2.302585	115	0.466872	0.098261	0.000000	0.000000	0.000000	0.000000	0.000000	0.000000
1000	1	1	163.337997	0.000000	163.337997	2.302585	115	0.185582	0.043048	0.000000	0.000000	0.000000	0.000000	0.000000	0.000000
840	4	1	127.159714	0.000000	127.159714	2.302585	115	0.345741	0.076065	0.000000	0.000000	0.000000	0.000000	0.000000	0.000000
860	2	1	150.133026	0.000000	150.133026	2.302585	115	0.195432	0.054630	0.000000	0.000000	0.000000	0.000000	0.000000	0.000000
1020	5	1	143.283234	0.000000	143.283234	2.302585	115	0.292679	0.054026	0.000000	0.000000	0.000000	0.000000	0.000000	0.000000
1010	1	1	164.602798	0.000000	164.602798	2.302585	115	0.175341	0.040516	0.000000	0.000000	0.000000	0.000000	0.000000	0.000000
860	3	1	122.911469	0.000000	122.911469	2.302585	115	0.390393	0.077297	0.000000	0.000000	0.000000	0.000000	0.000000	0.000000
870	2	1	155.744629	0.000000	155.744629	2.302585	115	0.186616	0.044208	0.000000	0.000000	0.000000	0.000000	0.000000	0.000000
850	4	1	124.786232	0.000000	124.786232	2.302585	115	0.345685	0.075358	0.000000	0.000000	0.000000	0.000000	0.000000	0.000000
1030	5	1	144.374069	0.000000	144.374069	2.302585	115	0.285930	0.065661	0.000000	0.000000	0.000000	0.000000	0.000000	0.000000
1020	1	1	163.004013	0.000000	163.004013	2.302585	115	0.175316	0.048230	0.000000	0.000000	0.000000	0.000000	0.000000	0.000000
870	3	1	124.065201	0.000000	124.065201	2.302585	115	0.388305	0.097216	0.000000	0.000000	0.000000	0.000000	0.000000	0.000000
880	2	1	157.726913	0.000000	157.726913	2.302585	115	0.183301	0.048584	0.000000	0.000000	0.000000	0.000000	0.000000	0.000000
860	4	1	125.618217	0.000000	125.618217	2.302585	115	0.341410	0.099028	0.000000	0.000000	0.000000	0.000000	0.000000	0.000000
1040	5	1	140.903275	0.000000	140.903275	2.302585	115	0.296648	0.062347	0.000000	0.000000	0.000000	0.000000	0.000000	0.000000
1030	1	1	159.347885	0.000000	159.347885	2.302585	115	0.178760	0.032836	0.000000	0.000000	0.000000	0.000000	0.000000	0.000000
880	3	1	123.264923	0.000000	123.264923	2.302585	115	0.393496	0.074580	0.000000	0.000000	0.000000	0.000000	0.000000	0.000000
870	4	1	125.478821	0.000000	125.478821	2.302585	115	0.338567	0.076252	0.000000	0.000000	0.000000	0.000000	0.000000	0.000000
890	2	1	157.189728	0.000000	157.189728	2.302585	115	0.183597	0.048426	0.000000	0.000000	0.000000	0.000000	0.000000	0.000000
1050	5	1	135.112808	0.000000	135.112808	2.302585	115	0.341211	0.063678	0.000000	0.000000	0.000000	0.000000	0.000000	0.000000
1040	1	1	157.759933	0.000000	157.759933	2.302585	115	0.179505	0.056841	0.000000	0.000000	0.000000	0.000000	0.000000	0.000000
880	4	1	127.516541	0.000000	127.516541	2.302585	115	0.335709	0.081014	0.000000	0.000000	0.000000	0.000000	0.000000	0.000000
890	3	1	121.411980	0.000000	121.411980	2.302585	115	0.412940	0.093886	0.000000	0.000000	0.000000	0.000000	0.000000	0.000000
900	2	1	156.465836	0.000000	156.465836	2.302585	115	0.184473	0.049103	0.000000	0.000000	0.000000	0.000000	0.000000	0.000000
1060	5	1	135.861298	0.000000	135.861298	2.302585	115	0.353319	0.064175	0.000000	0.000000	0.000000	0.000000	0.000000	0.000000
890	4	1	128.899902	0.000000	128.899902	2.302585	115	0.333594	0.077589	0.000000	0.000000	0.000000	0.000000	0.000000	0.000000
1050	1	1	158.732559	0.000000	158.732559	2.302585	115	0.182291	0.040114	0.000000	0.000000	0.000000	0.000000	0.000000	0.000000
900	3	1	122.904015	0.000000	122.904015	2.302585	115	0.409207	0.072069	0.000000	0.000000	0.000000	0.000000	0.000000	0.000000
910	2	1	155.563614	0.000000	155.563614	2.302585	115	0.184098	0.057663	0.000000	0.000000	0.000000	0.000000	0.000000	0.000000
1070	5	1	137.707245	0.000000	137.707245	2.302585	115	0.344745	0.076249	0.000000	0.000000	0.000000	0.000000	0.000000	0.000000
900	4	1	134.999466	0.000000	134.999466	2.302585	115	0.256066	0.059176	0.000000	0.000000	0.000000	0.000000	0.000000	0.000000
1060	1	1	159.471542	0.000000	159.471542	2.302585	115	0.181374	0.053192	0.000000	0.000000	0.000000	0.000000	0.000000	0.000000
910	3	1	123.683601	0.000000	123.683601	2.302585	115	0.409393	0.086233	0.000000	0.000000	0.000000	0.000000	0.000000	0.000000
920	2	1	155.309341	0.000000	155.309341	2.302585	115	0.185592	0.058288	0.000000	0.000000	0.000000	0.000000	0.000000	0.000000
1080	5	1	144.504639	0.000000	144.504639	2.302585	115	0.311428	0.061163	0.000000	0.000000	0.000000	0.000000	0.000000	0.000000
910	4	1	135.450424	0.000000	135.450424	2.302585	115	0.337674	0.056346	0.000000	0.000000	0.000000	0.000000	0.000000	0.000000
1070	1	1	158.342499	0.000000	158.342499	2.302585	115	0.186623	0.037543	0.000000	0.000000	0.000000	0.000000	0.000000	0.000000
920	3	1	126.786736	0.000000	126.786736	2.302585	115	0.400416	0.073110	0.000000	0.000000	0.000000	0.000000	0.000000	0.000000
930	2	1	153.516083	0.000000	153.516083	2.302585	115	0.186084	0.052384	0.000000	0.000000	0.000000	0.000000	0.000000	0.000000
1090	5	1	144.790512	0.000000	144.790512	2.302585	115	0.310079	0.070348	0.000000	0.000000	0.000000	0.000000	0.000000	0.000000
930	3	1	123.351311	0.000000	123.351311	2.302585	115	0.406146	0.086625	0.000000	0.000000	0.000000	0.000000	0.000000	0.000000
1080	1	1	159.332916	0.000000	159.332916	2.302585	115	0.154947	0.047372	0.000000	0.000000	0.000000	0.000000	0.000000	0.000000
920	4	1	134.138336	0.000000	134.138336	2.302585	115	0.337430	0.073278	0.000000	0.000000	0.000000	0.000000	0.000000	0.000000
940	2	1	156.959000	0.000000	156.959000	2.302585	115	0.140649	0.046823	0.000000	0.000000	0.000000	0.000000	0.000000	0.000000
1100	5	1	144.934433	0.000000	144.934433	2.302585	115	0.309238	0.062578	0.000000	0.000000	0.000000	0.000000	0.000000	0.000000
1090	1	1	154.953842	0.000000	154.953842	2.302585	115	0.159960	0.042850	0.000000	0.000000	0.000000	0.000000	0.000000	0.000000
940	3	1	120.302742	0.000000	120.302742	2.302585	115	0.457327	0.074678	0.000000	0.000000	0.000000	0.000000	0.000000	0.000000
930	4	1	130.954147	0.000000	130.954147	2.302585	115	0.348650	0.098869	0.000000	0.000000	0.000000	0.000000	0.000000	0.000000
1110	5	1	145.590164	0.000000	145.590164	2.302585	115	0.308254	0.054732	0.000000	0.000000	0.000000	0.000000	0.000000	0.000000
950	2	1	159.241516	0.000000	159.241516	2.302585	115	0.139304	0.051188	0.000000	0.000000	0.000000	0.000000	0.000000	0.000000
950	3	1	121.540070	0.000000	121.540070	2.302585	115	0.439391	0.088741	0.000000	0.000000	0.000000	0.000000	0.000000	0.000000
1100	1	1	158.243912	0.000000	158.243912	2.302585	115	0.153008	0.049395	0.000000	0.000000	0.000000	0.000000	0.000000	0.000000
940	4	1	132.056320	0.000000	132.056320	2.302585	115	0.348209	0.071960	0.000000	0.000000	0.000000	0.000000	0.000000	0.000000
1120	5	1	146.994034	0.000000	146.994034	2.302585	115	0.307002	0.064099	0.000000	0.000000	0.000000	0.000000	0.000000	0.000000
960	2	1	161.455429	0.000000	161.455429	2.302585	115	0.137505	0.048029	0.000000	0.000000	0.000000	0.000000	0.000000	0.000000
1110	1	1	160.153763	0.000000	160.153763	2.302585	115	0.148465	0.041106	0.000000	0.000000	0.000000	0.000000	0.000000	0.000000
960	3	1	122.316994	0.000000	122.316994	2.302585	115	0.476323	0.081975	0.000000	0.000000	0.000000	0.000000	0.000000	0.000000
950	4	1	124.806564	0.000000	124.806564	2.302585	115	0.358112	0.073355	0.000000	0.000000	0.000000	0.000000	0.000000	0.000000
1130	5	1	141.138306	0.000000	141.138306	2.302585	115	0.333015	0.071136	0.000000	0.000000	0.000000	0.000000	0.000000	0.000000
970	2	1	162.276291	0.000000	162.276291	2.302585	115	0.143093	0.048228	0.000000	0.000000	0.000000	0.000000	0.000000	0.000000
1120	1	1	161.636337	0.000000	161.636337	2.302585	115	0.139151	0.045192	0.000000	0.000000	0.000000	0.000000	0.000000	0.000000
970	3	1	119.273445	0.000000	119.273445	2.302585	115	0.480973	0.085115	0.000000	0.000000	0.000000	0.000000	0.000000	0.000000
980	2	1	161.105743	0.000000	161.105743	2.302585	115	0.142449	0.053908	0.000000	0.000000	0.000000	0.000000	0.000000	0.000000
960	4	1	128.473694	0.000000	128.473694	2.302585	115	0.354326	0.080079	0.000000	0.000000	0.000000	0.000000	0.000000	0.000000
1140	5	1	140.338547	0.000000	140.338547	2.302585	115	0.276083	0.064641	0.000000	0.000000	0.000000	0.000000	0.000000	0.000000
1130	1	1	162.939667	0.000000	162.939667	2.302585	115	0.140683	0.033162	0.000000	0.000000	0.000000	0.000000	0.000000	0.000000
980	3	1	119.255394	0.000000	119.255394	2.302585	115	0.481403	0.093621	0.000000	0.000000	0.000000	0.000000	0.000000	0.000000
970	4	1	126.445030	0.000000	126.445030	2.302585	115	0.357329	0.085833	0.000000	0.000000	0.000000	0.000000	0.000000	0.000000
990	2	1	163.167084	0.000000	163.167084	2.302585	115	0.134480	0.037936	0.000000	0.000000	0.000000	0.000000	0.000000	0.000000
1150	5	1	140.375473	0.000000	140.375473	2.302585	115	0.253921	0.068482	0.000000	0.000000	0.000000	0.000000	0.000000	0.000000
980	4	1	124.586258	0.000000	124.586258	2.302585	115	0.382495	0.084428	0.000000	0.000000	0.000000	0.000000	0.000000	0.000000
1140	1	1	163.088425	0.000000	163.088425	2.302585	115	0.141800	0.044218	0.000000	0.000000	0.000000	0.000000	0.000000	0.000000
1000	2	1	161.599228	0.000000	161.599228	2.302585	115	0.203498	0.048456	0.000000	0.000000	0.000000	0.000000	0.000000	0.000000
1160	5	1	148.138000	0.000000	148.138000	2.302585	115	0.243921	0.062135	0.000000	0.000000	0.000000	0.000000	0.000000	0.000000
990	3	1	117.681046	0.000000	117.681046	2.302585	115	0.491724	0.099417	0.000000	0.000000	0.000000	0.000000	0.000000	0.000000
990	4	1	124.779709	0.000000	124.779709	2.302585	115	0.381712	0.071922	0.000000	0.000000	0.000000	0.000000	0.000000	0.000000
1010	2	1	161.531616	0.000000	161.531616	2.302585	115	0.198271	0.033526	0.000000	0.000000	0.000000	0.000000	0.000000	0.000000
1150	1	1	165.068497	0.000000	165.068497	2.302585	115	0.143928	0.039829	0.000000	0.000000	0.000000	0.000000	0.000000	0.000000
1170	5	1	150.151917	0.000000	150.151917	2.302585	115	0.225303	0.051935	0.000000	0.000000	0.000000	0.000000	0.000000	0.000000
1000	3	1	116.554932	0.000000	116.554932	2.302585	115	0.491599	0.079865	0.000000	0.000000	0.000000	0.000000	0.000000	0.000000
1000	4	1	132.119705	0.000000	132.119705	2.302585	115	0.275781	0.078659	0.000000	0.000000	0.000000	0.000000	0.000000	0.000000
1160	1	1	167.566620	0.000000	167.566620	2.302585	115	0.141238	0.034458	0.000000	0.000000	0.000000	0.000000	0.000000	0.000000
1020	2	1	162.849991	0.000000	162.849991	2.302585	115	0.196920	0.047934	0.000000	0.000000	0.000000	0.000000	0.000000	0.000000
1180	5	1	154.675766	0.000000	154.675766	2.302585	115	0.222191	0.055945	0.000000	0.000000	0.000000	0.000000	0.000000	0.000000
1010	3	1	117.495651	0.000000	117.495651	2.302585	115	0.491774	0.089574	0.000000	0.000000	0.000000	0.000000	0.000000	0.000000
1010	4	1	130.592865	0.000000	130.592865	2.302585	115	0.274057	0.073464	0.000000	0.000000	0.000000	0.000000	0.000000	0.000000
1170	1	1	167.964203	0.000000	167.964203	2.302585	115	0.141034	0.038254	0.000000	0.000000	0.000000	0.000000	0.000000	0.000000
1030	2	1	163.018051	0.000000	163.018051	2.302585	115	0.198757	0.049579	0.000000	0.000000	0.000000	0.000000	0.000000	0.000000
1190	5	1	159.904434	0.000000	159.904434	2.302585	115	0.197138	0.041698	0.000000	0.000000	0.000000	0.000000	0.000000	0.000000
1020	3	1	118.312714	0.000000	118.312714	2.302585	115	0.490795	0.089255	0.000000	0.000000	0.000000	0.000000	0.000000	0.000000
1180	1	1	164.029175	0.000000	164.029175	2.302585	115	0.144052	0.044115	0.000000	0.000000	0.000000	0.000000	0.000000	0.000000
1020	4	1	127.753113	0.000000	127.753113	2.302585	115	0.216457	0.088562	0.000000	0.000000	0.000000	0.000000	0.000000	0.000000
1200	5	1	158.956833	0.000000	158.956833	2.302585	115	0.197140	0.049486	0.000000	0.000000	0.000000	0.000000	0.000000	0.000000
1040	2	1	166.156296	0.000000	166.156296	2.302585	115	0.195159	0.040194	0.000000	0.000000	0.000000	0.000000	0.000000	0.000000
1030	3	1	116.534164	0.000000	116.534164	2.302585	115	0.495356	0.085815	0.000000	0.000000	0.000000	0.000000	0.000000	0.000000
1190	1	1	169.839417	0.000000	169.839417	2.302585	115	0.144280	0.041254	0.000000	0.000000	0.000000	0.000000	0.000000	0.000000
1040	3	1	118.140877	0.000000	118.140877	2.302585	115	0.491479	0.094942	0.000000	0.000000	0.000000	0.000000	0.000000	0.000000
1050	2	1	163.912964	0.000000	163.912964	2.302585	115	0.208662	0.043055	0.000000	0.000000	0.000000	0.000000	0.000000	0.000000
1030	4	1	128.932434	0.000000	128.932434	2.302585	115	0.212729	0.080699	0.000000	0.000000	0.000000	0.000000	0.000000	0.000000
1210	5	1	159.453064	0.000000	159.453064	2.302585	115	0.200121	0.039410	0.000000	0.000000	0.000000	0.000000	0.000000	0.000000
1200	1	1	167.225891	0.000000	167.225891	2.302585	115	0.142959	0.034760	0.000000	0.000000	0.000000	0.000000	0.000000	0.000000
1220	5	1	155.616089	0.000000	155.616089	2.302585	115	0.203875	0.049336	0.000000	0.000000	0.000000	0.000000	0.000000	0.000000
1040	4	1	129.775696	0.000000	129.775696	2.302585	115	0.213014	0.070197	0.000000	0.000000	0.000000	0.000000	0.000000	0.000000
1050	3	1	118.671150	0.000000	118.671150	2.302585	115	0.487069	0.084355	0.000000	0.000000	0.000000	0.000000	0.000000	0.000000
1060	2	1	162.703049	0.000000	162.703049	2.302585	115	0.210367	0.046713	0.000000	0.000000	0.000000	0.000000	0.000000	0.000000
1210	1	1	167.737030	0.000000	167.737030	2.302585	115	0.164795	0.043331	0.000000	0.000000	0.000000	0.000000	0.000000	0.000000
1050	4	1	128.032257	0.000000	128.032257	2.302585	115	0.231341	0.081504	0.000000	0.000000	0.000000	0.000000	0.000000	0.000000
1230	5	1	153.045364	0.000000	153.045364	2.302585	115	0.210909	0.056911	0.000000	0.000000	0.000000	0.000000	0.000000	0.000000
1070	2	1	159.756821	0.000000	159.756821	2.302585	115	0.214661	0.057947	0.000000	0.000000	0.000000	0.000000	0.000000	0.000000
1060	3	1	122.818916	0.000000	122.818916	2.302585	115	0.479214	0.081969	0.000000	0.000000	0.000000	0.000000	0.000000	0.000000
1220	1	1	168.147293	0.000000	168.147293	2.302585	115	0.164510	0.036822	0.000000	0.000000	0.000000	0.000000	0.000000	0.000000
1240	5	1	150.383728	0.000000	150.383728	2.302585	115	0.215899	0.050210	0.000000	0.000000	0.000000	0.000000	0.000000	0.000000
1060	4	1	130.960831	0.000000	130.960831	2.302585	115	0.229694	0.078317	0.000000	0.000000	0.000000	0.000000	0.000000	0.000000
1080	2	1	161.504776	0.000000	161.504776	2.302585	115	0.214272	0.045361	0.000000	0.000000	0.000000	0.000000	0.000000	0.000000
1070	3	1	125.208496	0.000000	125.208496	2.302585	115	0.476394	0.083447	0.000000	0.000000	0.000000	0.000000	0.000000	0.000000
1230	1	1	167.654648	0.000000	167.654648	2.302585	115	0.163889	0.030757	0.000000	0.000000	0.000000	0.000000	0.000000	0.000000
1250	5	1	149.914902	0.000000	149.914902	2.302585	115	0.228451	0.061947	0.000000	0.000000	0.000000	0.000000	0.000000	0.000000
1070	4	1	122.855911	0.000000	122.855911	2.302585	115	0.261152	0.073456	0.000000	0.000000	0.000000	0.000000	0.000000	0.000000
1090	2	1	157.410843	0.000000	157.410843	2.302585	115	0.225748	0.055536	0.000000	0.000000	0.000000	0.000000	0.000000	0.000000
1080	3	1	121.766144	0.000000	121.766144	2.302585	115	0.486650	0.060093	0.000000	0.000000	0.000000	0.000000	0.000000	0.000000
1240	1	1	173.929184	0.000000	173.929184	2.302585	115	0.162201	0.041416	0.000000	0.000000	0.000000	0.000000	0.000000	0.000000
1260	5	1	142.288605	0.000000	142.288605	2.302585	115	0.218012	0.051898	0.000000	0.000000	0.000000	0.000000	0.000000	0.000000
1080	4	1	123.065117	0.000000	123.065117	2.302585	115	0.273673	0.071708	0.000000	0.000000	0.000000	0.000000	0.000000	0.000000
1100	2	1	154.811996	0.000000	154.811996	2.302585	115	0.224923	0.038795	0.000000	0.000000	0.000000	0.000000	0.000000	0.000000
1090	3	1	120.626060	0.000000	120.626060	2.302585	115	0.488030	0.074528	0.000000	0.000000	0.000000	0.000000	0.000000	0.000000
1270	5	1	149.190979	0.000000	149.190979	2.302585	115	0.210067	0.060474	0.000000	0.000000	0.000000	0.000000	0.000000	0.000000
1250	1	1	168.438431	0.000000	168.438431	2.302585	115	0.164149	0.035721	0.000000	0.000000	0.000000	0.000000	0.000000	0.000000
1090	4	1	124.235283	0.000000	124.235283	2.302585	115	0.261262	0.088614	0.000000	0.000000	0.000000	0.000000	0.000000	0.000000
1110	2	1	156.055374	0.000000	156.055374	2.302585	115	0.223959	0.058001	0.000000	0.000000	0.000000	0.000000	0.000000	0.000000
1100	3	1	119.066154	0.000000	119.066154	2.302585	115	0.494155	0.096911	0.000000	0.000000	0.000000	0.000000	0.000000	0.000000
1260	1	1	168.741653	0.000000	168.741653	2.302585	115	0.167388	0.039375	0.000000	0.000000	0.000000	0.000000	0.000000	0.000000
1280	5	1	147.389267	0.000000	147.389267	2.302585	115	0.210869	0.043342	0.000000	0.000000	0.000000	0.000000	0.000000	0.000000
1100	4	1	127.582092	0.000000	127.582092	2.302585	115	0.266342	0.084794	0.000000	0.000000	0.000000	0.000000	0.000000	0.000000
1120	2	1	154.659027	0.000000	154.659027	2.302585	115	0.176105	0.038942	0.000000	0.000000	0.000000	0.000000	0.000000	0.000000
1110	3	1	117.852257	0.000000	117.852257	2.302585	115	0.496197	0.086876	0.000000	0.000000	0.000000	0.000000	0.000000	0.000000
1270	1	1	165.933609	0.000000	165.933609	2.302585	115	0.174546	0.051007	0.000000	0.000000	0.000000	0.000000	0.000000	0.000000
1290	5	1	145.967361	0.000000	145.967361	2.302585	115	0.214921	0.063616	0.000000	0.000000	0.000000	0.000000	0.000000	0.000000
1110	4	1	128.189560	0.000000	128.189560	2.302585	115	0.256260	0.075163	0.000000	0.000000	0.000000	0.000000	0.000000	0.000000
1130	2	1	159.293549	0.000000	159.293549	2.302585	115	0.177237	0.045019	0.000000	0.000000	0.000000	0.000000	0.000000	0.000000
1120	3	1	121.448807	0.000000	121.448807	2.302585	115	0.460208	0.090297	0.000000	0.000000	0.000000	0.000000	0.000000	0.000000
1280	1	1	162.433105	0.000000	162.433105	2.302585	115	0.177711	0.040504	0.000000	0.000000	0.000000	0.000000	0.000000	0.000000
1300	5	1	146.468384	0.000000	146.468384	2.302585	115	0.215555	0.055386	0.000000	0.000000	0.000000	0.000000	0.000000	0.000000
1120	4	1	133.747406	0.000000	133.747406	2.302585	115	0.222213	0.057571	0.000000	0.000000	0.000000	0.000000	0.000000	0.000000
1130	3	1	121.828133	0.000000	121.828133	2.302585	115	0.466148	0.071872	0.000000	0.000000	0.000000	0.000000	0.000000	0.000000
1140	2	1	160.133743	0.000000	160.133743	2.302585	115	0.168575	0.047377	0.000000	0.000000	0.000000	0.000000	0.000000	0.000000
1290	1	1	160.031891	0.000000	160.031891	2.302585	115	0.172991	0.048424	0.000000	0.000000	0.000000	0.000000	0.000000	0.000000
1310	5	1	148.907806	0.000000	148.907806	2.302585	115	0.211326	0.052301	0.000000	0.000000	0.000000	0.000000	0.000000	0.000000
1140	3	1	124.802666	0.000000	124.802666	2.302585	115	0.458186	0.065434	0.000000	0.000000	0.000000	0.000000	0.000000	0.000000
1130	4	1	136.760468	0.000000	136.760468	2.302585	115	0.213571	0.064176	0.000000	0.000000	0.000000	0.000000	0.000000	0.000000
1150	2	1	160.365417	0.000000	160.365417	2.302585	115	0.169174	0.043376	0.000000	0.000000	0.000000	0.000000	0.000000	0.000000
1300	1	1	157.798447	0.000000	157.798447	2.302585	115	0.184051	0.052442	0.000000	0.000000	0.000000	0.000000	0.000000	0.000000
1320	5	1	141.225830	0.000000	141.225830	2.302585	115	0.223706	0.055021	0.000000	0.000000	0.000000	0.000000	0.000000	0.000000
1150	3	1	125.437943	0.000000	125.437943	2.302585	115	0.409066	0.080186	0.000000	0.000000	0.000000	0.000000	0.000000	0.000000
1140	4	1	132.476181	0.000000	132.476181	2.302585	115	0.227815	0.078185	0.000000	0.000000	0.000000	0.000000	0.000000	0.000000
1160	2	1	159.172287	0.000000	159.172287	2.302585	115	0.172803	0.053495	0.000000	0.000000	0.000000	0.000000	0.000000	0.000000
1310	1	1	157.025864	0.000000	157.025864	2.302585	115	0.185337	0.048991	0.000000	0.000000	0.000000	0.000000	0.000000	0.000000
1330	5	1	141.209106	0.000000	141.209106	2.302585	115	0.216422	0.079988	0.000000	0.000000	0.000000	0.000000	0.000000	0.000000
1160	3	1	128.316895	0.000000	128.316895	2.302585	115	0.334998	0.075659	0.000000	0.000000	0.000000	0.000000	0.000000	0.000000
1150	4	1	131.484680	0.000000	131.484680	2.302585	115	0.228666	0.071925	0.000000	0.000000	0.000000	0.000000	0.000000	0.000000
1320	1	1	155.243301	0.000000	155.243301	2.302585	115	0.204669	0.046312	0.000000	0.000000	0.000000	0.000000	0.000000	0.000000
1170	2	1	163.364227	0.000000	163.364227	2.302585	115	0.163611	0.031666	0.000000	0.000000	0.000000	0.000000	0.000000	0.000000
1170	3	1	128.296692	0.000000	128.296692	2.302585	115	0.334543	0.080243	0.000000	0.000000	0.000000	0.000000	0.000000	0.000000
1340	5	1	142.496338	0.000000	142.496338	2.302585	115	0.211969	0.071014	0.000000	0.000000	0.000000	0.000000	0.000000	0.000000
1330	1	1	143.822052	0.000000	143.822052	2.302585	115	0.217088	0.078481	0.000000	0.000000	0.000000	0.000000	0.000000	0.000000
1160	4	1	137.001373	0.000000	137.001373	2.302585	115	0.217119	0.063952	0.000000	0.000000	0.000000	0.000000	0.000000	0.000000
1180	2	1	164.215546	0.000000	164.215546	2.302585	115	0.177309	0.043132	0.000000	0.000000	0.000000	0.000000	0.000000	0.000000
1180	3	1	132.054764	0.000000	132.054764	2.302585	115	0.326302	0.087963	0.000000	0.000000	0.000000	0.000000	0.000000	0.000000
1350	5	1	146.865585	0.000000	146.865585	2.302585	115	0.208753	0.062938	0.000000	0.000000	0.000000	0.000000	0.000000	0.000000
1340	1	1	144.433426	0.000000	144.433426	2.302585	115	0.216409	0.076179	0.000000	0.000000	0.000000	0.000000	0.000000	0.000000
1170	4	1	133.945679	0.000000	133.945679	2.302585	115	0.221999	0.057085	0.000000	0.000000	0.000000	0.000000	0.000000	0.000000
1190	2	1	161.028015	0.000000	161.028015	2.302585	115	0.182609	0.044242	0.000000	0.000000	0.000000	0.000000	0.000000	0.000000
1190	3	1	133.581131	0.000000	133.581131	2.302585	115	0.328093	0.061028	0.000000	0.000000	0.000000	0.000000	0.000000	0.000000
1360	5	1	144.765625	0.000000	144.765625	2.302585	115	0.210139	0.055406	0.000000	0.000000	0.000000	0.000000	0.000000	0.000000
1180	4	1	138.880600	0.000000	138.880600	2.302585	115	0.216676	0.057741	0.000000	0.000000	0.000000	0.000000	0.000000	0.000000
1350	1	1	144.907089	0.000000	144.907089	2.302585	115	0.222323	0.053467	0.000000	0.000000	0.000000	0.000000	0.000000	0.000000
1200	3	1	136.045639	0.000000	136.045639	2.302585	115	0.300582	0.075066	0.000000	0.000000	0.000000	0.000000	0.000000	0.000000
1200	2	1	162.147827	0.000000	162.147827	2.302585	115	0.171196	0.031649	0.000000	0.000000	0.000000	0.000000	0.000000	0.000000
1370	5	1	143.709000	0.000000	143.709000	2.302585	115	0.210753	0.059187	0.000000	0.000000	0.000000	0.000000	0.000000	0.000000
1360	1	1	148.290390	0.000000	148.290390	2.302585	115	0.221397	0.050153	0.000000	0.000000	0.000000	0.000000	0.000000	0.000000
1190	4	1	139.963943	0.000000	139.963943	2.302585	115	0.214872	0.059782	0.000000	0.000000	0.000000	0.000000	0.000000	0.000000
1210	2	1	166.573593	0.000000	166.573593	2.302585	115	0.170243	0.046740	0.000000	0.000000	0.000000	0.000000	0.000000	0.000000
1380	5	1	145.398178	0.000000	145.398178	2.302585	115	0.166761	0.073282	0.000000	0.000000	0.000000	0.000000	0.000000	0.000000
1210	3	1	129.937546	0.000000	129.937546	2.302585	115	0.313211	0.077083	0.000000	0.000000	0.000000	0.000000	0.000000	0.000000
1370	1	1	147.729187	0.000000	147.729187	2.302585	115	0.221708	0.061245	0.000000	0.000000	0.000000	0.000000	0.000000	0.000000
1200	4	1	131.237823	0.000000	131.237823	2.302585	115	0.276008	0.065832	0.000000	0.000000	0.000000	0.000000	0.000000	0.000000
1220	2	1	167.363449	0.000000	167.363449	2.302585	115	0.170775	0.039404	0.000000	0.000000	0.000000	0.000000	0.000000	0.000000
1390	5	1	146.209900	0.000000	146.209900	2.302585	115	0.168199	0.060195	0.000000	0.000000	0.000000	0.000000	0.000000	0.000000
1220	3	1	123.806763	0.000000	123.806763	2.302585	115	0.335815	0.088090	0.000000	0.000000	0.000000	0.000000	0.000000	0.000000
1380	1	1	151.822983	0.000000	151.822983	2.302585	115	0.216703	0.055432	0.000000	0.000000	0.000000	0.000000	0.000000	0.000000
1210	4	1	130.200928	0.000000	130.200928	2.302585	115	0.274813	0.060322	0.000000	0.000000	0.000000	0.000000	0.000000	0.000000
1400	5	1	151.031555	0.000000	151.031555	2.302585	115	0.163055	0.056613	0.000000	0.000000	0.000000	0.000000	0.000000	0.000000
1230	2	1	168.659363	0.000000	168.659363	2.302585	115	0.166638	0.036827	0.000000	0.000000	0.000000	0.000000	0.000000	0.000000
1230	3	1	122.101250	0.000000	122.101250	2.302585	115	0.339463	0.090587	0.000000	0.000000	0.000000	0.000000	0.000000	0.000000
1390	1	1	154.320312	0.000000	154.320312	2.302585	115	0.213310	0.046501	0.000000	0.000000	0.000000	0.000000	0.000000	0.000000
1410	5	1	149.670395	0.000000	149.670395	2.302585	115	0.170748	0.052560	0.000000	0.000000	0.000000	0.000000	0.000000	0.000000
1220	4	1	130.122116	0.000000	130.122116	2.302585	115	0.274861	0.055689	0.000000	0.000000	0.000000	0.000000	0.000000	0.000000
1240	2	1	163.278717	0.000000	163.278717	2.302585	115	0.173995	0.038197	0.000000	0.000000	0.000000	0.000000	0.000000	0.000000
1240	3	1	123.491226	0.000000	123.491226	2.302585	115	0.339035	0.084403	0.000000	0.000000	0.000000	0.000000	0.000000	0.000000
1400	1	1	155.048859	0.000000	155.048859	2.302585	115	0.211875	0.054575	0.000000	0.000000	0.000000	0.000000	0.000000	0.000000
1250	2	1	163.489197	0.000000	163.489197	2.302585	115	0.173561	0.048862	0.000000	0.000000	0.000000	0.000000	0.000000	0.000000
1230	4	1	126.650772	0.000000	126.650772	2.302585	115	0.278289	0.089331	0.000000	0.000000	0.000000	0.000000	0.000000	0.000000
1420	5	1	147.987717	0.000000	147.987717	2.302585	115	0.172876	0.049107	0.000000	0.000000	0.000000	0.000000	0.000000	0.000000
1250	3	1	113.422913	0.000000	113.422913	2.302585	115	0.479345	0.083282	0.000000	0.000000	0.000000	0.000000	0.000000	0.000000
1410	1	1	153.235764	0.000000	153.235764	2.302585	115	0.211937	0.042938	0.000000	0.000000	0.000000	0.000000	0.000000	0.000000
1260	2	1	162.992386	0.000000	162.992386	2.302585	115	0.178697	0.040275	0.000000	0.000000	0.000000	0.000000	0.000000	0.000000
1240	4	1	119.511871	0.000000	119.511871	2.302585	115	0.292344	0.076736	0.000000	0.000000	0.000000	0.000000	0.000000	0.000000
1430	5	1	151.927414	0.000000	151.927414	2.302585	115	0.170616	0.043863	0.000000	0.000000	0.000000	0.000000	0.000000	0.000000
1260	3	1	114.882286	0.000000	114.882286	2.302585	115	0.479795	0.096656	0.000000	0.000000	0.000000	0.000000	0.000000	0.000000
1420	1	1	148.435730	0.000000	148.435730	2.302585	115	0.216559	0.063419	0.000000	0.000000	0.000000	0.000000	0.000000	0.000000
1270	2	1	160.791016	0.000000	160.791016	2.302585	115	0.159059	0.048960	0.000000	0.000000	0.000000	0.000000	0.000000	0.000000
1250	4	1	121.450531	0.000000	121.450531	2.302585	115	0.332254	0.089423	0.000000	0.000000	0.000000	0.000000	0.000000	0.000000
1440	5	1	152.162308	0.000000	152.162308	2.302585	115	0.168550	0.050625	0.000000	0.000000	0.000000	0.000000	0.000000	0.000000
1270	3	1	114.085541	0.000000	114.085541	2.302585	115	0.480094	0.088606	0.000000	0.000000	0.000000	0.000000	0.000000	0.000000
1430	1	1	150.191635	0.000000	150.191635	2.302585	115	0.217698	0.041098	0.000000	0.000000	0.000000	0.000000	0.000000	0.000000
1280	2	1	156.933716	0.000000	156.933716	2.302585	115	0.223187	0.051789	0.000000	0.000000	0.000000	0.000000	0.000000	0.000000
1260	4	1	122.264160	0.000000	122.264160	2.302585	115	0.324570	0.076143	0.000000	0.000000	0.000000	0.000000	0.000000	0.000000
1450	5	1	155.316467	0.000000	155.316467	2.302585	115	0.163674	0.045246	0.000000	0.000000	0.000000	0.000000	0.000000	0.000000
1440	1	1	151.351517	0.000000	151.351517	2.302585	115	0.217257	0.057709	0.000000	0.000000	0.000000	0.000000	0.000000	0.000000
1280	3	1	115.499886	0.000000	115.499886	2.302585	115	0.482512	0.093129	0.000000	0.000000	0.000000	0.000000	0.000000	0.000000
1290	2	1	158.542038	0.000000	158.542038	2.302585	115	0.219515	0.051842	0.000000	0.000000	0.000000	0.000000	0.000000	0.000000
1270	4	1	122.678642	0.000000	122.678642	2.302585	115	0.334020	0.091962	0.000000	0.000000	0.000000	0.000000	0.000000	0.000000
1460	5	1	153.977890	0.000000	153.977890	2.302585	115	0.168762	0.057990	0.000000	0.000000	0.000000	0.000000	0.000000	0.000000
1450	1	1	151.849564	0.000000	151.849564	2.302585	115	0.219142	0.044713	0.000000	0.000000	0.000000	0.000000	0.000000	0.000000
1290	3	1	109.870667	0.000000	109.870667	2.302585	115	0.496990	0.094792	0.000000	0.000000	0.000000	0.000000	0.000000	0.000000
1300	2	1	156.175903	0.000000	156.175903	2.302585	115	0.220473	0.045297	0.000000	0.000000	0.000000	0.000000	0.000000	0.000000
1280	4	1	120.097321	0.000000	120.097321	2.302585	115	0.354188	0.088486	0.000000	0.000000	0.000000	0.000000	0.000000	0.000000
1470	5	1	154.738510	0.000000	154.738510	2.302585	115	0.168320	0.052303	0.000000	0.000000	0.000000	0.000000	0.000000	0.000000
1460	1	1	150.680420	0.000000	150.680420	2.302585	115	0.219908	0.050984	0.000000	0.000000	0.000000	0.000000	0.000000	0.000000
1300	3	1	109.372322	0.000000	109.372322	2.302585	115	0.455833	0.096933	0.000000	0.000000	0.000000	0.000000	0.000000	0.000000
1310	2	1	157.938492	0.000000	157.938492	2.302585	115	0.218790	0.058618	0.000000	0.000000	0.000000	0.000000	0.000000	0.000000
1290	4	1	120.502281	0.000000	120.502281	2.302585	115	0.366023	0.081530	0.000000	0.000000	0.000000	0.000000	0.000000	0.000000
1480	5	1	151.661438	0.000000	151.661438	2.302585	115	0.168778	0.056381	0.000000	0.000000	0.000000	0.000000	0.000000	0.000000
1470	1	1	147.045853	0.000000	147.045853	2.302585	115	0.230457	0.056021	0.000000	0.000000	0.000000	0.000000	0.000000	0.000000
1310	3	1	109.232910	0.000000	109.232910	2.302585	115	0.457226	0.096629	0.000000	0.000000	0.000000	0.000000	0.000000	0.000000
1320	2	1	157.027954	0.000000	157.027954	2.302585	115	0.220660	0.051302	0.000000	0.000000	0.000000	0.000000	0.000000	0.000000
1300	4	1	116.390785	0.000000	116.390785	2.302585	115	0.368631	0.092997	0.000000	0.000000	0.000000	0.000000	0.000000	0.000000
1490	5	1	149.354324	0.000000	149.354324	2.302585	115	0.171440	0.058704	0.000000	0.000000	0.000000	0.000000	0.000000	0.000000
1480	1	1	149.886322	0.000000	149.886322	2.302585	115	0.221123	0.044016	0.000000	0.000000	0.000000	0.000000	0.000000	0.000000
1320	3	1	108.003975	0.000000	108.003975	2.302585	115	0.459403	0.093759	0.000000	0.000000	0.000000	0.000000	0.000000	0.000000
1330	2	1	157.976105	0.000000	157.976105	2.302585	115	0.220295	0.039041	0.000000	0.000000	0.000000	0.000000	0.000000	0.000000
1310	4	1	112.684959	0.000000	112.684959	2.302585	115	0.440540	0.084614	0.000000	0.000000	0.000000	0.000000	0.000000	0.000000
1500	5	1	147.064285	0.000000	147.064285	2.302585	115	0.172158	0.058507	0.000000	0.000000	0.000000	0.000000	0.000000	0.000000
1490	1	1	149.985733	0.000000	149.985733	2.302585	115	0.222241	0.052499	0.000000	0.000000	0.000000	0.000000	0.000000	0.000000
1330	3	1	103.019409	0.000000	103.019409	2.302585	115	0.486408	0.095605	0.000000	0.000000	0.000000	0.000000	0.000000	0.000000
1340	2	1	157.271637	0.000000	157.271637	2.302585	115	0.219642	0.041700	0.000000	0.000000	0.000000	0.000000	0.000000	0.000000
1510	5	1	143.597549	0.000000	143.597549	2.302585	115	0.177706	0.062533	0.000000	0.000000	0.000000	0.000000	0.000000	0.000000
1320	4	1	110.751411	0.000000	110.751411	2.302585	115	0.474275	0.094727	0.000000	0.000000	0.000000	0.000000	0.000000	0.000000
1500	1	1	143.831879	0.000000	143.831879	2.302585	115	0.226577	0.077788	0.000000	0.000000	0.000000	0.000000	0.000000	0.000000
1340	3	1	99.512436	0.000000	99.512436	2.302585	115	0.496985	0.098896	0.000000	0.000000	0.000000	0.000000	0.000000	0.000000
1350	2	1	154.589279	0.000000	154.589279	2.302585	115	0.215167	0.043528	0.000000	0.000000	0.000000	0.000000	0.000000	0.000000
1520	5	1	145.343140	0.000000	145.343140	2.302585	115	0.173926	0.064706	0.000000	0.000000	0.000000	0.000000	0.000000	0.000000
1330	4	1	109.885101	0.000000	109.885101	2.302585	115	0.439561	0.099527	0.000000	0.000000	0.000000	0.000000	0.000000	0.000000
1510	1	1	150.185333	0.000000	150.185333	2.302585	115	0.218712	0.055765	0.000000	0.000000	0.000000	0.000000	0.000000	0.000000
1360	2	1	149.225845	0.000000	149.225845	2.302585	115	0.225267	0.052052	0.000000	0.000000	0.000000	0.000000	0.000000	0.000000
1350	3	1	101.926003	0.000000	101.926003	2.302585	115	0.478900	0.096452	0.000000	0.000000	0.000000	0.000000	0.000000	0.000000
1530	5	1	145.569016	0.000000	145.569016	2.302585	115	0.170644	0.046432	0.000000	0.000000	0.000000	0.000000	0.000000	0.000000
1340	4	1	112.242218	0.000000	112.242218	2.302585	115	0.428723	0.092496	0.000000	0.000000	0.000000	0.000000	0.000000	0.000000
1520	1	1	147.170135	0.000000	147.170135	2.302585	115	0.222330	0.053171	0.000000	0.000000	0.000000	0.000000	0.000000	0.000000
1370	2	1	148.735428	0.000000	148.735428	2.302585	115	0.228186	0.066782	0.000000	0.000000	0.000000	0.000000	0.000000	0.000000
1360	3	1	108.654343	0.000000	108.654343	2.302585	115	0.469178	0.099943	0.000000	0.000000	0.000000	0.000000	0.000000	0.000000
1540	5	1	143.689682	0.000000	143.689682	2.302585	115	0.195734	0.067646	0.000000	0.000000	0.000000	0.000000	0.000000	0.000000
1350	4	1	111.173203	0.000000	111.173203	2.302585	115	0.444849	0.094228	0.000000	0.000000	0.000000	0.000000	0.000000	0.000000
1530	1	1	148.272552	0.000000	148.272552	2.302585	115	0.227090	0.054101	0.000000	0.000000	0.000000	0.000000	0.000000	0.000000
1380	2	1	145.078995	0.000000	145.078995	2.302585	115	0.234471	0.052674	0.000000	0.000000	0.000000	0.000000	0.000000	0.000000
1370	3	1	104.186981	0.000000	104.186981	2.302585	115	0.484520	0.098403	0.000000	0.000000	0.000000	0.000000	0.000000	0.000000
1550	5	1	143.169952	0.000000	143.169952	2.302585	115	0.185647	0.058166	0.000000	0.000000	0.000000	0.000000	0.000000	0.000000
1360	4	1	109.069984	0.000000	109.069984	2.302585	115	0.443015	0.083466	0.000000	0.000000	0.000000	0.000000	0.000000	0.000000
1540	1	1	146.442673	0.000000	146.442673	2.302585	115	0.214631	0.056950	0.000000	0.000000	0.000000	0.000000	0.000000	0.000000
1390	2	1	144.479736	0.000000	144.479736	2.302585	115	0.234817	0.053321	0.000000	0.000000	0.000000	0.000000	0.000000	0.000000
1380	3	1	103.710648	0.000000	103.710648	2.302585	115	0.482971	0.096824	0.000000	0.000000	0.000000	0.000000	0.000000	0.000000
1560	5	1	146.056610	0.000000	146.056610	2.302585	115	0.181325	0.045152	0.000000	0.000000	0.000000	0.000000	0.000000	0.000000
1370	4	1	112.637985	0.000000	112.637985	2.302585	115	0.438629	0.090777	0.000000	0.000000	0.000000	0.000000	0.000000	0.000000
1550	1	1	150.231812	0.000000	150.231812	2.302585	115	0.220149	0.053060	0.000000	0.000000	0.000000	0.000000	0.000000	0.000000
1390	3	1	112.134789	0.000000	112.134789	2.302585	115	0.459784	0.099170	0.000000	0.000000	0.000000	0.000000	0.000000	0.000000
1400	2	1	142.792343	0.000000	142.792343	2.302585	115	0.237699	0.058958	0.000000	0.000000	0.000000	0.000000	0.000000	0.000000
1570	5	1	144.098358	0.000000	144.098358	2.302585	115	0.188987	0.044862	0.000000	0.000000	0.000000	0.000000	0.000000	0.000000
1560	1	1	144.024490	0.000000	144.024490	2.302585	115	0.221356	0.060736	0.000000	0.000000	0.000000	0.000000	0.000000	0.000000
1380	4	1	113.971291	0.000000	113.971291	2.302585	115	0.335939	0.082306	0.000000	0.000000	0.000000	0.000000	0.000000	0.000000
1400	3	1	113.638550	0.000000	113.638550	2.302585	115	0.457355	0.099226	0.000000	0.000000	0.000000	0.000000	0.000000	0.000000
1580	5	1	153.487564	0.000000	153.487564	2.302585	115	0.168149	0.056078	0.000000	0.000000	0.000000	0.000000	0.000000	0.000000
1410	2	1	145.601700	0.000000	145.601700	2.302585	115	0.233600	0.060812	0.000000	0.000000	0.000000	0.000000	0.000000	0.000000
1570	1	1	148.222809	0.000000	148.222809	2.302585	115	0.206927	0.056899	0.000000	0.000000	0.000000	0.000000	0.000000	0.000000
1390	4	1	113.429855	0.000000	113.429855	2.302585	115	0.329507	0.076747	0.000000	0.000000	0.000000	0.000000	0.000000	0.000000
1410	3	1	112.356407	0.000000	112.356407	2.302585	115	0.458855	0.097139	0.000000	0.000000	0.000000	0.000000	0.000000	0.000000
1420	2	1	140.456238	0.000000	140.456238	2.302585	115	0.232477	0.076208	0.000000	0.000000	0.000000	0.000000	0.000000	0.000000
1590	5	1	155.463120	0.000000	155.463120	2.302585	115	0.165605	0.037243	0.000000	0.000000	0.000000	0.000000	0.000000	0.000000
1580	1	1	151.568924	0.000000	151.568924	2.302585	115	0.205881	0.056027	0.000000	0.000000	0.000000	0.000000	0.000000	0.000000
1400	4	1	118.389908	0.000000	118.389908	2.302585	115	0.321433	0.082863	0.000000	0.000000	0.000000	0.000000	0.000000	0.000000
1420	3	1	114.522224	0.000000	114.522224	2.302585	115	0.454213	0.097414	0.000000	0.000000	0.000000	0.000000	0.000000	0.000000
1430	2	1	141.725220	0.000000	141.725220	2.302585	115	0.206945	0.053762	0.000000	0.000000	0.000000	0.000000	0.000000	0.000000
1600	5	1	154.867996	0.000000	154.867996	2.302585	115	0.165999	0.061067	0.000000	0.000000	0.000000	0.000000	0.000000	0.000000
1590	1	1	152.217758	0.000000	152.217758	2.302585	115	0.204022	0.048743	0.000000	0.000000	0.000000	0.000000	0.000000	0.000000
1410	4	1	113.853508	0.000000	113.853508	2.302585	115	0.331114	0.089843	0.000000	0.000000	0.000000	0.000000	0.000000	0.000000
1610	5	1	157.035599	0.000000	157.035599	2.302585	115	0.165590	0.045328	0.000000	0.000000	0.000000	0.000000	0.000000	0.000000
1430	3	1	113.466743	0.000000	113.466743	2.302585	115	0.447204	0.097796	0.000000	0.000000	0.000000	0.000000	0.000000	0.000000
1440	2	1	145.690506	0.000000	145.690506	2.302585	115	0.185094	0.056948	0.000000	0.000000	0.000000	0.000000	0.000000	0.000000
1600	1	1	151.112213	0.000000	151.112213	2.302585	115	0.205886	0.059141	0.000000	0.000000	0.000000	0.000000	0.000000	0.000000
1420	4	1	114.032631	0.000000	114.032631	2.302585	115	0.331100	0.097840	0.000000	0.000000	0.000000	0.000000	0.000000	0.000000
1620	5	1	158.946884	0.000000	158.946884	2.302585	115	0.168292	0.047790	0.000000	0.000000	0.000000	0.000000	0.000000	0.000000
1440	3	1	113.604576	0.000000	113.604576	2.302585	115	0.442820	0.092108	0.000000	0.000000	0.000000	0.000000	0.000000	0.000000
1610	1	1	144.305527	0.000000	144.305527	2.302585	115	0.255059	0.068220	0.000000	0.000000	0.000000	0.000000	0.000000	0.000000
1450	2	1	147.785385	0.000000	147.785385	2.302585	115	0.197517	0.061769	0.000000	0.000000	0.000000	0.000000	0.000000	0.000000
1630	5	1	161.284882	0.000000	161.284882	2.302585	115	0.166315	0.039041	0.000000	0.000000	0.000000	0.000000	0.000000	0.000000
1430	4	1	104.841492	0.000000	104.841492	2.302585	115	0.349616	0.086183	0.000000	0.000000	0.000000	0.000000	0.000000	0.000000
1450	3	1	113.248154	0.000000	113.248154	2.302585	115	0.373033	0.078719	0.000000	0.000000	0.000000	0.000000	0.000000	0.000000
1460	2	1	146.268524	0.000000	146.268524	2.302585	115	0.223567	0.064954	0.000000	0.000000	0.000000	0.000000	0.000000	0.000000
1620	1	1	145.520935	0.000000	145.520935	2.302585	115	0.226547	0.066940	0.000000	0.000000	0.000000	0.000000	0.000000	0.000000
1440	4	1	102.568329	0.000000	102.568329	2.302585	115	0.348841	0.084241	0.000000	0.000000	0.000000	0.000000	0.000000	0.000000
1640	5	1	163.592041	0.000000	163.592041	2.302585	115	0.171329	0.040520	0.000000	0.000000	0.000000	0.000000	0.000000	0.000000
1460	3	1	117.572319	0.000000	117.572319	2.302585	115	0.278230	0.099067	0.000000	0.000000	0.000000	0.000000	0.000000	0.000000
1470	2	1	146.114380	0.000000	146.114380	2.302585	115	0.223586	0.046576	0.000000	0.000000	0.000000	0.000000	0.000000	0.000000
1630	1	1	146.580139	0.000000	146.580139	2.302585	115	0.209725	0.044156	0.000000	0.000000	0.000000	0.000000	0.000000	0.000000
1450	4	1	106.248764	0.000000	106.248764	2.302585	115	0.345506	0.098111	0.000000	0.000000	0.000000	0.000000	0.000000	0.000000
1650	5	1	158.482056	0.000000	158.482056	2.302585	115	0.179061	0.040970	0.000000	0.000000	0.000000	0.000000	0.000000	0.000000
1470	3	1	118.685265	0.000000	118.685265	2.302585	115	0.270159	0.093529	0.000000	0.000000	0.000000	0.000000	0.000000	0.000000
1480	2	1	147.718781	0.000000	147.718781	2.302585	115	0.221804	0.049884	0.000000	0.000000	0.000000	0.000000	0.000000	0.000000
1640	1	1	144.557312	0.000000	144.557312	2.302585	115	0.210175	0.065828	0.000000	0.000000	0.000000	0.000000	0.000000	0.000000
1660	5	1	163.271408	0.000000	163.271408	2.302585	115	0.171292	0.039724	0.000000	0.000000	0.000000	0.000000	0.000000	0.000000
1460	4	1	108.252670	0.000000	108.252670	2.302585	115	0.345390	0.088058	0.000000	0.000000	0.000000	0.000000	0.000000	0.000000
1480	3	1	119.426384	0.000000	119.426384	2.302585	115	0.269352	0.081356	0.000000	0.000000	0.000000	0.000000	0.000000	0.000000
1490	2	1	147.224777	0.000000	147.224777	2.302585	115	0.223342	0.057078	0.000000	0.000000	0.000000	0.000000	0.000000	0.000000
1650	1	1	144.843018	0.000000	144.843018	2.302585	115	0.210354	0.064058	0.000000	0.000000	0.000000	0.000000	0.000000	0.000000
1670	5	1	166.045898	0.000000	166.045898	2.302585	115	0.169468	0.037801	0.000000	0.000000	0.000000	0.000000	0.000000	0.000000
1470	4	1	108.262749	0.000000	108.262749	2.302585	115	0.347734	0.099622	0.000000	0.000000	0.000000	0.000000	0.000000	0.000000
1490	3	1	121.102364	0.000000	121.102364	2.302585	115	0.266667	0.075368	0.000000	0.000000	0.000000	0.000000	0.000000	0.000000
1500	2	1	141.869232	0.000000	141.869232	2.302585	115	0.229269	0.043040	0.000000	0.000000	0.000000	0.000000	0.000000	0.000000
1660	1	1	140.887024	0.000000	140.887024	2.302585	115	0.285444	0.065461	0.000000	0.000000	0.000000	0.000000	0.000000	0.000000
1680	5	1	159.499588	0.000000	159.499588	2.302585	115	0.173734	0.051609	0.000000	0.000000	0.000000	0.000000	0.000000	0.000000
1480	4	1	109.050842	0.000000	109.050842	2.302585	115	0.328819	0.082407	0.000000	0.000000	0.000000	0.000000	0.000000	0.000000
1500	3	1	125.178986	0.000000	125.178986	2.302585	115	0.259623	0.082030	0.000000	0.000000	0.000000	0.000000	0.000000	0.000000
1510	2	1	144.573227	0.000000	144.573227	2.302585	115	0.224386	0.063890	0.000000	0.000000	0.000000	0.000000	0.000000	0.000000
1670	1	1	144.012085	0.000000	144.012085	2.302585	115	0.319629	0.058064	0.000000	0.000000	0.000000	0.000000	0.000000	0.000000
1690	5	1	157.040085	0.000000	157.040085	2.302585	115	0.173902	0.058289	0.000000	0.000000	0.000000	0.000000	0.000000	0.000000
1490	4	1	111.883987	0.000000	111.883987	2.302585	115	0.321943	0.092300	0.000000	0.000000	0.000000	0.000000	0.000000	0.000000
1510	3	1	127.341240	0.000000	127.341240	2.302585	115	0.244839	0.091475	0.000000	0.000000	0.000000	0.000000	0.000000	0.000000
1520	2	1	147.839828	0.000000	147.839828	2.302585	115	0.274458	0.065105	0.000000	0.000000	0.000000	0.000000	0.000000	0.000000
1680	1	1	144.325485	0.000000	144.325485	2.302585	115	0.318907	0.056554	0.000000	0.000000	0.000000	0.000000	0.000000	0.000000
1700	5	1	162.075027	0.000000	162.075027	2.302585	115	0.161205	0.044680	0.000000	0.000000	0.000000	0.000000	0.000000	0.000000
1500	4	1	113.825089	0.000000	113.825089	2.302585	115	0.363875	0.097340	0.000000	0.000000	0.000000	0.000000	0.000000	0.000000
1520	3	1	128.394211	0.000000	128.394211	2.302585	115	0.242946	0.068427	0.000000	0.000000	0.000000	0.000000	0.000000	0.000000
1530	2	1	145.434052	0.000000	145.434052	2.302585	115	0.282465	0.054759	0.000000	0.000000	0.000000	0.000000	0.000000	0.000000
1690	1	1	145.433151	0.000000	145.433151	2.302585	115	0.309532	0.055684	0.000000	0.000000	0.000000	0.000000	0.000000	0.000000
1710	5	1	162.056122	0.000000	162.056122	2.302585	115	0.161237	0.043947	0.000000	0.000000	0.000000	0.000000	0.000000	0.000000
1510	4	1	110.253677	0.000000	110.253677	2.302585	115	0.356149	0.086200	0.000000	0.000000	0.000000	0.000000	0.000000	0.000000
1530	3	1	132.501938	0.000000	132.501938	2.302585	115	0.259692	0.071114	0.000000	0.000000	0.000000	0.000000	0.000000	0.000000
1540	2	1	144.637878	0.000000	144.637878	2.302585	115	0.279438	0.054151	0.000000	0.000000	0.000000	0.000000	0.000000	0.000000
1720	5	1	161.110565	0.000000	161.110565	2.302585	115	0.157343	0.035840	0.000000	0.000000	0.000000	0.000000	0.000000	0.000000
1700	1	1	143.902817	0.000000	143.902817	2.302585	115	0.308991	0.049787	0.000000	0.000000	0.000000	0.000000	0.000000	0.000000
1520	4	1	112.289375	0.000000	112.289375	2.302585	115	0.354630	0.086735	0.000000	0.000000	0.000000	0.000000	0.000000	0.000000
1540	3	1	134.092529	0.000000	134.092529	2.302585	115	0.240600	0.069416	0.000000	0.000000	0.000000	0.000000	0.000000	0.000000
1550	2	1	144.743713	0.000000	144.743713	2.302585	115	0.273573	0.053598	0.000000	0.000000	0.000000	0.000000	0.000000	0.000000
1710	1	1	147.045242	0.000000	147.045242	2.302585	115	0.301322	0.064228	0.000000	0.000000	0.000000	0.000000	0.000000	0.000000
1730	5	1	163.341339	0.000000	163.341339	2.302585	115	0.157736	0.047676	0.000000	0.000000	0.000000	0.000000	0.000000	0.000000
1530	4	1	110.320274	0.000000	110.320274	2.302585	115	0.359705	0.093055	0.000000	0.000000	0.000000	0.000000	0.000000	0.000000
1550	3	1	134.812988	0.000000	134.812988	2.302585	115	0.226483	0.062655	0.000000	0.000000	0.000000	0.000000	0.000000	0.000000
1720	1	1	149.373535	0.000000	149.373535	2.302585	115	0.301766	0.057371	0.000000	0.000000	0.000000	0.000000	0.000000	0.000000
1560	2	1	149.378906	0.000000	149.378906	2.302585	115	0.271000	0.069874	0.000000	0.000000	0.000000	0.000000	0.000000	0.000000
1740	5	1	165.263565	0.000000	165.263565	2.302585	115	0.155704	0.034992	0.000000	0.000000	0.000000	0.000000	0.000000	0.000000
1540	4	1	110.829575	0.000000	110.829575	2.302585	115	0.363544	0.088297	0.000000	0.000000	0.000000	0.000000	0.000000	0.000000
1560	3	1	140.357605	0.000000	140.357605	2.302585	115	0.219926	0.066315	0.000000	0.000000	0.000000	0.000000	0.000000	0.000000
1570	2	1	142.754395	0.000000	142.754395	2.302585	115	0.296531	0.058021	0.000000	0.000000	0.000000	0.000000	0.000000	0.000000
1750	5	1	167.209946	0.000000	167.209946	2.302585	115	0.158377	0.039022	0.000000	0.000000	0.000000	0.000000	0.000000	0.000000
1730	1	1	148.825806	0.000000	148.825806	2.302585	115	0.300165	0.065715	0.000000	0.000000	0.000000	0.000000	0.000000	0.000000
1550	4	1	110.286674	0.000000	110.286674	2.302585	115	0.358221	0.092522	0.000000	0.000000	0.000000	0.000000	0.000000	0.000000
1570	3	1	144.747147	0.000000	144.747147	2.302585	115	0.206690	0.064526	0.000000	0.000000	0.000000	0.000000	0.000000	0.000000
1760	5	1	167.577805	0.000000	167.577805	2.302585	115	0.157870	0.041952	0.000000	0.000000	0.000000	0.000000	0.000000	0.000000
1740	1	1	145.284393	0.000000	145.284393	2.302585	115	0.340783	0.051902	0.000000	0.000000	0.000000	0.000000	0.000000	0.000000
1580	2	1	139.574661	0.000000	139.574661	2.302585	115	0.296720	0.069075	0.000000	0.000000	0.000000	0.000000	0.000000	0.000000
1560	4	1	115.647507	0.000000	115.647507	2.302585	115	0.364174	0.083959	0.000000	0.000000	0.000000	0.000000	0.000000	0.000000
1580	3	1	139.357178	0.000000	139.357178	2.302585	115	0.220518	0.072151	0.000000	0.000000	0.000000	0.000000	0.000000	0.000000
1750	1	1	137.771332	0.000000	137.771332	2.302585	115	0.351310	0.055268	0.000000	0.000000	0.000000	0.000000	0.000000	0.000000
1770	5	1	168.362808	0.000000	168.362808	2.302585	115	0.155213	0.040442	0.000000	0.000000	0.000000	0.000000	0.000000	0.000000
1590	2	1	135.964706	0.000000	135.964706	2.302585	115	0.297202	0.090157	0.000000	0.000000	0.000000	0.000000	0.000000	0.000000
1570	4	1	115.185677	0.000000	115.185677	2.302585	115	0.368563	0.096499	0.000000	0.000000	0.000000	0.000000	0.000000	0.000000
1780	5	1	171.284668	0.000000	171.284668	2.302585	115	0.154966	0.030809	0.000000	0.000000	0.000000	0.000000	0.000000	0.000000
1590	3	1	138.469315	0.000000	138.469315	2.302585	115	0.221671	0.063475	0.000000	0.000000	0.000000	0.000000	0.000000	0.000000
1760	1	1	134.917313	0.000000	134.917313	2.302585	115	0.360169	0.088449	0.000000	0.000000	0.000000	0.000000	0.000000	0.000000
1600	2	1	133.376617	0.000000	133.376617	2.302585	115	0.309426	0.061907	0.000000	0.000000	0.000000	0.000000	0.000000	0.000000
1580	4	1	120.256287	0.000000	120.256287	2.302585	115	0.344694	0.085938	0.000000	0.000000	0.000000	0.000000	0.000000	0.000000
1790	5	1	172.218307	0.000000	172.218307	2.302585	115	0.173019	0.033314	0.000000	0.000000	0.000000	0.000000	0.000000	0.000000
1600	3	1	135.444122	0.000000	135.444122	2.302585	115	0.223751	0.083989	0.000000	0.000000	0.000000	0.000000	0.000000	0.000000
1770	1	1	136.701385	0.000000	136.701385	2.302585	115	0.320215	0.075690	0.000000	0.000000	0.000000	0.000000	0.000000	0.000000
1610	2	1	136.530640	0.000000	136.530640	2.302585	115	0.302515	0.081128	0.000000	0.000000	0.000000	0.000000	0.000000	0.000000
1590	4	1	124.303276	0.000000	124.303276	2.302585	115	0.342166	0.096416	0.000000	0.000000	0.000000	0.000000	0.000000	0.000000
1800	5	1	169.569443	0.000000	169.569443	2.302585	115	0.179884	0.044901	0.000000	0.000000	0.000000	0.000000	0.000000	0.000000
1780	1	1	139.284180	0.000000	139.284180	2.302585	115	0.313682	0.064479	0.000000	0.000000	0.000000	0.000000	0.000000	0.000000
1610	3	1	136.430191	0.000000	136.430191	2.302585	115	0.224596	0.063175	0.000000	0.000000	0.000000	0.000000	0.000000	0.000000
1620	2	1	136.283844	0.000000	136.283844	2.302585	115	0.305930	0.063079	0.000000	0.000000	0.000000	0.000000	0.000000	0.000000
1600	4	1	126.101997	0.000000	126.101997	2.302585	115	0.338890	0.069051	0.000000	0.000000	0.000000	0.000000	0.000000	0.000000
1810	5	1	164.126389	0.000000	164.126389	2.302585	115	0.187891	0.053911	0.000000	0.000000	0.000000	0.000000	0.000000	0.000000
1790	1	1	137.962021	0.000000	137.962021	2.302585	115	0.322068	0.063369	0.000000	0.000000	0.000000	0.000000	0.000000	0.000000
1620	3	1	134.889160	0.000000	134.889160	2.302585	115	0.240599	0.068131	0.000000	0.000000	0.000000	0.000000	0.000000	0.000000
1630	2	1	138.330673	0.000000	138.330673	2.302585	115	0.303022	0.062145	0.000000	0.000000	0.000000	0.000000	0.000000	0.000000
1610	4	1	124.805801	0.000000	124.805801	2.302585	115	0.363570	0.061720	0.000000	0.000000	0.000000	0.000000	0.000000	0.000000
1820	5	1	155.319763	0.000000	155.319763	2.302585	115	0.212271	0.045124	0.000000	0.000000	0.000000	0.000000	0.000000	0.000000
1800	1	1	136.074142	0.000000	136.074142	2.302585	115	0.324520	0.070062	0.000000	0.000000	0.000000	0.000000	0.000000	0.000000
1630	3	1	134.781158	0.000000	134.781158	2.302585	115	0.236447	0.048609	0.000000	0.000000	0.000000	0.000000	0.000000	0.000000
1640	2	1	136.444794	0.000000	136.444794	2.302585	115	0.296861	0.059921	0.000000	0.000000	0.000000	0.000000	0.000000	0.000000
1620	4	1	124.676338	0.000000	124.676338	2.302585	115	0.329949	0.076319	0.000000	0.000000	0.000000	0.000000	0.000000	0.000000
1810	1	1	136.397064	0.000000	136.397064	2.302585	115	0.324104	0.074906	0.000000	0.000000	0.000000	0.000000	0.000000	0.000000
1830	5	1	162.312515	0.000000	162.312515	2.302585	115	0.149432	0.044789	0.000000	0.000000	0.000000	0.000000	0.000000	0.000000
1650	2	1	138.505402	0.000000	138.505402	2.302585	115	0.289474	0.062827	0.000000	0.000000	0.000000	0.000000	0.000000	0.000000
1640	3	1	138.250397	0.000000	138.250397	2.302585	115	0.234410	0.078515	0.000000	0.000000	0.000000	0.000000	0.000000	0.000000
1630	4	1	123.222572	0.000000	123.222572	2.302585	115	0.328090	0.073442	0.000000	0.000000	0.000000	0.000000	0.000000	0.000000
1820	1	1	136.815887	0.000000	136.815887	2.302585	115	0.326052	0.074128	0.000000	0.000000	0.000000	0.000000	0.000000	0.000000
1840	5	1	162.461884	0.000000	162.461884	2.302585	115	0.144523	0.040986	0.000000	0.000000	0.000000	0.000000	0.000000	0.000000
1660	2	1	138.563873	0.000000	138.563873	2.302585	115	0.298542	0.071900	0.000000	0.000000	0.000000	0.000000	0.000000	0.000000
1650	3	1	141.177887	0.000000	141.177887	2.302585	115	0.233323	0.061183	0.000000	0.000000	0.000000	0.000000	0.000000	0.000000
1850	5	1	162.291260	0.000000	162.291260	2.302585	115	0.148017	0.051636	0.000000	0.000000	0.000000	0.000000	0.000000	0.000000
1830	1	1	132.179276	0.000000	132.179276	2.302585	115	0.331895	0.068787	0.000000	0.000000	0.000000	0.000000	0.000000	0.000000
1640	4	1	129.362503	0.000000	129.362503	2.302585	115	0.316323	0.087330	0.000000	0.000000	0.000000	0.000000	0.000000	0.000000
1670	2	1	135.309204	0.000000	135.309204	2.302585	115	0.298022	0.083856	0.000000	0.000000	0.000000	0.000000	0.000000	0.000000
1660	3	1	142.097198	0.000000	142.097198	2.302585	115	0.227232	0.068329	0.000000	0.000000	0.000000	0.000000	0.000000	0.000000
1860	5	1	160.540680	0.000000	160.540680	2.302585	115	0.128251	0.040680	0.000000	0.000000	0.000000	0.000000	0.000000	0.000000
1840	1	1	130.406937	0.000000	130.406937	2.302585	115	0.340411	0.089188	0.000000	0.000000	0.000000	0.000000	0.000000	0.000000
1650	4	1	127.482819	0.000000	127.482819	2.302585	115	0.312107	0.058419	0.000000	0.000000	0.000000	0.000000	0.000000	0.000000
1680	2	1	135.933441	0.000000	135.933441	2.302585	115	0.292930	0.066110	0.000000	0.000000	0.000000	0.000000	0.000000	0.000000
1670	3	1	147.289825	0.000000	147.289825	2.302585	115	0.193624	0.041260	0.000000	0.000000	0.000000	0.000000	0.000000	0.000000
1850	1	1	134.028290	0.000000	134.028290	2.302585	115	0.325280	0.080577	0.000000	0.000000	0.000000	0.000000	0.000000	0.000000
1870	5	1	162.779694	0.000000	162.779694	2.302585	115	0.130230	0.040633	0.000000	0.000000	0.000000	0.000000	0.000000	0.000000
1660	4	1	131.045944	0.000000	131.045944	2.302585	115	0.310149	0.081358	0.000000	0.000000	0.000000	0.000000	0.000000	0.000000
1690	2	1	142.487396	0.000000	142.487396	2.302585	115	0.291344	0.062578	0.000000	0.000000	0.000000	0.000000	0.000000	0.000000
1680	3	1	146.131592	0.000000	146.131592	2.302585	115	0.195967	0.047362	0.000000	0.000000	0.000000	0.000000	0.000000	0.000000
1860	1	1	137.094421	0.000000	137.094421	2.302585	115	0.327794	0.077264	0.000000	0.000000	0.000000	0.000000	0.000000	0.000000
1880	5	1	156.153824	0.000000	156.153824	2.302585	115	0.146198	0.046922	0.000000	0.000000	0.000000	0.000000	0.000000	0.000000
1670	4	1	129.826126	0.000000	129.826126	2.302585	115	0.316030	0.077021	0.000000	0.000000	0.000000	0.000000	0.000000	0.000000
1700	2	1	136.479370	0.000000	136.479370	2.302585	115	0.306131	0.078009	0.000000	0.000000	0.000000	0.000000	0.000000	0.000000
1690	3	1	148.029419	0.000000	148.029419	2.302585	115	0.197451	0.054600	0.000000	0.000000	0.000000	0.000000	0.000000	0.000000
1890	5	1	154.464752	0.000000	154.464752	2.302585	115	0.150875	0.059193	0.000000	0.000000	0.000000	0.000000	0.000000	0.000000
1680	4	1	125.584259	0.000000	125.584259	2.302585	115	0.325271	0.087116	0.000000	0.000000	0.000000	0.000000	0.000000	0.000000
1870	1	1	135.819107	0.000000	135.819107	2.302585	115	0.318088	0.071229	0.000000	0.000000	0.000000	0.000000	0.000000	0.000000
1710	2	1	135.478790	0.000000	135.478790	2.302585	115	0.309605	0.067349	0.000000	0.000000	0.000000	0.000000	0.000000	0.000000
1700	3	1	142.057205	0.000000	142.057205	2.302585	115	0.201476	0.065930	0.000000	0.000000	0.000000	0.000000	0.000000	0.000000
1900	5	1	160.511200	0.000000	160.511200	2.302585	115	0.143156	0.055135	0.000000	0.000000	0.000000	0.000000	0.000000	0.000000
1690	4	1	126.328140	0.000000	126.328140	2.302585	115	0.336217	0.093330	0.000000	0.000000	0.000000	0.000000	0.000000	0.000000
1880	1	1	135.582733	0.000000	135.582733	2.302585	115	0.321543	0.061461	0.000000	0.000000	0.000000	0.000000	0.000000	0.000000
1720	2	1	135.784119	0.000000	135.784119	2.302585	115	0.334516	0.076603	0.000000	0.000000	0.000000	0.000000	0.000000	0.000000
1890	1	1	133.842224	0.000000	133.842224	2.302585	115	0.322122	0.074647	0.000000	0.000000	0.000000	0.000000	0.000000	0.000000
1910	5	1	160.704437	0.000000	160.704437	2.302585	115	0.138829	0.036921	0.000000	0.000000	0.000000	0.000000	0.000000	0.000000
1710	3	1	138.502274	0.000000	138.502274	2.302585	115	0.206317	0.047850	0.000000	0.000000	0.000000	0.000000	0.000000	0.000000
1700	4	1	126.980392	0.000000	126.980392	2.302585	115	0.306014	0.099582	0.000000	0.000000	0.000000	0.000000	0.000000	0.000000
1730	2	1	134.406662	0.000000	134.406662	2.302585	115	0.331759	0.060896	0.000000	0.000000	0.000000	0.000000	0.000000	0.000000
1920	5	1	161.191376	0.000000	161.191376	2.302585	115	0.139159	0.046634	0.000000	0.000000	0.000000	0.000000	0.000000	0.000000
1720	3	1	141.839615	0.000000	141.839615	2.302585	115	0.198646	0.063900	0.000000	0.000000	0.000000	0.000000	0.000000	0.000000
1900	1	1	131.900742	0.000000	131.900742	2.302585	115	0.322972	0.081289	0.000000	0.000000	0.000000	0.000000	0.000000	0.000000
1710	4	1	129.620499	0.000000	129.620499	2.302585	115	0.302609	0.075298	0.000000	0.000000	0.000000	0.000000	0.000000	0.000000
1740	2	1	135.857849	0.000000	135.857849	2.302585	115	0.330477	0.068540	0.000000	0.000000	0.000000	0.000000	0.000000	0.000000
1910	1	1	131.296448	0.000000	131.296448	2.302585	115	0.328154	0.071581	0.000000	0.000000	0.000000	0.000000	0.000000	0.000000
1930	5	1	164.531876	0.000000	164.531876	2.302585	115	0.136429	0.036025	0.000000	0.000000	0.000000	0.000000	0.000000	0.000000
1730	3	1	141.708908	0.000000	141.708908	2.302585	115	0.201961	0.068889	0.000000	0.000000	0.000000	0.000000	0.000000	0.000000
1750	2	1	136.037643	0.000000	136.037643	2.302585	115	0.328976	0.061888	0.000000	0.000000	0.000000	0.000000	0.000000	0.000000
1920	1	1	129.490372	0.000000	129.490372	2.302585	115	0.335085	0.075233	0.000000	0.000000	0.000000	0.000000	0.000000	0.000000
1720	4	1	130.066635	0.000000	130.066635	2.302585	115	0.370858	0.075393	0.000000	0.000000	0.000000	0.000000	0.000000	0.000000
1940	5	1	162.103867	0.000000	162.103867	2.302585	115	0.145544	0.048073	0.000000	0.000000	0.000000	0.000000	0.000000	0.000000
1740	3	1	142.542999	0.000000	142.542999	2.302585	115	0.203284	0.062742	0.000000	0.000000	0.000000	0.000000	0.000000	0.000000
1760	2	1	130.869965	0.000000	130.869965	2.302585	115	0.340372	0.072634	0.000000	0.000000	0.000000	0.000000	0.000000	0.000000
1730	4	1	125.442711	0.000000	125.442711	2.302585	115	0.366368	0.052806	0.000000	0.000000	0.000000	0.000000	0.000000	0.000000
1930	1	1	131.701401	0.000000	131.701401	2.302585	115	0.327598	0.086126	0.000000	0.000000	0.000000	0.000000	0.000000	0.000000
1950	5	1	162.150665	0.000000	162.150665	2.302585	115	0.145568	0.041540	0.000000	0.000000	0.000000	0.000000	0.000000	0.000000
1750	3	1	146.359192	0.000000	146.359192	2.302585	115	0.198906	0.053915	0.000000	0.000000	0.000000	0.000000	0.000000	0.000000
1770	2	1	129.584702	0.000000	129.584702	2.302585	115	0.327930	0.075727	0.000000	0.000000	0.000000	0.000000	0.000000	0.000000
1940	1	1	130.080917	0.000000	130.080917	2.302585	115	0.329564	0.082423	0.000000	0.000000	0.000000	0.000000	0.000000	0.000000
1960	5	1	162.242279	0.000000	162.242279	2.302585	115	0.149600	0.053722	0.000000	0.000000	0.000000	0.000000	0.000000	0.000000
1740	4	1	131.281998	0.000000	131.281998	2.302585	115	0.352312	0.068780	0.000000	0.000000	0.000000	0.000000	0.000000	0.000000
1760	3	1	146.513840	0.000000	146.513840	2.302585	115	0.196370	0.056912	0.000000	0.000000	0.000000	0.000000	0.000000	0.000000
1780	2	1	122.229965	0.000000	122.229965	2.302585	115	0.353158	0.093336	0.000000	0.000000	0.000000	0.000000	0.000000	0.000000
1950	1	1	134.289139	0.000000	134.289139	2.302585	115	0.326018	0.076657	0.000000	0.000000	0.000000	0.000000	0.000000	0.000000
1970	5	1	161.314041	0.000000	161.314041	2.302585	115	0.145614	0.045750	0.000000	0.000000	0.000000	0.000000	0.000000	0.000000
1750	4	1	137.182343	0.000000	137.182343	2.302585	115	0.336950	0.077043	0.000000	0.000000	0.000000	0.000000	0.000000	0.000000
1770	3	1	146.125732	0.000000	146.125732	2.302585	115	0.224164	0.069666	0.000000	0.000000	0.000000	0.000000	0.000000	0.000000
1790	2	1	123.193520	0.000000	123.193520	2.302585	115	0.369871	0.083111	0.000000	0.000000	0.000000	0.000000	0.000000	0.000000
1960	1	1	132.416016	0.000000	132.416016	2.302585	115	0.332512	0.076737	0.000000	0.000000	0.000000	0.000000	0.000000	0.000000
1980	5	1	160.128418	0.000000	160.128418	2.302585	115	0.146961	0.038869	0.000000	0.000000	0.000000	0.000000	0.000000	0.000000
1760	4	1	136.863419	0.000000	136.863419	2.302585	115	0.343558	0.067950	0.000000	0.000000	0.000000	0.000000	0.000000	0.000000
1970	1	1	130.670624	0.000000	130.670624	2.302585	115	0.331205	0.093674	0.000000	0.000000	0.000000	0.000000	0.000000	0.000000
1780	3	1	129.601639	0.000000	129.601639	2.302585	115	0.255248	0.086803	0.000000	0.000000	0.000000	0.000000	0.000000	0.000000
1800	2	1	120.089508	0.000000	120.089508	2.302585	115	0.379240	0.098428	0.000000	0.000000	0.000000	0.000000	0.000000	0.000000
1990	5	1	156.680893	0.000000	156.680893	2.302585	115	0.147200	0.055024	0.000000	0.000000	0.000000	0.000000	0.000000	0.000000
1770	4	1	134.257004	0.000000	134.257004	2.302585	115	0.343108	0.068846	0.000000	0.000000	0.000000	0.000000	0.000000	0.000000
1980	1	1	130.338409	0.000000	130.338409	2.302585	115	0.336681	0.079829	0.000000	0.000000	0.000000	0.000000	0.000000	0.000000
1810	2	1	118.284142	0.000000	118.284142	2.302585	115	0.382601	0.095998	0.000000	0.000000	0.000000	0.000000	0.000000	0.000000
1790	3	1	130.382828	0.000000	130.382828	2.302585	115	0.257261	0.074754	0.000000	0.000000	0.000000	0.000000	0.000000	0.000000
2000	5	1	155.901611	0.000000	155.901611	2.302585	115	0.152663	0.060206	0.000000	0.000000	0.000000	0.000000	0.000000	0.000000
1780	4	1	136.097305	0.000000	136.097305	2.302585	115	0.259470	0.073487	0.000000	0.000000	0.000000	0.000000	0.000000	0.000000
1990	1	1	129.407974	0.000000	129.407974	2.302585	115	0.336132	0.099665	0.000000	0.000000	0.000000	0.000000	0.000000	0.000000
1820	2	1	110.638542	0.000000	110.638542	2.302585	115	0.395424	0.085411	0.000000	0.000000	0.000000	0.000000	0.000000	0.000000
2010	5	1	157.770599	0.000000	157.770599	2.302585	115	0.152628	0.056115	0.000000	0.000000	0.000000	0.000000	0.000000	0.000000
1800	3	1	129.193939	0.000000	129.193939	2.302585	115	0.254170	0.088216	0.000000	0.000000	0.000000	0.000000	0.000000	0.000000
1790	4	1	133.078918	0.000000	133.078918	2.302585	115	0.283348	0.070582	0.000000	0.000000	0.000000	0.000000	0.000000	0.000000
2000	1	1	131.273575	0.000000	131.273575	2.302585	115	0.341733	0.080259	0.000000	0.000000	0.000000	0.000000	0.000000	0.000000
1830	2	1	111.786095	0.000000	111.786095	2.302585	115	0.395240	0.097707	0.000000	0.000000	0.000000	0.000000	0.000000	0.000000
1810	3	1	128.519211	0.000000	128.519211	2.302585	115	0.256219	0.068656	0.000000	0.000000	0.000000	0.000000	0.000000	0.000000
2020	5	1	158.547119	0.000000	158.547119	2.302585	115	0.159349	0.050145	0.000000	0.000000	0.000000	0.000000	0.000000	0.000000
1800	4	1	130.293396	0.000000	130.293396	2.302585	115	0.285783	0.080831	0.000000	0.000000	0.000000	0.000000	0.000000	0.000000
1820	3	1	128.776489	0.000000	128.776489	2.302585	115	0.255078	0.079159	0.000000	0.000000	0.000000	0.000000	0.000000	0.000000
2010	1	1	129.874985	0.000000	129.874985	2.302585	115	0.341713	0.067805	0.000000	0.000000	0.000000	0.000000	0.000000	0.000000
1840	2	1	111.305580	0.000000	111.305580	2.302585	115	0.383925	0.089790	0.000000	0.000000	0.000000	0.000000	0.000000	0.000000
2030	5	1	154.800217	0.000000	154.800217	2.302585	115	0.162257	0.039576	0.000000	0.000000	0.000000	0.000000	0.000000	0.000000
1810	4	1	128.082153	0.000000	128.082153	2.302585	115	0.287187	0.092458	0.000000	0.000000	0.000000	0.000000	0.000000	0.000000
2020	1	1	123.372482	0.000000	123.372482	2.302585	115	0.367338	0.096756	0.000000	0.000000	0.000000	0.000000	0.000000	0.000000
1830	3	1	138.462097	0.000000	138.462097	2.302585	115	0.236014	0.071782	0.000000	0.000000	0.000000	0.000000	0.000000	0.000000
1850	2	1	113.201149	0.000000	113.201149	2.302585	115	0.387448	0.092385	0.000000	0.000000	0.000000	0.000000	0.000000	0.000000
2040	5	1	154.686813	0.000000	154.686813	2.302585	115	0.165368	0.044538	0.000000	0.000000	0.000000	0.000000	0.000000	0.000000
1820	4	1	129.036682	0.000000	129.036682	2.302585	115	0.283983	0.071894	0.000000	0.000000	0.000000	0.000000	0.000000	0.000000
2030	1	1	122.920464	0.000000	122.920464	2.302585	115	0.441358	0.091430	0.000000	0.000000	0.000000	0.000000	0.000000	0.000000
1860	2	1	113.414375	0.000000	113.414375	2.302585	115	0.379859	0.090115	0.000000	0.000000	0.000000	0.000000	0.000000	0.000000
1840	3	1	141.802704	0.000000	141.802704	2.302585	115	0.232606	0.067330	0.000000	0.000000	0.000000	0.000000	0.000000	0.000000
2050	5	1	158.709991	0.000000	158.709991	2.302585	115	0.153166	0.046736	0.000000	0.000000	0.000000	0.000000	0.000000	0.000000
1830	4	1	128.435654	0.000000	128.435654	2.302585	115	0.281962	0.079433	0.000000	0.000000	0.000000	0.000000	0.000000	0.000000
2040	1	1	124.257309	0.000000	124.257309	2.302585	115	0.438431	0.091043	0.000000	0.000000	0.000000	0.000000	0.000000	0.000000
1870	2	1	113.174240	0.000000	113.174240	2.302585	115	0.371048	0.083923	0.000000	0.000000	0.000000	0.000000	0.000000	0.000000
1850	3	1	145.668335	0.000000	145.668335	2.302585	115	0.218778	0.065161	0.000000	0.000000	0.000000	0.000000	0.000000	0.000000
2060	5	1	158.148148	0.000000	158.148148	2.302585	115	0.153957	0.051373	0.000000	0.000000	0.000000	0.000000	0.000000	0.000000
1840	4	1	127.542953	0.000000	127.542953	2.302585	115	0.286875	0.088771	0.000000	0.000000	0.000000	0.000000	0.000000	0.000000
2050	1	1	121.962540	0.000000	121.962540	2.302585	115	0.445106	0.094456	0.000000	0.000000	0.000000	0.000000	0.000000	0.000000
1880	2	1	113.308022	0.000000	113.308022	2.302585	115	0.378824	0.080944	0.000000	0.000000	0.000000	0.000000	0.000000	0.000000
1860	3	1	144.690994	0.000000	144.690994	2.302585	115	0.216471	0.062775	0.000000	0.000000	0.000000	0.000000	0.000000	0.000000
2070	5	1	156.572617	0.000000	156.572617	2.302585	115	0.157975	0.045379	0.000000	0.000000	0.000000	0.000000	0.000000	0.000000
1850	4	1	122.003021	0.000000	122.003021	2.302585	115	0.360656	0.072158	0.000000	0.000000	0.000000	0.000000	0.000000	0.000000
2060	1	1	125.574989	0.000000	125.574989	2.302585	115	0.426199	0.087996	0.000000	0.000000	0.000000	0.000000	0.000000	0.000000
1890	2	1	117.142502	0.000000	117.142502	2.302585	115	0.374984	0.088509	0.000000	0.000000	0.000000	0.000000	0.000000	0.000000
2080	5	1	153.930374	0.000000	153.930374	2.302585	115	0.147992	0.043024	0.000000	0.000000	0.000000	0.000000	0.000000	0.000000
1870	3	1	150.727158	0.000000	150.727158	2.302585	115	0.207595	0.047669	0.000000	0.000000	0.000000	0.000000	0.000000	0.000000
1860	4	1	121.734665	0.000000	121.734665	2.302585	115	0.375674	0.077738	0.000000	0.000000	0.000000	0.000000	0.000000	0.000000
2070	1	1	127.368919	0.000000	127.368919	2.302585	115	0.428925	0.079422	0.000000	0.000000	0.000000	0.000000	0.000000	0.000000
1900	2	1	114.066429	0.000000	114.066429	2.302585	115	0.371850	0.078449	0.000000	0.000000	0.000000	0.000000	0.000000	0.000000
1880	3	1	148.047653	0.000000	148.047653	2.302585	115	0.236158	0.045427	0.000000	0.000000	0.000000	0.000000	0.000000	0.000000
2090	5	1	160.079086	0.000000	160.079086	2.302585	115	0.148254	0.048357	0.000000	0.000000	0.000000	0.000000	0.000000	0.000000
1870	4	1	116.440956	0.000000	116.440956	2.302585	115	0.385572	0.097389	0.000000	0.000000	0.000000	0.000000	0.000000	0.000000
2080	1	1	126.429802	0.000000	126.429802	2.302585	115	0.428047	0.067405	0.000000	0.000000	0.000000	0.000000	0.000000	0.000000
1890	3	1	150.453674	0.000000	150.453674	2.302585	115	0.235718	0.051128	0.000000	0.000000	0.000000	0.000000	0.000000	0.000000
2100	5	1	158.791275	0.000000	158.791275	2.302585	115	0.149197	0.047487	0.000000	0.000000	0.000000	0.000000	0.000000	0.000000
1910	2	1	119.694916	0.000000	119.694916	2.302585	115	0.373691	0.093757	0.000000	0.000000	0.000000	0.000000	0.000000	0.000000
1880	4	1	116.682343	0.000000	116.682343	2.302585	115	0.391223	0.092481	0.000000	0.000000	0.000000	0.000000	0.000000	0.000000
2090	1	1	127.008118	0.000000	127.008118	2.302585	115	0.426790	0.092185	0.000000	0.000000	0.000000	0.000000	0.000000	0.000000
1900	3	1	143.313385	0.000000	143.313385	2.302585	115	0.239958	0.053934	0.000000	0.000000	0.000000	0.000000	0.000000	0.000000
2110	5	1	159.420837	0.000000	159.420837	2.302585	115	0.145130	0.039811	0.000000	0.000000	0.000000	0.000000	0.000000	0.000000
1890	4	1	113.746826	0.000000	113.746826	2.302585	115	0.399593	0.095523	0.000000	0.000000	0.000000	0.000000	0.000000	0.000000
1920	2	1	129.628845	0.000000	129.628845	2.302585	115	0.373604	0.081271	0.000000	0.000000	0.000000	0.000000	0.000000	0.000000
2100	1	1	132.392654	0.000000	132.392654	2.302585	115	0.481535	0.082654	0.000000	0.000000	0.000000	0.000000	0.000000	0.000000
2120	5	1	158.663513	0.000000	158.663513	2.302585	115	0.143867	0.050054	0.000000	0.000000	0.000000	0.000000	0.000000	0.000000
1910	3	1	140.048874	0.000000	140.048874	2.302585	115	0.243948	0.084042	0.000000	0.000000	0.000000	0.000000	0.000000	0.000000
1900	4	1	111.056908	0.000000	111.056908	2.302585	115	0.407094	0.092065	0.000000	0.000000	0.000000	0.000000	0.000000	0.000000
1930	2	1	128.117188	0.000000	128.117188	2.302585	115	0.374264	0.087873	0.000000	0.000000	0.000000	0.000000	0.000000	0.000000
2110	1	1	121.798981	0.000000	121.798981	2.302585	115	0.418319	0.064367	0.000000	0.000000	0.000000	0.000000	0.000000	0.000000
2130	5	1	157.919327	0.000000	157.919327	2.302585	115	0.148765	0.039840	0.000000	0.000000	0.000000	0.000000	0.000000	0.000000
1910	4	1	112.757683	0.000000	112.757683	2.302585	115	0.403849	0.099430	0.000000	0.000000	0.000000	0.000000	0.000000	0.000000
1940	2	1	129.542450	0.000000	129.542450	2.302585	115	0.372701	0.084761	0.000000	0.000000	0.000000	0.000000	0.000000	0.000000
1920	3	1	147.603699	0.000000	147.603699	2.302585	115	0.224934	0.056410	0.000000	0.000000	0.000000	0.000000	0.000000	0.000000
2120	1	1	123.904221	0.000000	123.904221	2.302585	115	0.380389	0.086562	0.000000	0.000000	0.000000	0.000000	0.000000	0.000000
2140	5	1	164.825134	0.000000	164.825134	2.302585	115	0.127248	0.036319	0.000000	0.000000	0.000000	0.000000	0.000000	0.000000
1930	3	1	147.475266	0.000000	147.475266	2.302585	115	0.224786	0.057114	0.000000	0.000000	0.000000	0.000000	0.000000	0.000000
1950	2	1	130.447433	0.000000	130.447433	2.302585	115	0.389125	0.070808	0.000000	0.000000	0.000000	0.000000	0.000000	0.000000
1920	4	1	110.571762	0.000000	110.571762	2.302585	115	0.408732	0.096186	0.000000	0.000000	0.000000	0.000000	0.000000	0.000000
2130	1	1	121.012527	0.000000	121.012527	2.302585	115	0.381218	0.089073	0.000000	0.000000	0.000000	0.000000	0.000000	0.000000
2150	5	1	174.372940	0.000000	174.372940	2.302585	115	0.115408	0.025557	0.000000	0.000000	0.000000	0.000000	0.000000	0.000000
1940	3	1	145.676620	0.000000	145.676620	2.302585	115	0.198595	0.055332	0.000000	0.000000	0.000000	0.000000	0.000000	0.000000
1930	4	1	112.046028	0.000000	112.046028	2.302585	115	0.538098	0.092456	0.000000	0.000000	0.000000	0.000000	0.000000	0.000000
1960	2	1	131.347473	0.000000	131.347473	2.302585	115	0.385384	0.068960	0.000000	0.000000	0.000000	0.000000	0.000000	0.000000
2140	1	1	125.415901	0.000000	125.415901	2.302585	115	0.370331	0.080811	0.000000	0.000000	0.000000	0.000000	0.000000	0.000000
2160	5	1	177.142563	0.000000	177.142563	2.302585	115	0.113005	0.035533	0.000000	0.000000	0.000000	0.000000	0.000000	0.000000
1950	3	1	145.981018	0.000000	145.981018	2.302585	115	0.203138	0.062613	0.000000	0.000000	0.000000	0.000000	0.000000	0.000000
1940	4	1	109.523422	0.000000	109.523422	2.302585	115	0.543584	0.099073	0.000000	0.000000	0.000000	0.000000	0.000000	0.000000
1970	2	1	133.179184	0.000000	133.179184	2.302585	115	0.386351	0.064129	0.000000	0.000000	0.000000	0.000000	0.000000	0.000000
2150	1	1	128.652985	0.000000	128.652985	2.302585	115	0.362687	0.082116	0.000000	0.000000	0.000000	0.000000	0.000000	0.000000
2170	5	1	175.175842	0.000000	175.175842	2.302585	115	0.119285	0.026290	0.000000	0.000000	0.000000	0.000000	0.000000	0.000000
1960	3	1	143.893951	0.000000	143.893951	2.302585	115	0.195351	0.053941	0.000000	0.000000	0.000000	0.000000	0.000000	0.000000
1950	4	1	110.111214	0.000000	110.111214	2.302585	115	0.500828	0.095655	0.000000	0.000000	0.000000	0.000000	0.000000	0.000000
1980	2	1	130.935577	0.000000	130.935577	2.302585	115	0.351143	0.078328	0.000000	0.000000	0.000000	0.000000	0.000000	0.000000
2160	1	1	127.490997	0.000000	127.490997	2.302585	115	0.364904	0.082937	0.000000	0.000000	0.000000	0.000000	0.000000	0.000000
2180	5	1	176.419769	0.000000	176.419769	2.302585	115	0.122770	0.039642	0.000000	0.000000	0.000000	0.000000	0.000000	0.000000
1970	3	1	135.537140	0.000000	135.537140	2.302585	115	0.203080	0.083548	0.000000	0.000000	0.000000	0.000000	0.000000	0.000000
1990	2	1	131.008911	0.000000	131.008911	2.302585	115	0.346281	0.080995	0.000000	0.000000	0.000000	0.000000	0.000000	0.000000
2170	1	1	126.869003	0.000000	126.869003	2.302585	115	0.296542	0.084235	0.000000	0.000000	0.000000	0.000000	0.000000	0.000000
1960	4	1	106.463623	0.000000	106.463623	2.302585	115	0.507218	0.099486	0.000000	0.000000	0.000000	0.000000	0.000000	0.000000
2190	5	1	176.952545	0.000000	176.952545	2.302585	115	0.128221	0.033593	0.000000	0.000000	0.000000	0.000000	0.000000	0.000000
1980	3	1	135.975174	0.000000	135.975174	2.302585	115	0.202522	0.053914	0.000000	0.000000	0.000000	0.000000	0.000000	0.000000
2180	1	1	126.151512	0.000000	126.151512	2.302585	115	0.298267	0.087351	0.000000	0.000000	0.000000	0.000000	0.000000	0.000000
2000	2	1	128.908447	0.000000	128.908447	2.302585	115	0.347213	0.077628	0.000000	0.000000	0.000000	0.000000	0.000000	0.000000
1970	4	1	108.126289	0.000000	108.126289	2.302585	115	0.499918	0.095241	0.000000	0.000000	0.000000	0.000000	0.000000	0.000000
1990	3	1	131.266891	0.000000	131.266891	2.302585	115	0.259758	0.057092	0.000000	0.000000	0.000000	0.000000	0.000000	0.000000
2200	5	1	180.891373	0.000000	180.891373	2.302585	115	0.120271	0.030117	0.000000	0.000000	0.000000	0.000000	0.000000	0.000000
2010	2	1	130.787888	0.000000	130.787888	2.302585	115	0.347673	0.084659	0.000000	0.000000	0.000000	0.000000	0.000000	0.000000
2190	1	1	126.477364	0.000000	126.477364	2.302585	115	0.294087	0.088298	0.000000	0.000000	0.000000	0.000000	0.000000	0.000000
1980	4	1	117.981209	0.000000	117.981209	2.302585	115	0.446027	0.084976	0.000000	0.000000	0.000000	0.000000	0.000000	0.000000
2000	3	1	129.351013	0.000000	129.351013	2.302585	115	0.264202	0.099752	0.000000	0.000000	0.000000	0.000000	0.000000	0.000000
2200	1	1	129.290573	0.000000	129.290573	2.302585	115	0.264432	0.071203	0.000000	0.000000	0.000000	0.000000	0.000000	0.000000
2020	2	1	134.331070	0.000000	134.331070	2.302585	115	0.344553	0.071571	0.000000	0.000000	0.000000	0.000000	0.000000	0.000000
2210	5	1	174.834244	0.000000	174.834244	2.302585	115	0.123370	0.033602	0.000000	0.000000	0.000000	0.000000	0.000000	0.000000
1990	4	1	121.175896	0.000000	121.175896	2.302585	115	0.453512	0.080902	0.000000	0.000000	0.000000	0.000000	0.000000	0.000000
2010	3	1	124.278076	0.000000	124.278076	2.302585	115	0.292468	0.086018	0.000000	0.000000	0.000000	0.000000	0.000000	0.000000
2210	1	1	131.316727	0.000000	131.316727	2.302585	115	0.253916	0.091425	0.000000	0.000000	0.000000	0.000000	0.000000	0.000000
2030	2	1	130.205017	0.000000	130.205017	2.302585	115	0.349547	0.080874	0.000000	0.000000	0.000000	0.000000	0.000000	0.000000
2220	5	1	175.711136	0.000000	175.711136	2.302585	115	0.120839	0.032868	0.000000	0.000000	0.000000	0.000000	0.000000	0.000000
2000	4	1	122.138786	0.000000	122.138786	2.302585	115	0.449365	0.091969	0.000000	0.000000	0.000000	0.000000	0.000000	0.000000
2020	3	1	123.399742	0.000000	123.399742	2.302585	115	0.294432	0.089230	0.000000	0.000000	0.000000	0.000000	0.000000	0.000000
2220	1	1	130.978699	0.000000	130.978699	2.302585	115	0.257741	0.075711	0.000000	0.000000	0.000000	0.000000	0.000000	0.000000
2040	2	1	130.444733	0.000000	130.444733	2.302585	115	0.341452	0.073762	0.000000	0.000000	0.000000	0.000000	0.000000	0.000000
2230	5	1	175.777786	0.000000	175.777786	2.302585	115	0.121131	0.037935	0.000000	0.000000	0.000000	0.000000	0.000000	0.000000
2030	3	1	123.733017	0.000000	123.733017	2.302585	115	0.294071	0.097729	0.000000	0.000000	0.000000	0.000000	0.000000	0.000000
2010	4	1	126.054070	0.000000	126.054070	2.302585	115	0.439252	0.095581	0.000000	0.000000	0.000000	0.000000	0.000000	0.000000
2230	1	1	127.427086	0.000000	127.427086	2.302585	115	0.260742	0.097371	0.000000	0.000000	0.000000	0.000000	0.000000	0.000000
2240	5	1	178.570328	0.000000	178.570328	2.302585	115	0.116156	0.029187	0.000000	0.000000	0.000000	0.000000	0.000000	0.000000
2050	2	1	129.870682	0.000000	129.870682	2.302585	115	0.360780	0.072540	0.000000	0.000000	0.000000	0.000000	0.000000	0.000000
2040	3	1	121.347923	0.000000	121.347923	2.302585	115	0.297216	0.089998	0.000000	0.000000	0.000000	0.000000	0.000000	0.000000
2020	4	1	123.731834	0.000000	123.731834	2.302585	115	0.447592	0.068667	0.000000	0.000000	0.000000	0.000000	0.000000	0.000000
2240	1	1	129.114365	0.000000	129.114365	2.302585	115	0.257246	0.089701	0.000000	0.000000	0.000000	0.000000	0.000000	0.000000
2060	2	1	128.083115	0.000000	128.083115	2.302585	115	0.361942	0.095230	0.000000	0.000000	0.000000	0.000000	0.000000	0.000000
2250	5	1	178.853287	0.000000	178.853287	2.302585	115	0.114217	0.025390	0.000000	0.000000	0.000000	0.000000	0.000000	0.000000
2050	3	1	119.239571	0.000000	119.239571	2.302585	115	0.335554	0.080211	0.000000	0.000000	0.000000	0.000000	0.000000	0.000000
2250	1	1	129.024612	0.000000	129.024612	2.302585	115	0.260968	0.073720	0.000000	0.000000	0.000000	0.000000	0.000000	0.000000
2030	4	1	127.410995	0.000000	127.410995	2.302585	115	0.443271	0.079553	0.000000	0.000000	0.000000	0.000000	0.000000	0.000000
2260	5	1	176.041992	0.000000	176.041992	2.302585	115	0.113161	0.025850	0.000000	0.000000	0.000000	0.000000	0.000000	0.000000
2070	2	1	126.023300	0.000000	126.023300	2.302585	115	0.365347	0.084266	0.000000	0.000000	0.000000	0.000000	0.000000	0.000000
2060	3	1	122.429138	0.000000	122.429138	2.302585	115	0.325545	0.091719	0.000000	0.000000	0.000000	0.000000	0.000000	0.000000
2260	1	1	131.405212	0.000000	131.405212	2.302585	115	0.261394	0.075847	0.000000	0.000000	0.000000	0.000000	0.000000	0.000000
2040	4	1	126.328224	0.000000	126.328224	2.302585	115	0.444383	0.067975	0.000000	0.000000	0.000000	0.000000	0.000000	0.000000
2270	5	1	179.645386	0.000000	179.645386	2.302585	115	0.116527	0.032562	0.000000	0.000000	0.000000	0.000000	0.000000	0.000000
2070	3	1	124.508331	0.000000	124.508331	2.302585	115	0.301589	0.086111	0.000000	0.000000	0.000000	0.000000	0.000000	0.000000
2080	2	1	125.355392	0.000000	125.355392	2.302585	115	0.337791	0.086391	0.000000	0.000000	0.000000	0.000000	0.000000	0.000000
2050	4	1	126.610382	0.000000	126.610382	2.302585	115	0.442534	0.094646	0.000000	0.000000	0.000000	0.000000	0.000000	0.000000
2270	1	1	131.396088	0.000000	131.396088	2.302585	115	0.204847	0.074403	0.000000	0.000000	0.000000	0.000000	0.000000	0.000000
2280	5	1	176.722778	0.000000	176.722778	2.302585	115	0.115500	0.034977	0.000000	0.000000	0.000000	0.000000	0.000000	0.000000
2080	3	1	126.658188	0.000000	126.658188	2.302585	115	0.288657	0.090713	0.000000	0.000000	0.000000	0.000000	0.000000	0.000000
2090	2	1	126.060219	0.000000	126.060219	2.302585	115	0.339804	0.080056	0.000000	0.000000	0.000000	0.000000	0.000000	0.000000
2280	1	1	136.532669	0.000000	136.532669	2.302585	115	0.199983	0.059149	0.000000	0.000000	0.000000	0.000000	0.000000	0.000000
2060	4	1	128.061127	0.000000	128.061127	2.302585	115	0.438452	0.079392	0.000000	0.000000	0.000000	0.000000	0.000000	0.000000
2290	5	1	174.242874	0.000000	174.242874	2.302585	115	0.117594	0.040299	0.000000	0.000000	0.000000	0.000000	0.000000	0.000000
2090	3	1	128.403091	0.000000	128.403091	2.302585	115	0.302013	0.070925	0.000000	0.000000	0.000000	0.000000	0.000000	0.000000
2100	2	1	122.549019	0.000000	122.549019	2.302585	115	0.343053	0.091400	0.000000	0.000000	0.000000	0.000000	0.000000	0.000000
2290	1	1	136.706223	0.000000	136.706223	2.302585	115	0.197826	0.065793	0.000000	0.000000	0.000000	0.000000	0.000000	0.000000
2070	4	1	124.473984	0.000000	124.473984	2.302585	115	0.443589	0.080011	0.000000	0.000000	0.000000	0.000000	0.000000	0.000000
2300	5	1	173.300842	0.000000	173.300842	2.302585	115	0.118758	0.031901	0.000000	0.000000	0.000000	0.000000	0.000000	0.000000
2100	3	1	127.973892	0.000000	127.973892	2.302585	115	0.294860	0.078903	0.000000	0.000000	0.000000	0.000000	0.000000	0.000000
2300	1	1	135.789886	0.000000	135.789886	2.302585	115	0.206026	0.067311	0.000000	0.000000	0.000000	0.000000	0.000000	0.000000
2110	2	1	122.962471	0.000000	122.962471	2.302585	115	0.340347	0.075072	0.000000	0.000000	0.000000	0.000000	0.000000	0.000000
2080	4	1	119.205223	0.000000	119.205223	2.302585	115	0.461900	0.089806	0.000000	0.000000	0.000000	0.000000	0.000000	0.000000
2310	5	1	170.597488	0.000000	170.597488	2.302585	115	0.162231	0.027991	0.000000	0.000000	0.000000	0.000000	0.000000	0.000000
2110	3	1	126.985931	0.000000	126.985931	2.302585	115	0.296276	0.076450	0.000000	0.000000	0.000000	0.000000	0.000000	0.000000
2310	1	1	139.755524	0.000000	139.755524	2.302585	115	0.194457	0.070004	0.000000	0.000000	0.000000	0.000000	0.000000	0.000000
2120	2	1	122.202950	0.000000	122.202950	2.302585	115	0.339115	0.074145	0.000000	0.000000	0.000000	0.000000	0.000000	0.000000
2320	5	1	171.752213	0.000000	171.752213	2.302585	115	0.158340	0.042237	0.000000	0.000000	0.000000	0.000000	0.000000	0.000000
2090	4	1	118.634651	0.000000	118.634651	2.302585	115	0.452135	0.072717	0.000000	0.000000	0.000000	0.000000	0.000000	0.000000
2120	3	1	126.804863	0.000000	126.804863	2.302585	115	0.296322	0.085334	0.000000	0.000000	0.000000	0.000000	0.000000	0.000000
2320	1	1	141.818375	0.000000	141.818375	2.302585	115	0.194181	0.062102	0.000000	0.000000	0.000000	0.000000	0.000000	0.000000
2130	2	1	122.084366	0.000000	122.084366	2.302585	115	0.320279	0.081813	0.000000	0.000000	0.000000	0.000000	0.000000	0.000000
2330	5	1	171.043091	0.000000	171.043091	2.302585	115	0.159829	0.038719	0.000000	0.000000	0.000000	0.000000	0.000000	0.000000
2130	3	1	126.648750	0.000000	126.648750	2.302585	115	0.291693	0.061234	0.000000	0.000000	0.000000	0.000000	0.000000	0.000000
2100	4	1	120.104042	0.000000	120.104042	2.302585	115	0.451361	0.070107	0.000000	0.000000	0.000000	0.000000	0.000000	0.000000
2330	1	1	146.032959	0.000000	146.032959	2.302585	115	0.190335	0.065436	0.000000	0.000000	0.000000	0.000000	0.000000	0.000000
2140	2	1	124.863724	0.000000	124.863724	2.302585	115	0.317870	0.088509	0.000000	0.000000	0.000000	0.000000	0.000000	0.000000
2340	5	1	173.793640	0.000000	173.793640	2.302585	115	0.155255	0.034409	0.000000	0.000000	0.000000	0.000000	0.000000	0.000000
2140	3	1	126.064491	0.000000	126.064491	2.302585	115	0.292255	0.098336	0.000000	0.000000	0.000000	0.000000	0.000000	0.000000
2110	4	1	123.090660	0.000000	123.090660	2.302585	115	0.470587	0.088326	0.000000	0.000000	0.000000	0.000000	0.000000	0.000000
2340	1	1	141.506500	0.000000	141.506500	2.302585	115	0.188090	0.044722	0.000000	0.000000	0.000000	0.000000	0.000000	0.000000
2350	5	1	174.179230	0.000000	174.179230	2.302585	115	0.155564	0.034574	0.000000	0.000000	0.000000	0.000000	0.000000	0.000000
2150	2	1	122.122993	0.000000	122.122993	2.302585	115	0.348625	0.080993	0.000000	0.000000	0.000000	0.000000	0.000000	0.000000
2150	3	1	129.214371	0.000000	129.214371	2.302585	115	0.277758	0.062198	0.000000	0.000000	0.000000	0.000000	0.000000	0.000000
2120	4	1	116.160812	0.000000	116.160812	2.302585	115	0.354038	0.069091	0.000000	0.000000	0.000000	0.000000	0.000000	0.000000
2350	1	1	140.785828	0.000000	140.785828	2.302585	115	0.186573	0.050647	0.000000	0.000000	0.000000	0.000000	0.000000	0.000000
2160	2	1	122.738647	0.000000	122.738647	2.302585	115	0.345571	0.092138	0.000000	0.000000	0.000000	0.000000	0.000000	0.000000
2360	5	1	173.579315	0.000000	173.579315	2.302585	115	0.155841	0.035810	0.000000	0.000000	0.000000	0.000000	0.000000	0.000000
2160	3	1	135.274933	0.000000	135.274933	2.302585	115	0.276414	0.072803	0.000000	0.000000	0.000000	0.000000	0.000000	0.000000
2130	4	1	118.396675	0.000000	118.396675	2.302585	115	0.404850	0.091925	0.000000	0.000000	0.000000	0.000000	0.000000	0.000000
2360	1	1	145.142502	0.000000	145.142502	2.302585	115	0.195486	0.062065	0.000000	0.000000	0.000000	0.000000	0.000000	0.000000
2170	2	1	132.757965	0.000000	132.757965	2.302585	115	0.242961	0.060295	0.000000	0.000000	0.000000	0.000000	0.000000	0.000000
2370	5	1	171.806473	0.000000	171.806473	2.302585	115	0.156887	0.032439	0.000000	0.000000	0.000000	0.000000	0.000000	0.000000
2170	3	1	138.052048	0.000000	138.052048	2.302585	115	0.266382	0.066209	0.000000	0.000000	0.000000	0.000000	0.000000	0.000000
2140	4	1	118.710312	0.000000	118.710312	2.302585	115	0.405112	0.092515	0.000000	0.000000	0.000000	0.000000	0.000000	0.000000
2370	1	1	144.502258	0.000000	144.502258	2.302585	115	0.205662	0.062508	0.000000	0.000000	0.000000	0.000000	0.000000	0.000000
2180	2	1	132.347992	0.000000	132.347992	2.302585	115	0.249079	0.082956	0.000000	0.000000	0.000000	0.000000	0.000000	0.000000
2380	5	1	173.061554	0.000000	173.061554	2.302585	115	0.156592	0.041116	0.000000	0.000000	0.000000	0.000000	0.000000	0.000000
2180	3	1	134.499481	0.000000	134.499481	2.302585	115	0.276968	0.067502	0.000000	0.000000	0.000000	0.000000	0.000000	0.000000
2150	4	1	118.801254	0.000000	118.801254	2.302585	115	0.396989	0.068860	0.000000	0.000000	0.000000	0.000000	0.000000	0.000000
2380	1	1	148.114914	0.000000	148.114914	2.302585	115	0.199709	0.053709	0.000000	0.000000	0.000000	0.000000	0.000000	0.000000
2190	2	1	134.538696	0.000000	134.538696	2.302585	115	0.248456	0.071347	0.000000	0.000000	0.000000	0.000000	0.000000	0.000000
2390	5	1	170.238342	0.000000	170.238342	2.302585	115	0.167440	0.037876	0.000000	0.000000	0.000000	0.000000	0.000000	0.000000
2190	3	1	131.202911	0.000000	131.202911	2.302585	115	0.294435	0.061705	0.000000	0.000000	0.000000	0.000000	0.000000	0.000000
2160	4	1	121.137527	0.000000	121.137527	2.302585	115	0.396141	0.082125	0.000000	0.000000	0.000000	0.000000	0.000000	0.000000
2390	1	1	151.311844	0.000000	151.311844	2.302585	115	0.194087	0.056140	0.000000	0.000000	0.000000	0.000000	0.000000	0.000000
2200	2	1	134.660294	0.000000	134.660294	2.302585	115	0.226939	0.059771	0.000000	0.000000	0.000000	0.000000	0.000000	0.000000
2400	5	1	174.392868	0.000000	174.392868	2.302585	115	0.158701	0.027873	0.000000	0.000000	0.000000	0.000000	0.000000	0.000000
2200	3	1	133.055786	0.000000	133.055786	2.302585	115	0.292219	0.064866	0.000000	0.000000	0.000000	0.000000	0.000000	0.000000
2170	4	1	118.270851	0.000000	118.270851	2.302585	115	0.411472	0.074087	0.000000	0.000000	0.000000	0.000000	0.000000	0.000000
2400	1	1	147.822021	0.000000	147.822021	2.302585	115	0.188622	0.066739	0.000000	0.000000	0.000000	0.000000	0.000000	0.000000
2210	2	1	141.563416	0.000000	141.563416	2.302585	115	0.224950	0.062404	0.000000	0.000000	0.000000	0.000000	0.000000	0.000000
2410	5	1	177.816055	0.000000	177.816055	2.302585	115	0.134660	0.039931	0.000000	0.000000	0.000000	0.000000	0.000000	0.000000
2210	3	1	132.529709	0.000000	132.529709	2.302585	115	0.292961	0.070978	0.000000	0.000000	0.000000	0.000000	0.000000	0.000000
2180	4	1	119.764168	0.000000	119.764168	2.302585	115	0.401073	0.085309	0.000000	0.000000	0.000000	0.000000	0.000000	0.000000
2410	1	1	150.385101	0.000000	150.385101	2.302585	115	0.180798	0.037165	0.000000	0.000000	0.000000	0.000000	0.000000	0.000000
2420	5	1	182.789597	0.000000	182.789597	2.302585	115	0.131659	0.034754	0.000000	0.000000	0.000000	0.000000	0.000000	0.000000
2220	2	1	145.217163	0.000000	145.217163	2.302585	115	0.210068	0.060566	0.000000	0.000000	0.000000	0.000000	0.000000	0.000000
2220	3	1	132.551987	0.000000	132.551987	2.302585	115	0.294314	0.068168	0.000000	0.000000	0.000000	0.000000	0.000000	0.000000
2190	4	1	121.903481	0.000000	121.903481	2.302585	115	0.404927	0.098206	0.000000	0.000000	0.000000	0.000000	0.000000	0.000000
2420	1	1	156.219086	0.000000	156.219086	2.302585	115	0.168203	0.048674	0.000000	0.000000	0.000000	0.000000	0.000000	0.000000
2430	5	1	185.273071	0.000000	185.273071	2.302585	115	0.127997	0.028014	0.000000	0.000000	0.000000	0.000000	0.000000	0.000000
2230	2	1	138.016006	0.000000	138.016006	2.302585	115	0.230069	0.079542	0.000000	0.000000	0.000000	0.000000	0.000000	0.000000
2230	3	1	129.865204	0.000000	129.865204	2.302585	115	0.300368	0.086917	0.000000	0.000000	0.000000	0.000000	0.000000	0.000000
2200	4	1	119.419151	0.000000	119.419151	2.302585	115	0.402755	0.070166	0.000000	0.000000	0.000000	0.000000	0.000000	0.000000
2430	1	1	154.232407	0.000000	154.232407	2.302585	115	0.171392	0.039352	0.000000	0.000000	0.000000	0.000000	0.000000	0.000000
2240	2	1	140.720673	0.000000	140.720673	2.302585	115	0.250307	0.067133	0.000000	0.000000	0.000000	0.000000	0.000000	0.000000
2240	3	1	133.268906	0.000000	133.268906	2.302585	115	0.289578	0.066573	0.000000	0.000000	0.000000	0.000000	0.000000	0.000000
2440	5	1	184.180420	0.000000	184.180420	2.302585	115	0.135197	0.031474	0.000000	0.000000	0.000000	0.000000	0.000000	0.000000
2210	4	1	116.431557	0.000000	116.431557	2.302585	115	0.411175	0.099913	0.000000	0.000000	0.000000	0.000000	0.000000	0.000000
2440	1	1	157.629013	0.000000	157.629013	2.302585	115	0.169078	0.046107	0.000000	0.000000	0.000000	0.000000	0.000000	0.000000
2250	3	1	131.770508	0.000000	131.770508	2.302585	115	0.290348	0.084613	0.000000	0.000000	0.000000	0.000000	0.000000	0.000000
2250	2	1	143.664154	0.000000	143.664154	2.302585	115	0.243837	0.064494	0.000000	0.000000	0.000000	0.000000	0.000000	0.000000
2450	5	1	181.357376	0.000000	181.357376	2.302585	115	0.101966	0.029870	0.000000	0.000000	0.000000	0.000000	0.000000	0.000000
2450	1	1	156.923111	0.000000	156.923111	2.302585	115	0.174180	0.051713	0.000000	0.000000	0.000000	0.000000	0.000000	0.000000
2220	4	1	116.230110	0.000000	116.230110	2.302585	115	0.411305	0.094145	0.000000	0.000000	0.000000	0.000000	0.000000	0.000000
2260	3	1	126.764587	0.000000	126.764587	2.302585	115	0.308619	0.077330	0.000000	0.000000	0.000000	0.000000	0.000000	0.000000
2260	2	1	144.869095	0.000000	144.869095	2.302585	115	0.205601	0.051830	0.000000	0.000000	0.000000	0.000000	0.000000	0.000000
2460	5	1	182.082153	0.000000	182.082153	2.302585	115	0.102487	0.034522	0.000000	0.000000	0.000000	0.000000	0.000000	0.000000
2460	1	1	152.647354	0.000000	152.647354	2.302585	115	0.178548	0.046528	0.000000	0.000000	0.000000	0.000000	0.000000	0.000000
2230	4	1	113.674004	0.000000	113.674004	2.302585	115	0.413725	0.092521	0.000000	0.000000	0.000000	0.000000	0.000000	0.000000
2270	3	1	132.061493	0.000000	132.061493	2.302585	115	0.291423	0.074001	0.000000	0.000000	0.000000	0.000000	0.000000	0.000000
2470	5	1	180.862137	0.000000	180.862137	2.302585	115	0.102683	0.032833	0.000000	0.000000	0.000000	0.000000	0.000000	0.000000
2470	1	1	151.776749	0.000000	151.776749	2.302585	115	0.181760	0.045483	0.000000	0.000000	0.000000	0.000000	0.000000	0.000000
2270	2	1	141.504166	0.000000	141.504166	2.302585	115	0.215028	0.061514	0.000000	0.000000	0.000000	0.000000	0.000000	0.000000
2240	4	1	117.235809	0.000000	117.235809	2.302585	115	0.393088	0.086200	0.000000	0.000000	0.000000	0.000000	0.000000	0.000000
2280	3	1	134.844894	0.000000	134.844894	2.302585	115	0.279639	0.066616	0.000000	0.000000	0.000000	0.000000	0.000000	0.000000
2480	5	1	181.011246	0.000000	181.011246	2.302585	115	0.102102	0.035918	0.000000	0.000000	0.000000	0.000000	0.000000	0.000000
2480	1	1	156.739655	0.000000	156.739655	2.302585	115	0.183371	0.045901	0.000000	0.000000	0.000000	0.000000	0.000000	0.000000
2280	2	1	140.709976	0.000000	140.709976	2.302585	115	0.198221	0.061595	0.000000	0.000000	0.000000	0.000000	0.000000	0.000000
2250	4	1	121.414742	0.000000	121.414742	2.302585	115	0.355233	0.096832	0.000000	0.000000	0.000000	0.000000	0.000000	0.000000
2490	5	1	182.487152	0.000000	182.487152	2.302585	115	0.101518	0.034140	0.000000	0.000000	0.000000	0.000000	0.000000	0.000000
2490	1	1	152.917618	0.000000	152.917618	2.302585	115	0.213414	0.063841	0.000000	0.000000	0.000000	0.000000	0.000000	0.000000
2290	3	1	133.748886	0.000000	133.748886	2.302585	115	0.289965	0.076158	0.000000	0.000000	0.000000	0.000000	0.000000	0.000000
2290	2	1	140.547440	0.000000	140.547440	2.302585	115	0.259958	0.071545	0.000000	0.000000	0.000000	0.000000	0.000000	0.000000
2260	4	1	125.090424	0.000000	125.090424	2.302585	115	0.351022	0.067373	0.000000	0.000000	0.000000	0.000000	0.000000	0.000000
2500	5	1	185.271454	0.000000	185.271454	2.302585	115	0.097294	0.030369	0.000000	0.000000	0.000000	0.000000	0.000000	0.000000
2300	3	1	133.314346	0.000000	133.314346	2.302585	115	0.289256	0.073443	0.000000	0.000000	0.000000	0.000000	0.000000	0.000000
2500	1	1	152.725220	0.000000	152.725220	2.302585	115	0.226775	0.051578	0.000000	0.000000	0.000000	0.000000	0.000000	0.000000
2300	2	1	141.700928	0.000000	141.700928	2.302585	115	0.259958	0.063622	0.000000	0.000000	0.000000	0.000000	0.000000	0.000000
2270	4	1	125.488419	0.000000	125.488419	2.302585	115	0.359562	0.084295	0.000000	0.000000	0.000000	0.000000	0.000000	0.000000
2510	5	1	183.050125	0.000000	183.050125	2.302585	115	0.115641	0.033724	0.000000	0.000000	0.000000	0.000000	0.000000	0.000000
2310	3	1	131.870193	0.000000	131.870193	2.302585	115	0.329857	0.067605	0.000000	0.000000	0.000000	0.000000	0.000000	0.000000
2510	1	1	152.725220	0.000000	152.725220	2.302585	115	0.190184	0.051578	0.000000	0.000000	0.000000	0.000000	0.000000	0.000000
2310	2	1	138.963486	0.000000	138.963486	2.302585	115	0.254949	0.081147	0.000000	0.000000	0.000000	0.000000	0.000000	0.000000
2520	5	1	187.485229	0.000000	187.485229	2.302585	115	0.113650	0.026297	0.000000	0.000000	0.000000	0.000000	0.000000	0.000000
2280	4	1	125.924194	0.000000	125.924194	2.302585	115	0.354903	0.074883	0.000000	0.000000	0.000000	0.000000	0.000000	0.000000
2320	3	1	130.726517	0.000000	130.726517	2.302585	115	0.330076	0.064389	0.000000	0.000000	0.000000	0.000000	0.000000	0.000000
2520	1	1	168.314819	0.000000	168.314819	2.302585	115	0.187103	0.043805	0.000000	0.000000	0.000000	0.000000	0.000000	0.000000
2530	5	1	183.132507	0.000000	183.132507	2.302585	115	0.117653	0.028164	0.000000	0.000000	0.000000	0.000000	0.000000	0.000000
2320	2	1	141.537674	0.000000	141.537674	2.302585	115	0.252643	0.052295	0.000000	0.000000	0.000000	0.000000	0.000000	0.000000
2290	4	1	127.424507	0.000000	127.424507	2.302585	115	0.355302	0.072009	0.000000	0.000000	0.000000	0.000000	0.000000	0.000000
2530	1	1	170.181244	0.000000	170.181244	2.302585	115	0.184892	0.041113	0.000000	0.000000	0.000000	0.000000	0.000000	0.000000
2330	3	1	133.083191	0.000000	133.083191	2.302585	115	0.328205	0.072510	0.000000	0.000000	0.000000	0.000000	0.000000	0.000000
2540	5	1	180.653061	0.000000	180.653061	2.302585	115	0.113248	0.026761	0.000000	0.000000	0.000000	0.000000	0.000000	0.000000
2300	4	1	127.991493	0.000000	127.991493	2.302585	115	0.354620	0.086695	0.000000	0.000000	0.000000	0.000000	0.000000	0.000000
2330	2	1	140.179825	0.000000	140.179825	2.302585	115	0.249781	0.077647	0.000000	0.000000	0.000000	0.000000	0.000000	0.000000
2540	1	1	172.407410	0.000000	172.407410	2.302585	115	0.181347	0.041439	0.000000	0.000000	0.000000	0.000000	0.000000	0.000000
2340	3	1	130.090775	0.000000	130.090775	2.302585	115	0.325425	0.057715	0.000000	0.000000	0.000000	0.000000	0.000000	0.000000
2310	4	1	124.602913	0.000000	124.602913	2.302585	115	0.373325	0.087990	0.000000	0.000000	0.000000	0.000000	0.000000	0.000000
2550	5	1	183.123306	0.000000	183.123306	2.302585	115	0.124494	0.033308	0.000000	0.000000	0.000000	0.000000	0.000000	0.000000
2340	2	1	140.264801	0.000000	140.264801	2.302585	115	0.249010	0.061515	0.000000	0.000000	0.000000	0.000000	0.000000	0.000000
2550	1	1	170.717636	0.000000	170.717636	2.302585	115	0.184679	0.039462	0.000000	0.000000	0.000000	0.000000	0.000000	0.000000
2350	3	1	130.466736	0.000000	130.466736	2.302585	115	0.328514	0.090135	0.000000	0.000000	0.000000	0.000000	0.000000	0.000000
2560	5	1	187.589706	0.000000	187.589706	2.302585	115	0.114278	0.029736	0.000000	0.000000	0.000000	0.000000	0.000000	0.000000
2320	4	1	124.792641	0.000000	124.792641	2.302585	115	0.377952	0.069207	0.000000	0.000000	0.000000	0.000000	0.000000	0.000000
2560	1	1	168.971588	0.000000	168.971588	2.302585	115	0.168910	0.043994	0.000000	0.000000	0.000000	0.000000	0.000000	0.000000
2350	2	1	139.644653	0.000000	139.644653	2.302585	115	0.247828	0.078605	0.000000	0.000000	0.000000	0.000000	0.000000	0.000000
2360	3	1	124.230850	0.000000	124.230850	2.302585	115	0.330056	0.096669	0.000000	0.000000	0.000000	0.000000	0.000000	0.000000
2360	2	1	140.687790	0.000000	140.687790	2.302585	115	0.247828	0.054482	0.000000	0.000000	0.000000	0.000000	0.000000	0.000000
2570	5	1	189.316345	0.000000	189.316345	2.302585	115	0.112849	0.024709	0.000000	0.000000	0.000000	0.000000	0.000000	0.000000
2570	1	1	172.322174	0.000000	172.322174	2.302585	115	0.170496	0.033991	0.000000	0.000000	0.000000	0.000000	0.000000	0.000000
2330	4	1	122.380005	0.000000	122.380005	2.302585	115	0.398452	0.091759	0.000000	0.000000	0.000000	0.000000	0.000000	0.000000
2370	3	1	126.928574	0.000000	126.928574	2.302585	115	0.364174	0.098444	0.000000	0.000000	0.000000	0.000000	0.000000	0.000000
2580	5	1	191.794968	0.000000	191.794968	2.302585	115	0.104325	0.030311	0.000000	0.000000	0.000000	0.000000	0.000000	0.000000
2370	2	1	140.427322	0.000000	140.427322	2.302585	115	0.240005	0.064662	0.000000	0.000000	0.000000	0.000000	0.000000	0.000000
2340	4	1	120.443207	0.000000	120.443207	2.302585	115	0.399407	0.080911	0.000000	0.000000	0.000000	0.000000	0.000000	0.000000
2580	1	1	171.078598	0.000000	171.078598	2.302585	115	0.174957	0.045908	0.000000	0.000000	0.000000	0.000000	0.000000	0.000000
2380	3	1	130.946060	0.000000	130.946060	2.302585	115	0.365467	0.084141	0.000000	0.000000	0.000000	0.000000	0.000000	0.000000
2590	5	1	187.363678	0.000000	187.363678	2.302585	115	0.109347	0.026428	0.000000	0.000000	0.000000	0.000000	0.000000	0.000000
2380	2	1	143.962418	0.000000	143.962418	2.302585	115	0.236238	0.062825	0.000000	0.000000	0.000000	0.000000	0.000000	0.000000
2590	1	1	171.569061	0.000000	171.569061	2.302585	115	0.173582	0.041979	0.000000	0.000000	0.000000	0.000000	0.000000	0.000000
2350	4	1	119.942680	0.000000	119.942680	2.302585	115	0.402941	0.096071	0.000000	0.000000	0.000000	0.000000	0.000000	0.000000
2390	3	1	134.212418	0.000000	134.212418	2.302585	115	0.360307	0.066505	0.000000	0.000000	0.000000	0.000000	0.000000	0.000000
2600	5	1	184.808197	0.000000	184.808197	2.302585	115	0.107746	0.034029	0.000000	0.000000	0.000000	0.000000	0.000000	0.000000
2390	2	1	140.085327	0.000000	140.085327	2.302585	115	0.243458	0.050648	0.000000	0.000000	0.000000	0.000000	0.000000	0.000000
2600	1	1	168.600052	0.000000	168.600052	2.302585	115	0.175202	0.033384	0.000000	0.000000	0.000000	0.000000	0.000000	0.000000
2360	4	1	115.531044	0.000000	115.531044	2.302585	115	0.463110	0.086569	0.000000	0.000000	0.000000	0.000000	0.000000	0.000000
2400	3	1	135.584656	0.000000	135.584656	2.302585	115	0.360857	0.069202	0.000000	0.000000	0.000000	0.000000	0.000000	0.000000
2400	2	1	138.909714	0.000000	138.909714	2.302585	115	0.243988	0.080222	0.000000	0.000000	0.000000	0.000000	0.000000	0.000000
2610	5	1	186.136246	0.000000	186.136246	2.302585	115	0.102962	0.031086	0.000000	0.000000	0.000000	0.000000	0.000000	0.000000
2610	1	1	172.220398	0.000000	172.220398	2.302585	115	0.173794	0.037002	0.000000	0.000000	0.000000	0.000000	0.000000	0.000000
2370	4	1	114.148537	0.000000	114.148537	2.302585	115	0.459078	0.088123	0.000000	0.000000	0.000000	0.000000	0.000000	0.000000
2410	3	1	130.559906	0.000000	130.559906	2.302585	115	0.363201	0.055268	0.000000	0.000000	0.000000	0.000000	0.000000	0.000000
2410	2	1	138.921570	0.000000	138.921570	2.302585	115	0.246939	0.064506	0.000000	0.000000	0.000000	0.000000	0.000000	0.000000
2620	5	1	183.640976	0.000000	183.640976	2.302585	115	0.104426	0.029687	0.000000	0.000000	0.000000	0.000000	0.000000	0.000000
2620	1	1	173.918137	0.000000	173.918137	2.302585	115	0.171579	0.031453	0.000000	0.000000	0.000000	0.000000	0.000000	0.000000
2380	4	1	114.771072	0.000000	114.771072	2.302585	115	0.456674	0.090517	0.000000	0.000000	0.000000	0.000000	0.000000	0.000000
2420	3	1	136.167770	0.000000	136.167770	2.302585	115	0.350816	0.079565	0.000000	0.000000	0.000000	0.000000	0.000000	0.000000
2420	2	1	140.547714	0.000000	140.547714	2.302585	115	0.245028	0.067476	0.000000	0.000000	0.000000	0.000000	0.000000	0.000000
2630	5	1	184.365448	0.000000	184.365448	2.302585	115	0.104728	0.026100	0.000000	0.000000	0.000000	0.000000	0.000000	0.000000
2630	1	1	173.294632	0.000000	173.294632	2.302585	115	0.172183	0.032883	0.000000	0.000000	0.000000	0.000000	0.000000	0.000000
2430	3	1	141.784195	0.000000	141.784195	2.302585	115	0.298430	0.069288	0.000000	0.000000	0.000000	0.000000	0.000000	0.000000
2640	5	1	182.486725	0.000000	182.486725	2.302585	115	0.104556	0.030223	0.000000	0.000000	0.000000	0.000000	0.000000	0.000000
2390	4	1	112.972580	0.000000	112.972580	2.302585	115	0.452472	0.083653	0.000000	0.000000	0.000000	0.000000	0.000000	0.000000
2430	2	1	140.612595	0.000000	140.612595	2.302585	115	0.244902	0.059525	0.000000	0.000000	0.000000	0.000000	0.000000	0.000000
2640	1	1	176.629272	0.000000	176.629272	2.302585	115	0.168213	0.029771	0.000000	0.000000	0.000000	0.000000	0.000000	0.000000
2440	3	1	141.939758	0.000000	141.939758	2.302585	115	0.298275	0.067406	0.000000	0.000000	0.000000	0.000000	0.000000	0.000000
2650	5	1	183.135376	0.000000	183.135376	2.302585	115	0.104369	0.028371	0.000000	0.000000	0.000000	0.000000	0.000000	0.000000
2400	4	1	115.982567	0.000000	115.982567	2.302585	115	0.447763	0.090477	0.000000	0.000000	0.000000	0.000000	0.000000	0.000000
2440	2	1	141.142365	0.000000	141.142365	2.302585	115	0.245610	0.061747	0.000000	0.000000	0.000000	0.000000	0.000000	0.000000
2650	1	1	177.729843	0.000000	177.729843	2.302585	115	0.180211	0.037942	0.000000	0.000000	0.000000	0.000000	0.000000	0.000000
2660	5	1	182.994980	0.000000	182.994980	2.302585	115	0.080306	0.028514	0.000000	0.000000	0.000000	0.000000	0.000000	0.000000
2450	3	1	141.939758	0.000000	141.939758	2.302585	115	0.302675	0.067406	0.000000	0.000000	0.000000	0.000000	0.000000	0.000000
2410	4	1	115.179810	0.000000	115.179810	2.302585	115	0.331671	0.097426	0.000000	0.000000	0.000000	0.000000	0.000000	0.000000
2450	2	1	140.218353	0.000000	140.218353	2.302585	115	0.243090	0.049604	0.000000	0.000000	0.000000	0.000000	0.000000	0.000000
2660	1	1	178.069489	0.000000	178.069489	2.302585	115	0.140140	0.027354	0.000000	0.000000	0.000000	0.000000	0.000000	0.000000
2460	3	1	144.194473	0.000000	144.194473	2.302585	115	0.178582	0.060806	0.000000	0.000000	0.000000	0.000000	0.000000	0.000000
2670	5	1	183.089111	0.000000	183.089111	2.302585	115	0.081585	0.032637	0.000000	0.000000	0.000000	0.000000	0.000000	0.000000
2420	4	1	116.498360	0.000000	116.498360	2.302585	115	0.325477	0.089972	0.000000	0.000000	0.000000	0.000000	0.000000	0.000000
2460	2	1	140.818604	0.000000	140.818604	2.302585	115	0.275712	0.053656	0.000000	0.000000	0.000000	0.000000	0.000000	0.000000
2670	1	1	181.092270	0.000000	181.092270	2.302585	115	0.135911	0.029370	0.000000	0.000000	0.000000	0.000000	0.000000	0.000000
2680	5	1	179.860092	0.000000	179.860092	2.302585	115	0.084959	0.030474	0.000000	0.000000	0.000000	0.000000	0.000000	0.000000
2470	3	1	141.900116	0.000000	141.900116	2.302585	115	0.180171	0.057231	0.000000	0.000000	0.000000	0.000000	0.000000	0.000000
2430	4	1	113.610855	0.000000	113.610855	2.302585	115	0.337392	0.097604	0.000000	0.000000	0.000000	0.000000	0.000000	0.000000
2470	2	1	143.260300	0.000000	143.260300	2.302585	115	0.268574	0.056767	0.000000	0.000000	0.000000	0.000000	0.000000	0.000000
2680	1	1	184.613449	0.000000	184.613449	2.302585	115	0.136076	0.032420	0.000000	0.000000	0.000000	0.000000	0.000000	0.000000
2690	5	1	180.639587	0.000000	180.639587	2.302585	115	0.085177	0.030501	0.000000	0.000000	0.000000	0.000000	0.000000	0.000000
2480	3	1	140.943253	0.000000	140.943253	2.302585	115	0.346001	0.064768	0.000000	0.000000	0.000000	0.000000	0.000000	0.000000
2480	2	1	143.810684	0.000000	143.810684	2.302585	115	0.282523	0.061969	0.000000	0.000000	0.000000	0.000000	0.000000	0.000000
2440	4	1	114.361626	0.000000	114.361626	2.302585	115	0.323962	0.098149	0.000000	0.000000	0.000000	0.000000	0.000000	0.000000
2690	1	1	182.361801	0.000000	182.361801	2.302585	115	0.137423	0.028305	0.000000	0.000000	0.000000	0.000000	0.000000	0.000000
2700	5	1	179.268723	0.000000	179.268723	2.302585	115	0.085864	0.037723	0.000000	0.000000	0.000000	0.000000	0.000000	0.000000
2490	3	1	140.097931	0.000000	140.097931	2.302585	115	0.344745	0.075735	0.000000	0.000000	0.000000	0.000000	0.000000	0.000000
2490	2	1	143.613541	0.000000	143.613541	2.302585	115	0.282656	0.060232	0.000000	0.000000	0.000000	0.000000	0.000000	0.000000
2700	1	1	179.302414	0.000000	179.302414	2.302585	115	0.140014	0.030697	0.000000	0.000000	0.000000	0.000000	0.000000	0.000000
2450	4	1	113.267670	0.000000	113.267670	2.302585	115	0.329597	0.093954	0.000000	0.000000	0.000000	0.000000	0.000000	0.000000
2500	3	1	139.194672	0.000000	139.194672	2.302585	115	0.356102	0.067762	0.000000	0.000000	0.000000	0.000000	0.000000	0.000000
2710	5	1	178.225189	0.000000	178.225189	2.302585	115	0.107292	0.029018	0.000000	0.000000	0.000000	0.000000	0.000000	0.000000
2500	2	1	144.236969	0.000000	144.236969	2.302585	115	0.279390	0.048392	0.000000	0.000000	0.000000	0.000000	0.000000	0.000000
2710	1	1	172.893234	0.000000	172.893234	2.302585	115	0.148933	0.047824	0.000000	0.000000	0.000000	0.000000	0.000000	0.000000
2460	4	1	112.756676	0.000000	112.756676	2.302585	115	0.329344	0.084900	0.000000	0.000000	0.000000	0.000000	0.000000	0.000000
2720	5	1	180.027817	0.000000	180.027817	2.302585	115	0.116176	0.037978	0.000000	0.000000	0.000000	0.000000	0.000000	0.000000
2510	3	1	140.373215	0.000000	140.373215	2.302585	115	0.353464	0.073580	0.000000	0.000000	0.000000	0.000000	0.000000	0.000000
2720	1	1	173.799362	0.000000	173.799362	2.302585	115	0.147933	0.040443	0.000000	0.000000	0.000000	0.000000	0.000000	0.000000
2470	4	1	114.104218	0.000000	114.104218	2.302585	115	0.328618	0.094615	0.000000	0.000000	0.000000	0.000000	0.000000	0.000000
2510	2	1	145.157333	0.000000	145.157333	2.302585	115	0.284683	0.060703	0.000000	0.000000	0.000000	0.000000	0.000000	0.000000
2730	5	1	175.324753	0.000000	175.324753	2.302585	115	0.122246	0.039396	0.000000	0.000000	0.000000	0.000000	0.000000	0.000000
2520	3	1	143.680786	0.000000	143.680786	2.302585	115	0.345139	0.054995	0.000000	0.000000	0.000000	0.000000	0.000000	0.000000
2730	1	1	174.824142	0.000000	174.824142	2.302585	115	0.135662	0.043492	0.000000	0.000000	0.000000	0.000000	0.000000	0.000000
2480	4	1	117.433235	0.000000	117.433235	2.302585	115	0.318152	0.095736	0.000000	0.000000	0.000000	0.000000	0.000000	0.000000
2520	2	1	145.073822	0.000000	145.073822	2.302585	115	0.280953	0.066610	0.000000	0.000000	0.000000	0.000000	0.000000	0.000000
2740	5	1	173.398117	0.000000	173.398117	2.302585	115	0.123419	0.045626	0.000000	0.000000	0.000000	0.000000	0.000000	0.000000
2530	3	1	146.159409	0.000000	146.159409	2.302585	115	0.332264	0.060778	0.000000	0.000000	0.000000	0.000000	0.000000	0.000000
2740	1	1	179.506241	0.000000	179.506241	2.302585	115	0.136169	0.033631	0.000000	0.000000	0.000000	0.000000	0.000000	0.000000
2490	4	1	119.766174	0.000000	119.766174	2.302585	115	0.260759	0.070946	0.000000	0.000000	0.000000	0.000000	0.000000	0.000000
2530	2	1	144.237579	0.000000	144.237579	2.302585	115	0.280438	0.068749	0.000000	0.000000	0.000000	0.000000	0.000000	0.000000
2750	5	1	174.390259	0.000000	174.390259	2.302585	115	0.126047	0.035321	0.000000	0.000000	0.000000	0.000000	0.000000	0.000000
2540	3	1	147.144958	0.000000	147.144958	2.302585	115	0.211640	0.059604	0.000000	0.000000	0.000000	0.000000	0.000000	0.000000
2750	1	1	179.098221	0.000000	179.098221	2.302585	115	0.133970	0.035470	0.000000	0.000000	0.000000	0.000000	0.000000	0.000000
2500	4	1	118.501709	0.000000	118.501709	2.302585	115	0.266094	0.081733	0.000000	0.000000	0.000000	0.000000	0.000000	0.000000
2760	5	1	170.136658	0.000000	170.136658	2.302585	115	0.140672	0.032924	0.000000	0.000000	0.000000	0.000000	0.000000	0.000000
2540	2	1	143.214111	0.000000	143.214111	2.302585	115	0.285330	0.054789	0.000000	0.000000	0.000000	0.000000	0.000000	0.000000
2550	3	1	152.411774	0.000000	152.411774	2.302585	115	0.216885	0.055666	0.000000	0.000000	0.000000	0.000000	0.000000	0.000000
2760	1	1	180.206757	0.000000	180.206757	2.302585	115	0.134581	0.036656	0.000000	0.000000	0.000000	0.000000	0.000000	0.000000
2770	5	1	170.343063	0.000000	170.343063	2.302585	115	0.134565	0.046090	0.000000	0.000000	0.000000	0.000000	0.000000	0.000000
2510	4	1	117.252129	0.000000	117.252129	2.302585	115	0.270292	0.085253	0.000000	0.000000	0.000000	0.000000	0.000000	0.000000
2550	2	1	141.777618	0.000000	141.777618	2.302585	115	0.281756	0.053663	0.000000	0.000000	0.000000	0.000000	0.000000	0.000000
2560	3	1	150.291443	0.000000	150.291443	2.302585	115	0.228370	0.051980	0.000000	0.000000	0.000000	0.000000	0.000000	0.000000
2770	1	1	180.093948	0.000000	180.093948	2.302585	115	0.137840	0.035692	0.000000	0.000000	0.000000	0.000000	0.000000	0.000000
2780	5	1	168.073471	0.000000	168.073471	2.302585	115	0.134887	0.037525	0.000000	0.000000	0.000000	0.000000	0.000000	0.000000
2520	4	1	120.389862	0.000000	120.389862	2.302585	115	0.266944	0.093622	0.000000	0.000000	0.000000	0.000000	0.000000	0.000000
2560	2	1	143.596878	0.000000	143.596878	2.302585	115	0.256619	0.052775	0.000000	0.000000	0.000000	0.000000	0.000000	0.000000
2570	3	1	146.730072	0.000000	146.730072	2.302585	115	0.242743	0.065496	0.000000	0.000000	0.000000	0.000000	0.000000	0.000000
2780	1	1	180.738724	0.000000	180.738724	2.302585	115	0.137623	0.027678	0.000000	0.000000	0.000000	0.000000	0.000000	0.000000
2790	5	1	165.654053	0.000000	165.654053	2.302585	115	0.138403	0.041315	0.000000	0.000000	0.000000	0.000000	0.000000	0.000000
2570	2	1	143.314713	0.000000	143.314713	2.302585	115	0.257639	0.055735	0.000000	0.000000	0.000000	0.000000	0.000000	0.000000
2530	4	1	119.498169	0.000000	119.498169	2.302585	115	0.264643	0.083033	0.000000	0.000000	0.000000	0.000000	0.000000	0.000000
2790	1	1	179.126892	0.000000	179.126892	2.302585	115	0.102168	0.032652	0.000000	0.000000	0.000000	0.000000	0.000000	0.000000
2580	3	1	144.818359	0.000000	144.818359	2.302585	115	0.259050	0.054681	0.000000	0.000000	0.000000	0.000000	0.000000	0.000000
2800	5	1	168.281036	0.000000	168.281036	2.302585	115	0.129076	0.039014	0.000000	0.000000	0.000000	0.000000	0.000000	0.000000
2580	2	1	139.863907	0.000000	139.863907	2.302585	115	0.263254	0.070381	0.000000	0.000000	0.000000	0.000000	0.000000	0.000000
2540	4	1	121.756500	0.000000	121.756500	2.302585	115	0.263613	0.084759	0.000000	0.000000	0.000000	0.000000	0.000000	0.000000
2800	1	1	181.364563	0.000000	181.364563	2.302585	115	0.100679	0.026136	0.000000	0.000000	0.000000	0.000000	0.000000	0.000000
2590	3	1	139.009796	0.000000	139.009796	2.302585	115	0.259783	0.070820	0.000000	0.000000	0.000000	0.000000	0.000000	0.000000
2810	5	1	167.340118	0.000000	167.340118	2.302585	115	0.132226	0.039873	0.000000	0.000000	0.000000	0.000000	0.000000	0.000000
2590	2	1	142.357376	0.000000	142.357376	2.302585	115	0.262158	0.052443	0.000000	0.000000	0.000000	0.000000	0.000000	0.000000
2550	4	1	121.647987	0.000000	121.647987	2.302585	115	0.265737	0.092922	0.000000	0.000000	0.000000	0.000000	0.000000	0.000000
2810	1	1	182.098068	0.000000	182.098068	2.302585	115	0.099339	0.023784	0.000000	0.000000	0.000000	0.000000	0.000000	0.000000
2820	5	1	167.403610	0.000000	167.403610	2.302585	115	0.129533	0.032877	0.000000	0.000000	0.000000	0.000000	0.000000	0.000000
2600	3	1	141.802124	0.000000	141.802124	2.302585	115	0.265596	0.067599	0.000000	0.000000	0.000000	0.000000	0.000000	0.000000
2560	4	1	122.000420	0.000000	122.000420	2.302585	115	0.417723	0.096370	0.000000	0.000000	0.000000	0.000000	0.000000	0.000000
2600	2	1	142.744919	0.000000	142.744919	2.302585	115	0.381466	0.069410	0.000000	0.000000	0.000000	0.000000	0.000000	0.000000
2820	1	1	181.070297	0.000000	181.070297	2.302585	115	0.134275	0.035290	0.000000	0.000000	0.000000	0.000000	0.000000	0.000000
2830	5	1	166.835052	0.000000	166.835052	2.302585	115	0.136282	0.047442	0.000000	0.000000	0.000000	0.000000	0.000000	0.000000
2610	3	1	138.030472	0.000000	138.030472	2.302585	115	0.266387	0.081129	0.000000	0.000000	0.000000	0.000000	0.000000	0.000000
2830	1	1	174.332397	0.000000	174.332397	2.302585	115	0.147975	0.039155	0.000000	0.000000	0.000000	0.000000	0.000000	0.000000
2570	4	1	123.768867	0.000000	123.768867	2.302585	115	0.260359	0.081549	0.000000	0.000000	0.000000	0.000000	0.000000	0.000000
2610	2	1	140.852051	0.000000	140.852051	2.302585	115	0.346568	0.058503	0.000000	0.000000	0.000000	0.000000	0.000000	0.000000
2840	5	1	165.109375	0.000000	165.109375	2.302585	115	0.142162	0.045251	0.000000	0.000000	0.000000	0.000000	0.000000	0.000000
2620	3	1	141.957047	0.000000	141.957047	2.302585	115	0.252871	0.056868	0.000000	0.000000	0.000000	0.000000	0.000000	0.000000
2840	1	1	172.570496	0.000000	172.570496	2.302585	115	0.149338	0.038838	0.000000	0.000000	0.000000	0.000000	0.000000	0.000000
2580	4	1	131.775101	0.000000	131.775101	2.302585	115	0.208696	0.074042	0.000000	0.000000	0.000000	0.000000	0.000000	0.000000
2850	5	1	166.457718	0.000000	166.457718	2.302585	115	0.189532	0.045059	0.000000	0.000000	0.000000	0.000000	0.000000	0.000000
2620	2	1	143.660065	0.000000	143.660065	2.302585	115	0.344539	0.072830	0.000000	0.000000	0.000000	0.000000	0.000000	0.000000
2630	3	1	150.927704	0.000000	150.927704	2.302585	115	0.221526	0.053236	0.000000	0.000000	0.000000	0.000000	0.000000	0.000000
2850	1	1	175.080994	0.000000	175.080994	2.302585	115	0.145933	0.037015	0.000000	0.000000	0.000000	0.000000	0.000000	0.000000
2590	4	1	131.942078	0.000000	131.942078	2.302585	115	0.225597	0.077610	0.000000	0.000000	0.000000	0.000000	0.000000	0.000000
2630	2	1	142.440826	0.000000	142.440826	2.302585	115	0.343457	0.063919	0.000000	0.000000	0.000000	0.000000	0.000000	0.000000
2860	5	1	161.646362	0.000000	161.646362	2.302585	115	0.212049	0.041970	0.000000	0.000000	0.000000	0.000000	0.000000	0.000000
2640	3	1	152.134491	0.000000	152.134491	2.302585	115	0.221335	0.052518	0.000000	0.000000	0.000000	0.000000	0.000000	0.000000
2600	4	1	133.302521	0.000000	133.302521	2.302585	115	0.222713	0.080961	0.000000	0.000000	0.000000	0.000000	0.000000	0.000000
2860	1	1	173.118179	0.000000	173.118179	2.302585	115	0.145118	0.028344	0.000000	0.000000	0.000000	0.000000	0.000000	0.000000
2640	2	1	138.287018	0.000000	138.287018	2.302585	115	0.348900	0.065074	0.000000	0.000000	0.000000	0.000000	0.000000	0.000000
2870	5	1	159.454880	0.000000	159.454880	2.302585	115	0.207394	0.064136	0.000000	0.000000	0.000000	0.000000	0.000000	0.000000
2650	3	1	153.259384	0.000000	153.259384	2.302585	115	0.219718	0.047167	0.000000	0.000000	0.000000	0.000000	0.000000	0.000000
2610	4	1	135.909943	0.000000	135.909943	2.302585	115	0.219291	0.069906	0.000000	0.000000	0.000000	0.000000	0.000000	0.000000
2870	1	1	174.174362	0.000000	174.174362	2.302585	115	0.144920	0.037165	0.000000	0.000000	0.000000	0.000000	0.000000	0.000000
2880	5	1	161.175476	0.000000	161.175476	2.302585	115	0.212611	0.037064	0.000000	0.000000	0.000000	0.000000	0.000000	0.000000
2650	2	1	143.307648	0.000000	143.307648	2.302585	115	0.309060	0.067169	0.000000	0.000000	0.000000	0.000000	0.000000	0.000000
2620	4	1	137.963745	0.000000	137.963745	2.302585	115	0.228203	0.063605	0.000000	0.000000	0.000000	0.000000	0.000000	0.000000
2880	1	1	175.450684	0.000000	175.450684	2.302585	115	0.144730	0.034711	0.000000	0.000000	0.000000	0.000000	0.000000	0.000000
2660	3	1	149.296463	0.000000	149.296463	2.302585	115	0.237347	0.061510	0.000000	0.000000	0.000000	0.000000	0.000000	0.000000
2890	5	1	162.528183	0.000000	162.528183	2.302585	115	0.214295	0.042168	0.000000	0.000000	0.000000	0.000000	0.000000	0.000000
2660	2	1	139.278625	0.000000	139.278625	2.302585	115	0.320061	0.060516	0.000000	0.000000	0.000000	0.000000	0.000000	0.000000
2630	4	1	142.594528	0.000000	142.594528	2.302585	115	0.221259	0.071276	0.000000	0.000000	0.000000	0.000000	0.000000	0.000000
2890	1	1	175.193176	0.000000	175.193176	2.302585	115	0.145284	0.032232	0.000000	0.000000	0.000000	0.000000	0.000000	0.000000
2670	3	1	151.892395	0.000000	151.892395	2.302585	115	0.243190	0.054372	0.000000	0.000000	0.000000	0.000000	0.000000	0.000000
2900	5	1	159.091095	0.000000	159.091095	2.302585	115	0.214688	0.052167	0.000000	0.000000	0.000000	0.000000	0.000000	0.000000
2670	2	1	138.517426	0.000000	138.517426	2.302585	115	0.195847	0.060704	0.000000	0.000000	0.000000	0.000000	0.000000	0.000000
2640	4	1	143.603088	0.000000	143.603088	2.302585	115	0.240955	0.057725	0.000000	0.000000	0.000000	0.000000	0.000000	0.000000
2900	1	1	177.092072	0.000000	177.092072	2.302585	115	0.144328	0.028605	0.000000	0.000000	0.000000	0.000000	0.000000	0.000000
2680	3	1	156.761108	0.000000	156.761108	2.302585	115	0.239528	0.046245	0.000000	0.000000	0.000000	0.000000	0.000000	0.000000
2910	5	1	158.325348	0.000000	158.325348	2.302585	115	0.219165	0.041742	0.000000	0.000000	0.000000	0.000000	0.000000	0.000000
2680	2	1	139.371872	0.000000	139.371872	2.302585	115	0.190609	0.059292	0.000000	0.000000	0.000000	0.000000	0.000000	0.000000
2650	4	1	143.875229	0.000000	143.875229	2.302585	115	0.244277	0.052361	0.000000	0.000000	0.000000	0.000000	0.000000	0.000000
2910	1	1	176.451035	0.000000	176.451035	2.302585	115	0.143489	0.036719	0.000000	0.000000	0.000000	0.000000	0.000000	0.000000
2920	5	1	157.303558	0.000000	157.303558	2.302585	115	0.221690	0.055503	0.000000	0.000000	0.000000	0.000000	0.000000	0.000000
2690	3	1	148.887802	0.000000	148.887802	2.302585	115	0.248900	0.050178	0.000000	0.000000	0.000000	0.000000	0.000000	0.000000
2690	2	1	137.969772	0.000000	137.969772	2.302585	115	0.201700	0.066569	0.000000	0.000000	0.000000	0.000000	0.000000	0.000000
2660	4	1	136.067841	0.000000	136.067841	2.302585	115	0.250930	0.063193	0.000000	0.000000	0.000000	0.000000	0.000000	0.000000
2930	5	1	157.707245	0.000000	157.707245	2.302585	115	0.228534	0.041442	0.000000	0.000000	0.000000	0.000000	0.000000	0.000000
2920	1	1	176.553314	0.000000	176.553314	2.302585	115	0.144976	0.036788	0.000000	0.000000	0.000000	0.000000	0.000000	0.000000
2700	3	1	149.445862	0.000000	149.445862	2.302585	115	0.237199	0.040942	0.000000	0.000000	0.000000	0.000000	0.000000	0.000000
2700	2	1	138.718582	0.000000	138.718582	2.302585	115	0.197376	0.064897	0.000000	0.000000	0.000000	0.000000	0.000000	0.000000
2670	4	1	136.355484	0.000000	136.355484	2.302585	115	0.248798	0.074518	0.000000	0.000000	0.000000	0.000000	0.000000	0.000000
2940	5	1	151.998703	0.000000	151.998703	2.302585	115	0.229331	0.063094	0.000000	0.000000	0.000000	0.000000	0.000000	0.000000
2710	3	1	144.932220	0.000000	144.932220	2.302585	115	0.243296	0.069739	0.000000	0.000000	0.000000	0.000000	0.000000	0.000000
2710	2	1	135.542480	0.000000	135.542480	2.302585	115	0.201533	0.074018	0.000000	0.000000	0.000000	0.000000	0.000000	0.000000
2930	1	1	175.961304	0.000000	175.961304	2.302585	115	0.146867	0.038285	0.000000	0.000000	0.000000	0.000000	0.000000	0.000000
2680	4	1	132.084244	0.000000	132.084244	2.302585	115	0.255946	0.078718	0.000000	0.000000	0.000000	0.000000	0.000000	0.000000
2950	5	1	151.306366	0.000000	151.306366	2.302585	115	0.241729	0.057015	0.000000	0.000000	0.000000	0.000000	0.000000	0.000000
2720	2	1	134.155487	0.000000	134.155487	2.302585	115	0.239894	0.077788	0.000000	0.000000	0.000000	0.000000	0.000000	0.000000
2720	3	1	145.078857	0.000000	145.078857	2.302585	115	0.245078	0.055096	0.000000	0.000000	0.000000	0.000000	0.000000	0.000000
2940	1	1	172.094238	0.000000	172.094238	2.302585	115	0.149412	0.034258	0.000000	0.000000	0.000000	0.000000	0.000000	0.000000
2690	4	1	130.587524	0.000000	130.587524	2.302585	115	0.259250	0.071617	0.000000	0.000000	0.000000	0.000000	0.000000	0.000000
2960	5	1	145.011169	0.000000	145.011169	2.302585	115	0.264402	0.064826	0.000000	0.000000	0.000000	0.000000	0.000000	0.000000
2950	1	1	171.237686	0.000000	171.237686	2.302585	115	0.148236	0.036629	0.000000	0.000000	0.000000	0.000000	0.000000	0.000000
2730	2	1	134.163788	0.000000	134.163788	2.302585	115	0.261061	0.064904	0.000000	0.000000	0.000000	0.000000	0.000000	0.000000
2730	3	1	145.595795	0.000000	145.595795	2.302585	115	0.241733	0.073558	0.000000	0.000000	0.000000	0.000000	0.000000	0.000000
2700	4	1	129.463150	0.000000	129.463150	2.302585	115	0.304160	0.069656	0.000000	0.000000	0.000000	0.000000	0.000000	0.000000
2970	5	1	144.094757	0.000000	144.094757	2.302585	115	0.278752	0.052874	0.000000	0.000000	0.000000	0.000000	0.000000	0.000000
2960	1	1	171.999222	0.000000	171.999222	2.302585	115	0.147990	0.038295	0.000000	0.000000	0.000000	0.000000	0.000000	0.000000
2740	3	1	148.687729	0.000000	148.687729	2.302585	115	0.234770	0.067127	0.000000	0.000000	0.000000	0.000000	0.000000	0.000000
2740	2	1	139.458313	0.000000	139.458313	2.302585	115	0.235284	0.071189	0.000000	0.000000	0.000000	0.000000	0.000000	0.000000
2710	4	1	125.122223	0.000000	125.122223	2.302585	115	0.358158	0.095180	0.000000	0.000000	0.000000	0.000000	0.000000	0.000000
2970	1	1	173.849747	0.000000	173.849747	2.302585	115	0.144418	0.035488	0.000000	0.000000	0.000000	0.000000	0.000000	0.000000
2980	5	1	138.866333	0.000000	138.866333	2.302585	115	0.279584	0.075382	0.000000	0.000000	0.000000	0.000000	0.000000	0.000000
2750	2	1	140.424850	0.000000	140.424850	2.302585	115	0.236230	0.058685	0.000000	0.000000	0.000000	0.000000	0.000000	0.000000
2750	3	1	151.281540	0.000000	151.281540	2.302585	115	0.232883	0.046309	0.000000	0.000000	0.000000	0.000000	0.000000	0.000000
2720	4	1	129.845215	0.000000	129.845215	2.302585	115	0.356630	0.079838	0.000000	0.000000	0.000000	0.000000	0.000000	0.000000
2980	1	1	171.473755	0.000000	171.473755	2.302585	115	0.145857	0.041519	0.000000	0.000000	0.000000	0.000000	0.000000	0.000000
2990	5	1	138.366150	0.000000	138.366150	2.302585	115	0.256582	0.061238	0.000000	0.000000	0.000000	0.000000	0.000000	0.000000
2760	2	1	140.389938	0.000000	140.389938	2.302585	115	0.231659	0.061256	0.000000	0.000000	0.000000	0.000000	0.000000	0.000000
2760	3	1	147.230392	0.000000	147.230392	2.302585	115	0.236509	0.047457	0.000000	0.000000	0.000000	0.000000	0.000000	0.000000
2730	4	1	126.095604	0.000000	126.095604	2.302585	115	0.363157	0.091767	0.000000	0.000000	0.000000	0.000000	0.000000	0.000000
2990	1	1	167.345245	0.000000	167.345245	2.302585	115	0.149963	0.048590	0.000000	0.000000	0.000000	0.000000	0.000000	0.000000
3000	5	1	138.321167	0.000000	138.321167	2.302585	115	0.257800	0.054572	0.000000	0.000000	0.000000	0.000000	0.000000	0.000000
2770	2	1	144.636139	0.000000	144.636139	2.302585	115	0.230504	0.058975	0.000000	0.000000	0.000000	0.000000	0.000000	0.000000
2770	3	1	141.446274	0.000000	141.446274	2.302585	115	0.256119	0.074823	0.000000	0.000000	0.000000	0.000000	0.000000	0.000000
2740	4	1	128.714722	0.000000	128.714722	2.302585	115	0.355771	0.092291	0.000000	0.000000	0.000000	0.000000	0.000000	0.000000
3000	1	1	167.632431	0.000000	167.632431	2.302585	115	0.147099	0.049190	0.000000	0.000000	0.000000	0.000000	0.000000	0.000000
3010	5	1	141.659500	0.000000	141.659500	2.302585	115	0.221915	0.085463	0.000000	0.000000	0.000000	0.000000	0.000000	0.000000
2780	2	1	145.266388	0.000000	145.266388	2.302585	115	0.224854	0.055135	0.000000	0.000000	0.000000	0.000000	0.000000	0.000000
2750	4	1	131.026688	0.000000	131.026688	2.302585	115	0.322968	0.063474	0.000000	0.000000	0.000000	0.000000	0.000000	0.000000
3010	1	1	171.844543	0.000000	171.844543	2.302585	115	0.158794	0.045798	0.000000	0.000000	0.000000	0.000000	0.000000	0.000000
2780	3	1	146.078735	0.000000	146.078735	2.302585	115	0.252179	0.045894	0.000000	0.000000	0.000000	0.000000	0.000000	0.000000
3020	5	1	148.978058	0.000000	148.978058	2.302585	115	0.201088	0.048287	0.000000	0.000000	0.000000	0.000000	0.000000	0.000000
2790	2	1	141.557663	0.000000	141.557663	2.302585	115	0.228075	0.066161	0.000000	0.000000	0.000000	0.000000	0.000000	0.000000
3020	1	1	166.377350	0.000000	166.377350	2.302585	115	0.163497	0.042159	0.000000	0.000000	0.000000	0.000000	0.000000	0.000000
2760	4	1	132.802994	0.000000	132.802994	2.302585	115	0.290958	0.066372	0.000000	0.000000	0.000000	0.000000	0.000000	0.000000
3030	5	1	152.035843	0.000000	152.035843	2.302585	115	0.173650	0.055189	0.000000	0.000000	0.000000	0.000000	0.000000	0.000000
2790	3	1	151.493225	0.000000	151.493225	2.302585	115	0.247979	0.051279	0.000000	0.000000	0.000000	0.000000	0.000000	0.000000
2800	2	1	140.653793	0.000000	140.653793	2.302585	115	0.221767	0.046516	0.000000	0.000000	0.000000	0.000000	0.000000	0.000000
3030	1	1	164.145767	0.000000	164.145767	2.302585	115	0.171348	0.044521	0.000000	0.000000	0.000000	0.000000	0.000000	0.000000
2770	4	1	139.271652	0.000000	139.271652	2.302585	115	0.282156	0.057942	0.000000	0.000000	0.000000	0.000000	0.000000	0.000000
3040	5	1	151.328354	0.000000	151.328354	2.302585	115	0.175041	0.053181	0.000000	0.000000	0.000000	0.000000	0.000000	0.000000
2800	3	1	153.391602	0.000000	153.391602	2.302585	115	0.245664	0.048361	0.000000	0.000000	0.000000	0.000000	0.000000	0.000000
2810	2	1	141.003220	0.000000	141.003220	2.302585	115	0.219496	0.048030	0.000000	0.000000	0.000000	0.000000	0.000000	0.000000
2780	4	1	140.116653	0.000000	140.116653	2.302585	115	0.294184	0.066079	0.000000	0.000000	0.000000	0.000000	0.000000	0.000000
3040	1	1	165.365631	0.000000	165.365631	2.302585	115	0.162294	0.040150	0.000000	0.000000	0.000000	0.000000	0.000000	0.000000
3050	5	1	151.733032	0.000000	151.733032	2.302585	115	0.175637	0.054012	0.000000	0.000000	0.000000	0.000000	0.000000	0.000000
2820	2	1	140.226532	0.000000	140.226532	2.302585	115	0.221279	0.071270	0.000000	0.000000	0.000000	0.000000	0.000000	0.000000
2810	3	1	148.443665	0.000000	148.443665	2.302585	115	0.248924	0.040008	0.000000	0.000000	0.000000	0.000000	0.000000	0.000000
3050	1	1	162.287750	0.000000	162.287750	2.302585	115	0.163086	0.052391	0.000000	0.000000	0.000000	0.000000	0.000000	0.000000
2790	4	1	142.058807	0.000000	142.058807	2.302585	115	0.283915	0.066024	0.000000	0.000000	0.000000	0.000000	0.000000	0.000000
3060	5	1	153.063446	0.000000	153.063446	2.302585	115	0.173343	0.049043	0.000000	0.000000	0.000000	0.000000	0.000000	0.000000
2830	2	1	134.172119	0.000000	134.172119	2.302585	115	0.236257	0.084340	0.000000	0.000000	0.000000	0.000000	0.000000	0.000000
2820	3	1	152.103760	0.000000	152.103760	2.302585	115	0.245719	0.051838	0.000000	0.000000	0.000000	0.000000	0.000000	0.000000
2800	4	1	139.529449	0.000000	139.529449	2.302585	115	0.288876	0.061331	0.000000	0.000000	0.000000	0.000000	0.000000	0.000000
3070	5	1	151.340454	0.000000	151.340454	2.302585	115	0.173786	0.042216	0.000000	0.000000	0.000000	0.000000	0.000000	0.000000
3060	1	1	165.411194	0.000000	165.411194	2.302585	115	0.160666	0.038005	0.000000	0.000000	0.000000	0.000000	0.000000	0.000000
2830	3	1	153.364349	0.000000	153.364349	2.302585	115	0.243883	0.042871	0.000000	0.000000	0.000000	0.000000	0.000000	0.000000
2840	2	1	134.583588	0.000000	134.583588	2.302585	115	0.237095	0.078961	0.000000	0.000000	0.000000	0.000000	0.000000	0.000000
3070	1	1	165.219925	0.000000	165.219925	2.302585	115	0.159305	0.033592	0.000000	0.000000	0.000000	0.000000	0.000000	0.000000
2810	4	1	143.270432	0.000000	143.270432	2.302585	115	0.274890	0.071709	0.000000	0.000000	0.000000	0.000000	0.000000	0.000000
3080	5	1	158.221161	0.000000	158.221161	2.302585	115	0.170575	0.039592	0.000000	0.000000	0.000000	0.000000	0.000000	0.000000
2850	2	1	134.304001	0.000000	134.304001	2.302585	115	0.236691	0.058053	0.000000	0.000000	0.000000	0.000000	0.000000	0.000000
3080	1	1	164.600922	0.000000	164.600922	2.302585	115	0.164782	0.042640	0.000000	0.000000	0.000000	0.000000	0.000000	0.000000
2840	3	1	156.762299	0.000000	156.762299	2.302585	115	0.249514	0.038279	0.000000	0.000000	0.000000	0.000000	0.000000	0.000000
2820	4	1	140.894180	0.000000	140.894180	2.302585	115	0.288862	0.058512	0.000000	0.000000	0.000000	0.000000	0.000000	0.000000
3090	5	1	156.877625	0.000000	156.877625	2.302585	115	0.170798	0.052405	0.000000	0.000000	0.000000	0.000000	0.000000	0.000000
3090	1	1	162.038528	0.000000	162.038528	2.302585	115	0.168385	0.041755	0.000000	0.000000	0.000000	0.000000	0.000000	0.000000
2860	2	1	132.542603	0.000000	132.542603	2.302585	115	0.255552	0.080589	0.000000	0.000000	0.000000	0.000000	0.000000	0.000000
2850	3	1	149.250916	0.000000	149.250916	2.302585	115	0.252529	0.052752	0.000000	0.000000	0.000000	0.000000	0.000000	0.000000
3100	5	1	151.093979	0.000000	151.093979	2.302585	115	0.180549	0.059439	0.000000	0.000000	0.000000	0.000000	0.000000	0.000000
2830	4	1	136.418121	0.000000	136.418121	2.302585	115	0.292564	0.081415	0.000000	0.000000	0.000000	0.000000	0.000000	0.000000
3100	1	1	166.775558	0.000000	166.775558	2.302585	115	0.163630	0.043133	0.000000	0.000000	0.000000	0.000000	0.000000	0.000000
2870	2	1	136.376190	0.000000	136.376190	2.302585	115	0.230143	0.070094	0.000000	0.000000	0.000000	0.000000	0.000000	0.000000
2860	3	1	148.817963	0.000000	148.817963	2.302585	115	0.252504	0.058614	0.000000	0.000000	0.000000	0.000000	0.000000	0.000000
2840	4	1	129.148178	0.000000	129.148178	2.302585	115	0.337495	0.088139	0.000000	0.000000	0.000000	0.000000	0.000000	0.000000
3110	5	1	150.358322	0.000000	150.358322	2.302585	115	0.196795	0.049090	0.000000	0.000000	0.000000	0.000000	0.000000	0.000000
3110	1	1	167.043716	0.000000	167.043716	2.302585	115	0.161118	0.034882	0.000000	0.000000	0.000000	0.000000	0.000000	0.000000
2870	3	1	148.189301	0.000000	148.189301	2.302585	115	0.253011	0.052246	0.000000	0.000000	0.000000	0.000000	0.000000	0.000000
2880	2	1	137.207047	0.000000	137.207047	2.302585	115	0.198011	0.076792	0.000000	0.000000	0.000000	0.000000	0.000000	0.000000
2850	4	1	129.134827	0.000000	129.134827	2.302585	115	0.332846	0.072314	0.000000	0.000000	0.000000	0.000000	0.000000	0.000000
3120	5	1	147.761108	0.000000	147.761108	2.302585	115	0.199193	0.065908	0.000000	0.000000	0.000000	0.000000	0.000000	0.000000
3120	1	1	166.460388	0.000000	166.460388	2.302585	115	0.165287	0.041810	0.000000	0.000000	0.000000	0.000000	0.000000	0.000000
2880	3	1	149.869949	0.000000	149.869949	2.302585	115	0.247600	0.052641	0.000000	0.000000	0.000000	0.000000	0.000000	0.000000
2890	2	1	138.751923	0.000000	138.751923	2.302585	115	0.190776	0.064466	0.000000	0.000000	0.000000	0.000000	0.000000	0.000000
2860	4	1	130.462189	0.000000	130.462189	2.302585	115	0.330445	0.080260	0.000000	0.000000	0.000000	0.000000	0.000000	0.000000
3130	5	1	151.730240	0.000000	151.730240	2.302585	115	0.176010	0.049843	0.000000	0.000000	0.000000	0.000000	0.000000	0.000000
3130	1	1	166.825592	0.000000	166.825592	2.302585	115	0.161931	0.042716	0.000000	0.000000	0.000000	0.000000	0.000000	0.000000
2900	2	1	141.090179	0.000000	141.090179	2.302585	115	0.175259	0.053628	0.000000	0.000000	0.000000	0.000000	0.000000	0.000000
2890	3	1	152.835846	0.000000	152.835846	2.302585	115	0.250593	0.052444	0.000000	0.000000	0.000000	0.000000	0.000000	0.000000
3140	5	1	157.003708	0.000000	157.003708	2.302585	115	0.177302	0.043032	0.000000	0.000000	0.000000	0.000000	0.000000	0.000000
2870	4	1	129.374908	0.000000	129.374908	2.302585	115	0.339464	0.069502	0.000000	0.000000	0.000000	0.000000	0.000000	0.000000
3140	1	1	170.106659	0.000000	170.106659	2.302585	115	0.157432	0.041602	0.000000	0.000000	0.000000	0.000000	0.000000	0.000000
2910	2	1	145.489029	0.000000	145.489029	2.302585	115	0.169819	0.048593	0.000000	0.000000	0.000000	0.000000	0.000000	0.000000
2900	3	1	146.125305	0.000000	146.125305	2.302585	115	0.252773	0.073873	0.000000	0.000000	0.000000	0.000000	0.000000	0.000000
3150	5	1	153.327255	0.000000	153.327255	2.302585	115	0.182678	0.059597	0.000000	0.000000	0.000000	0.000000	0.000000	0.000000
2880	4	1	125.028152	0.000000	125.028152	2.302585	115	0.342062	0.087786	0.000000	0.000000	0.000000	0.000000	0.000000	0.000000
3150	1	1	166.687408	0.000000	166.687408	2.302585	115	0.170288	0.048402	0.000000	0.000000	0.000000	0.000000	0.000000	0.000000
2920	2	1	146.906586	0.000000	146.906586	2.302585	115	0.167995	0.048967	0.000000	0.000000	0.000000	0.000000	0.000000	0.000000
2890	4	1	121.208229	0.000000	121.208229	2.302585	115	0.349351	0.089004	0.000000	0.000000	0.000000	0.000000	0.000000	0.000000
3160	5	1	153.142853	0.000000	153.142853	2.302585	115	0.181179	0.041561	0.000000	0.000000	0.000000	0.000000	0.000000	0.000000
2910	3	1	149.194763	0.000000	149.194763	2.302585	115	0.251961	0.054625	0.000000	0.000000	0.000000	0.000000	0.000000	0.000000
3160	1	1	164.269104	0.000000	164.269104	2.302585	115	0.171639	0.047185	0.000000	0.000000	0.000000	0.000000	0.000000	0.000000
2930	2	1	145.514420	0.000000	145.514420	2.302585	115	0.168936	0.054264	0.000000	0.000000	0.000000	0.000000	0.000000	0.000000
2900	4	1	119.970932	0.000000	119.970932	2.302585	115	0.352483	0.090267	0.000000	0.000000	0.000000	0.000000	0.000000	0.000000
3170	5	1	156.191803	0.000000	156.191803	2.302585	115	0.179392	0.053199	0.000000	0.000000	0.000000	0.000000	0.000000	0.000000
2920	3	1	145.741989	0.000000	145.741989	2.302585	115	0.261986	0.053787	0.000000	0.000000	0.000000	0.000000	0.000000	0.000000
3170	1	1	162.652405	0.000000	162.652405	2.302585	115	0.173269	0.045823	0.000000	0.000000	0.000000	0.000000	0.000000	0.000000
2940	2	1	144.684250	0.000000	144.684250	2.302585	115	0.162153	0.062887	0.000000	0.000000	0.000000	0.000000	0.000000	0.000000
3180	5	1	154.042389	0.000000	154.042389	2.302585	115	0.181133	0.059477	0.000000	0.000000	0.000000	0.000000	0.000000	0.000000
2910	4	1	121.859474	0.000000	121.859474	2.302585	115	0.345210	0.070870	0.000000	0.000000	0.000000	0.000000	0.000000	0.000000
2930	3	1	143.394058	0.000000	143.394058	2.302585	115	0.271476	0.058103	0.000000	0.000000	0.000000	0.000000	0.000000	0.000000
3180	1	1	161.232025	0.000000	161.232025	2.302585	115	0.170733	0.042979	0.000000	0.000000	0.000000	0.000000	0.000000	0.000000
2950	2	1	148.894608	0.000000	148.894608	2.302585	115	0.158738	0.043984	0.000000	0.000000	0.000000	0.000000	0.000000	0.000000
2920	4	1	121.016373	0.000000	121.016373	2.302585	115	0.351414	0.081348	0.000000	0.000000	0.000000	0.000000	0.000000	0.000000
3190	5	1	153.243607	0.000000	153.243607	2.302585	115	0.176118	0.044089	0.000000	0.000000	0.000000	0.000000	0.000000	0.000000
3190	1	1	157.168747	0.000000	157.168747	2.302585	115	0.182225	0.047852	0.000000	0.000000	0.000000	0.000000	0.000000	0.000000
2940	3	1	139.061493	0.000000	139.061493	2.302585	115	0.287689	0.073096	0.000000	0.000000	0.000000	0.000000	0.000000	0.000000
2960	2	1	150.771515	0.000000	150.771515	2.302585	115	0.157202	0.056077	0.000000	0.000000	0.000000	0.000000	0.000000	0.000000
3200	5	1	151.483765	0.000000	151.483765	2.302585	115	0.188944	0.049742	0.000000	0.000000	0.000000	0.000000	0.000000	0.000000
2930	4	1	121.264023	0.000000	121.264023	2.302585	115	0.349319	0.071891	0.000000	0.000000	0.000000	0.000000	0.000000	0.000000
3200	1	1	160.138611	0.000000	160.138611	2.302585	115	0.179282	0.045870	0.000000	0.000000	0.000000	0.000000	0.000000	0.000000
2950	3	1	139.094025	0.000000	139.094025	2.302585	115	0.287910	0.065465	0.000000	0.000000	0.000000	0.000000	0.000000	0.000000
2970	2	1	149.835892	0.000000	149.835892	2.302585	115	0.160545	0.060713	0.000000	0.000000	0.000000	0.000000	0.000000	0.000000
2940	4	1	126.303932	0.000000	126.303932	2.302585	115	0.340130	0.066334	0.000000	0.000000	0.000000	0.000000	0.000000	0.000000
3210	5	1	149.462601	0.000000	149.462601	2.302585	115	0.188660	0.042313	0.000000	0.000000	0.000000	0.000000	0.000000	0.000000
3210	1	1	158.804489	0.000000	158.804489	2.302585	115	0.182220	0.044833	0.000000	0.000000	0.000000	0.000000	0.000000	0.000000
2960	3	1	136.100922	0.000000	136.100922	2.302585	115	0.278256	0.062449	0.000000	0.000000	0.000000	0.000000	0.000000	0.000000
2980	2	1	148.718216	0.000000	148.718216	2.302585	115	0.184725	0.058155	0.000000	0.000000	0.000000	0.000000	0.000000	0.000000
2950	4	1	126.025063	0.000000	126.025063	2.302585	115	0.341254	0.092539	0.000000	0.000000	0.000000	0.000000	0.000000	0.000000
3220	5	1	148.984253	0.000000	148.984253	2.302585	115	0.190672	0.057302	0.000000	0.000000	0.000000	0.000000	0.000000	0.000000
2970	3	1	133.447525	0.000000	133.447525	2.302585	115	0.327435	0.088894	0.000000	0.000000	0.000000	0.000000	0.000000	0.000000
3220	1	1	160.467880	0.000000	160.467880	2.302585	115	0.161202	0.050312	0.000000	0.000000	0.000000	0.000000	0.000000	0.000000
2990	2	1	149.354126	0.000000	149.354126	2.302585	115	0.187429	0.051016	0.000000	0.000000	0.000000	0.000000	0.000000	0.000000
3230	5	1	151.181885	0.000000	151.181885	2.302585	115	0.189606	0.051652	0.000000	0.000000	0.000000	0.000000	0.000000	0.000000
2960	4	1	130.601501	0.000000	130.601501	2.302585	115	0.264544	0.066796	0.000000	0.000000	0.000000	0.000000	0.000000	0.000000
3000	2	1	149.448975	0.000000	149.448975	2.302585	115	0.186650	0.051970	0.000000	0.000000	0.000000	0.000000	0.000000	0.000000
3230	1	1	162.555328	0.000000	162.555328	2.302585	115	0.160869	0.035463	0.000000	0.000000	0.000000	0.000000	0.000000	0.000000
2980	3	1	133.305191	0.000000	133.305191	2.302585	115	0.294961	0.059994	0.000000	0.000000	0.000000	0.000000	0.000000	0.000000
3240	5	1	149.163651	0.000000	149.163651	2.302585	115	0.189522	0.048382	0.000000	0.000000	0.000000	0.000000	0.000000	0.000000
2970	4	1	130.898331	0.000000	130.898331	2.302585	115	0.264103	0.079324	0.000000	0.000000	0.000000	0.000000	0.000000	0.000000
3010	2	1	148.495682	0.000000	148.495682	2.302585	115	0.188684	0.055868	0.000000	0.000000	0.000000	0.000000	0.000000	0.000000
3240	1	1	163.461548	0.000000	163.461548	2.302585	115	0.160817	0.040777	0.000000	0.000000	0.000000	0.000000	0.000000	0.000000
2990	3	1	136.428635	0.000000	136.428635	2.302585	115	0.298939	0.078115	0.000000	0.000000	0.000000	0.000000	0.000000	0.000000
3250	5	1	155.225082	0.000000	155.225082	2.302585	115	0.175633	0.048289	0.000000	0.000000	0.000000	0.000000	0.000000	0.000000
2980	4	1	131.632034	0.000000	131.632034	2.302585	115	0.268932	0.075005	0.000000	0.000000	0.000000	0.000000	0.000000	0.000000
3020	2	1	149.404114	0.000000	149.404114	2.302585	115	0.186713	0.056047	0.000000	0.000000	0.000000	0.000000	0.000000	0.000000
3250	1	1	161.322067	0.000000	161.322067	2.302585	115	0.177490	0.051391	0.000000	0.000000	0.000000	0.000000	0.000000	0.000000
3000	3	1	135.047226	0.000000	135.047226	2.302585	115	0.292211	0.069396	0.000000	0.000000	0.000000	0.000000	0.000000	0.000000
3260	5	1	152.658447	0.000000	152.658447	2.302585	115	0.193180	0.062549	0.000000	0.000000	0.000000	0.000000	0.000000	0.000000
2990	4	1	132.737579	0.000000	132.737579	2.302585	115	0.268674	0.073273	0.000000	0.000000	0.000000	0.000000	0.000000	0.000000
3260	1	1	160.347931	0.000000	160.347931	2.302585	115	0.241717	0.056046	0.000000	0.000000	0.000000	0.000000	0.000000	0.000000
3030	2	1	149.369995	0.000000	149.369995	2.302585	115	0.191447	0.055422	0.000000	0.000000	0.000000	0.000000	0.000000	0.000000
3010	3	1	135.434143	0.000000	135.434143	2.302585	115	0.290039	0.095723	0.000000	0.000000	0.000000	0.000000	0.000000	0.000000
3270	5	1	158.303833	0.000000	158.303833	2.302585	115	0.211422	0.041276	0.000000	0.000000	0.000000	0.000000	0.000000	0.000000
3000	4	1	128.731705	0.000000	128.731705	2.302585	115	0.282184	0.069960	0.000000	0.000000	0.000000	0.000000	0.000000	0.000000
3270	1	1	160.314362	0.000000	160.314362	2.302585	115	0.243471	0.044091	0.000000	0.000000	0.000000	0.000000	0.000000	0.000000
3040	2	1	150.199554	0.000000	150.199554	2.302585	115	0.191506	0.057749	0.000000	0.000000	0.000000	0.000000	0.000000	0.000000
3020	3	1	130.062271	0.000000	130.062271	2.302585	115	0.302388	0.067134	0.000000	0.000000	0.000000	0.000000	0.000000	0.000000
3280	5	1	155.948883	0.000000	155.948883	2.302585	115	0.211162	0.059984	0.000000	0.000000	0.000000	0.000000	0.000000	0.000000
3010	4	1	126.355339	0.000000	126.355339	2.302585	115	0.286124	0.068753	0.000000	0.000000	0.000000	0.000000	0.000000	0.000000
3280	1	1	161.498810	0.000000	161.498810	2.302585	115	0.229114	0.044492	0.000000	0.000000	0.000000	0.000000	0.000000	0.000000
3050	2	1	144.632202	0.000000	144.632202	2.302585	115	0.200547	0.050739	0.000000	0.000000	0.000000	0.000000	0.000000	0.000000
3290	5	1	149.028152	0.000000	149.028152	2.302585	115	0.220783	0.060534	0.000000	0.000000	0.000000	0.000000	0.000000	0.000000
3290	1	1	161.913223	0.000000	161.913223	2.302585	115	0.215864	0.039571	0.000000	0.000000	0.000000	0.000000	0.000000	0.000000
3030	3	1	135.979858	0.000000	135.979858	2.302585	115	0.291340	0.074650	0.000000	0.000000	0.000000	0.000000	0.000000	0.000000
3020	4	1	129.476395	0.000000	129.476395	2.302585	115	0.277866	0.071455	0.000000	0.000000	0.000000	0.000000	0.000000	0.000000
3060	2	1	143.627426	0.000000	143.627426	2.302585	115	0.201152	0.057157	0.000000	0.000000	0.000000	0.000000	0.000000	0.000000
3300	5	1	150.545364	0.000000	150.545364	2.302585	115	0.213498	0.054200	0.000000	0.000000	0.000000	0.000000	0.000000	0.000000
3040	3	1	138.220840	0.000000	138.220840	2.302585	115	0.288862	0.066396	0.000000	0.000000	0.000000	0.000000	0.000000	0.000000
3300	1	1	167.014664	0.000000	167.014664	2.302585	115	0.128692	0.030527	0.000000	0.000000	0.000000	0.000000	0.000000	0.000000
3030	4	1	126.895706	0.000000	126.895706	2.302585	115	0.280738	0.069927	0.000000	0.000000	0.000000	0.000000	0.000000	0.000000
3070	2	1	142.556564	0.000000	142.556564	2.302585	115	0.205021	0.055505	0.000000	0.000000	0.000000	0.000000	0.000000	0.000000
3310	5	1	152.483719	0.000000	152.483719	2.302585	115	0.209172	0.051968	0.000000	0.000000	0.000000	0.000000	0.000000	0.000000
3310	1	1	165.273575	0.000000	165.273575	2.302585	115	0.133681	0.039747	0.000000	0.000000	0.000000	0.000000	0.000000	0.000000
3050	3	1	142.682922	0.000000	142.682922	2.302585	115	0.273742	0.049360	0.000000	0.000000	0.000000	0.000000	0.000000	0.000000
3040	4	1	129.341843	0.000000	129.341843	2.302585	115	0.267144	0.071119	0.000000	0.000000	0.000000	0.000000	0.000000	0.000000
3080	2	1	141.540268	0.000000	141.540268	2.302585	115	0.251304	0.053473	0.000000	0.000000	0.000000	0.000000	0.000000	0.000000
3320	5	1	150.242050	0.000000	150.242050	2.302585	115	0.223450	0.059902	0.000000	0.000000	0.000000	0.000000	0.000000	0.000000
3050	4	1	129.906250	0.000000	129.906250	2.302585	115	0.244207	0.069925	0.000000	0.000000	0.000000	0.000000	0.000000	0.000000
3320	1	1	169.212692	0.000000	169.212692	2.302585	115	0.125246	0.038489	0.000000	0.000000	0.000000	0.000000	0.000000	0.000000
3060	3	1	145.226685	0.000000	145.226685	2.302585	115	0.276910	0.058133	0.000000	0.000000	0.000000	0.000000	0.000000	0.000000
3090	2	1	143.604538	0.000000	143.604538	2.302585	115	0.236895	0.048376	0.000000	0.000000	0.000000	0.000000	0.000000	0.000000
3330	5	1	156.049622	0.000000	156.049622	2.302585	115	0.222470	0.045068	0.000000	0.000000	0.000000	0.000000	0.000000	0.000000
3060	4	1	124.708549	0.000000	124.708549	2.302585	115	0.251916	0.098767	0.000000	0.000000	0.000000	0.000000	0.000000	0.000000
3070	3	1	139.030548	0.000000	139.030548	2.302585	115	0.283775	0.055794	0.000000	0.000000	0.000000	0.000000	0.000000	0.000000
3100	2	1	147.286362	0.000000	147.286362	2.302585	115	0.234748	0.055616	0.000000	0.000000	0.000000	0.000000	0.000000	0.000000
3330	1	1	170.279968	0.000000	170.279968	2.302585	115	0.123943	0.037235	0.000000	0.000000	0.000000	0.000000	0.000000	0.000000
3340	5	1	151.811829	0.000000	151.811829	2.302585	115	0.222683	0.069058	0.000000	0.000000	0.000000	0.000000	0.000000	0.000000
3080	3	1	137.850632	0.000000	137.850632	2.302585	115	0.285486	0.069617	0.000000	0.000000	0.000000	0.000000	0.000000	0.000000
3070	4	1	123.905098	0.000000	123.905098	2.302585	115	0.254546	0.097089	0.000000	0.000000	0.000000	0.000000	0.000000	0.000000
3340	1	1	168.845764	0.000000	168.845764	2.302585	115	0.124726	0.035505	0.000000	0.000000	0.000000	0.000000	0.000000	0.000000
3110	2	1	146.143936	0.000000	146.143936	2.302585	115	0.239146	0.052336	0.000000	0.000000	0.000000	0.000000	0.000000	0.000000
3350	5	1	150.329788	0.000000	150.329788	2.302585	115	0.229574	0.041825	0.000000	0.000000	0.000000	0.000000	0.000000	0.000000
3090	3	1	138.886932	0.000000	138.886932	2.302585	115	0.263110	0.074409	0.000000	0.000000	0.000000	0.000000	0.000000	0.000000
3080	4	1	122.262611	0.000000	122.262611	2.302585	115	0.257152	0.085137	0.000000	0.000000	0.000000	0.000000	0.000000	0.000000
3350	1	1	163.100250	0.000000	163.100250	2.302585	115	0.131240	0.038487	0.000000	0.000000	0.000000	0.000000	0.000000	0.000000
3120	2	1	142.621185	0.000000	142.621185	2.302585	115	0.243287	0.063655	0.000000	0.000000	0.000000	0.000000	0.000000	0.000000
3360	5	1	143.395920	0.000000	143.395920	2.302585	115	0.243736	0.046372	0.000000	0.000000	0.000000	0.000000	0.000000	0.000000
3090	4	1	125.016235	0.000000	125.016235	2.302585	115	0.246861	0.081736	0.000000	0.000000	0.000000	0.000000	0.000000	0.000000
3100	3	1	137.216888	0.000000	137.216888	2.302585	115	0.264831	0.054995	0.000000	0.000000	0.000000	0.000000	0.000000	0.000000
3360	1	1	163.129929	0.000000	163.129929	2.302585	115	0.138082	0.044209	0.000000	0.000000	0.000000	0.000000	0.000000	0.000000
3370	5	1	144.249481	0.000000	144.249481	2.302585	115	0.247325	0.067239	0.000000	0.000000	0.000000	0.000000	0.000000	0.000000
3130	2	1	143.818359	0.000000	143.818359	2.302585	115	0.240498	0.068916	0.000000	0.000000	0.000000	0.000000	0.000000	0.000000
3370	1	1	156.915573	0.000000	156.915573	2.302585	115	0.167272	0.054096	0.000000	0.000000	0.000000	0.000000	0.000000	0.000000
3100	4	1	125.721916	0.000000	125.721916	2.302585	115	0.234717	0.086189	0.000000	0.000000	0.000000	0.000000	0.000000	0.000000
3110	3	1	138.294678	0.000000	138.294678	2.302585	115	0.263376	0.052424	0.000000	0.000000	0.000000	0.000000	0.000000	0.000000
3380	5	1	141.747559	0.000000	141.747559	2.302585	115	0.264594	0.050714	0.000000	0.000000	0.000000	0.000000	0.000000	0.000000
3140	2	1	140.358292	0.000000	140.358292	2.302585	115	0.243815	0.047138	0.000000	0.000000	0.000000	0.000000	0.000000	0.000000
3110	4	1	134.070404	0.000000	134.070404	2.302585	115	0.219800	0.063023	0.000000	0.000000	0.000000	0.000000	0.000000	0.000000
3380	1	1	151.557907	0.000000	151.557907	2.302585	115	0.205823	0.055379	0.000000	0.000000	0.000000	0.000000	0.000000	0.000000
3120	3	1	136.189972	0.000000	136.189972	2.302585	115	0.268446	0.066272	0.000000	0.000000	0.000000	0.000000	0.000000	0.000000
3390	5	1	140.197403	0.000000	140.197403	2.302585	115	0.267152	0.062460	0.000000	0.000000	0.000000	0.000000	0.000000	0.000000
3150	2	1	145.007156	0.000000	145.007156	2.302585	115	0.240060	0.058445	0.000000	0.000000	0.000000	0.000000	0.000000	0.000000
3130	3	1	137.636856	0.000000	137.636856	2.302585	115	0.266889	0.062092	0.000000	0.000000	0.000000	0.000000	0.000000	0.000000
3390	1	1	150.745483	0.000000	150.745483	2.302585	115	0.203813	0.062230	0.000000	0.000000	0.000000	0.000000	0.000000	0.000000
3120	4	1	137.042953	0.000000	137.042953	2.302585	115	0.217541	0.072954	0.000000	0.000000	0.000000	0.000000	0.000000	0.000000
3400	5	1	141.554413	0.000000	141.554413	2.302585	115	0.263188	0.072185	0.000000	0.000000	0.000000	0.000000	0.000000	0.000000
3160	2	1	145.948166	0.000000	145.948166	2.302585	115	0.240374	0.054493	0.000000	0.000000	0.000000	0.000000	0.000000	0.000000
3140	3	1	135.424591	0.000000	135.424591	2.302585	115	0.272947	0.059738	0.000000	0.000000	0.000000	0.000000	0.000000	0.000000
3400	1	1	156.874863	0.000000	156.874863	2.302585	115	0.292710	0.044492	0.000000	0.000000	0.000000	0.000000	0.000000	0.000000
3410	5	1	141.971085	0.000000	141.971085	2.302585	115	0.266033	0.067873	0.000000	0.000000	0.000000	0.000000	0.000000	0.000000
3130	4	1	135.125763	0.000000	135.125763	2.302585	115	0.222329	0.078329	0.000000	0.000000	0.000000	0.000000	0.000000	0.000000
3420	5	1	145.938019	0.000000	145.938019	2.302585	115	0.234225	0.057444	0.000000	0.000000	0.000000	0.000000	0.000000	0.000000
3170	2	1	143.912689	0.000000	143.912689	2.302585	115	0.278179	0.061704	0.000000	0.000000	0.000000	0.000000	0.000000	0.000000
3150	3	1	135.750000	0.000000	135.750000	2.302585	115	0.270600	0.073470	0.000000	0.000000	0.000000	0.000000	0.000000	0.000000
3410	1	1	154.975479	0.000000	154.975479	2.302585	115	0.291964	0.059971	0.000000	0.000000	0.000000	0.000000	0.000000	0.000000
3140	4	1	135.519760	0.000000	135.519760	2.302585	115	0.222329	0.060993	0.000000	0.000000	0.000000	0.000000	0.000000	0.000000
3430	5	1	147.543655	0.000000	147.543655	2.302585	115	0.235075	0.053647	0.000000	0.000000	0.000000	0.000000	0.000000	0.000000
3180	2	1	141.611893	0.000000	141.611893	2.302585	115	0.261997	0.071014	0.000000	0.000000	0.000000	0.000000	0.000000	0.000000
3160	3	1	135.005020	0.000000	135.005020	2.302585	115	0.272743	0.069506	0.000000	0.000000	0.000000	0.000000	0.000000	0.000000
3420	1	1	156.913162	0.000000	156.913162	2.302585	115	0.291361	0.053107	0.000000	0.000000	0.000000	0.000000	0.000000	0.000000
3150	4	1	132.834457	0.000000	132.834457	2.302585	115	0.226488	0.063032	0.000000	0.000000	0.000000	0.000000	0.000000	0.000000
3190	2	1	141.098663	0.000000	141.098663	2.302585	115	0.261712	0.077922	0.000000	0.000000	0.000000	0.000000	0.000000	0.000000
3440	5	1	147.832092	0.000000	147.832092	2.302585	115	0.225705	0.058170	0.000000	0.000000	0.000000	0.000000	0.000000	0.000000
3170	3	1	136.640228	0.000000	136.640228	2.302585	115	0.270452	0.055883	0.000000	0.000000	0.000000	0.000000	0.000000	0.000000
3430	1	1	161.546524	0.000000	161.546524	2.302585	115	0.279293	0.042906	0.000000	0.000000	0.000000	0.000000	0.000000	0.000000
3160	4	1	136.551453	0.000000	136.551453	2.302585	115	0.220261	0.073149	0.000000	0.000000	0.000000	0.000000	0.000000	0.000000
3450	5	1	149.347061	0.000000	149.347061	2.302585	115	0.235561	0.059395	0.000000	0.000000	0.000000	0.000000	0.000000	0.000000
3200	2	1	142.583679	0.000000	142.583679	2.302585	115	0.255406	0.074507	0.000000	0.000000	0.000000	0.000000	0.000000	0.000000
3440	1	1	160.898438	0.000000	160.898438	2.302585	115	0.279596	0.046515	0.000000	0.000000	0.000000	0.000000	0.000000	0.000000
3180	3	1	134.411072	0.000000	134.411072	2.302585	115	0.273512	0.058589	0.000000	0.000000	0.000000	0.000000	0.000000	0.000000
3170	4	1	133.263824	0.000000	133.263824	2.302585	115	0.225582	0.088780	0.000000	0.000000	0.000000	0.000000	0.000000	0.000000
3450	1	1	162.157639	0.000000	162.157639	2.302585	115	0.281319	0.047564	0.000000	0.000000	0.000000	0.000000	0.000000	0.000000
3460	5	1	156.402496	0.000000	156.402496	2.302585	115	0.211430	0.047497	0.000000	0.000000	0.000000	0.000000	0.000000	0.000000
3210	2	1	153.130981	0.000000	153.130981	2.302585	115	0.245958	0.053325	0.000000	0.000000	0.000000	0.000000	0.000000	0.000000
3190	3	1	135.821274	0.000000	135.821274	2.302585	115	0.270863	0.075423	0.000000	0.000000	0.000000	0.000000	0.000000	0.000000
3180	4	1	134.456024	0.000000	134.456024	2.302585	115	0.190141	0.072937	0.000000	0.000000	0.000000	0.000000	0.000000	0.000000
3460	1	1	159.859299	0.000000	159.859299	2.302585	115	0.285082	0.054449	0.000000	0.000000	0.000000	0.000000	0.000000	0.000000
3470	5	1	156.983170	0.000000	156.983170	2.302585	115	0.210109	0.052284	0.000000	0.000000	0.000000	0.000000	0.000000	0.000000
3220	2	1	153.392914	0.000000	153.392914	2.302585	115	0.246308	0.052286	0.000000	0.000000	0.000000	0.000000	0.000000	0.000000
3200	3	1	138.083313	0.000000	138.083313	2.302585	115	0.276085	0.074667	0.000000	0.000000	0.000000	0.000000	0.000000	0.000000
3190	4	1	131.578964	0.000000	131.578964	2.302585	115	0.192742	0.079619	0.000000	0.000000	0.000000	0.000000	0.000000	0.000000
3230	2	1	155.783722	0.000000	155.783722	2.302585	115	0.241451	0.055367	0.000000	0.000000	0.000000	0.000000	0.000000	0.000000
3480	5	1	156.371567	0.000000	156.371567	2.302585	115	0.197240	0.054885	0.000000	0.000000	0.000000	0.000000	0.000000	0.000000
3470	1	1	161.354843	0.000000	161.354843	2.302585	115	0.282089	0.048643	0.000000	0.000000	0.000000	0.000000	0.000000	0.000000
3210	3	1	136.265533	0.000000	136.265533	2.302585	115	0.274883	0.094958	0.000000	0.000000	0.000000	0.000000	0.000000	0.000000
3200	4	1	133.073059	0.000000	133.073059	2.302585	115	0.187271	0.065278	0.000000	0.000000	0.000000	0.000000	0.000000	0.000000
3490	5	1	156.972794	0.000000	156.972794	2.302585	115	0.197221	0.046841	0.000000	0.000000	0.000000	0.000000	0.000000	0.000000
3240	2	1	156.905411	0.000000	156.905411	2.302585	115	0.241447	0.040526	0.000000	0.000000	0.000000	0.000000	0.000000	0.000000
3480	1	1	160.753143	0.000000	160.753143	2.302585	115	0.282777	0.048348	0.000000	0.000000	0.000000	0.000000	0.000000	0.000000
3220	3	1	139.181870	0.000000	139.181870	2.302585	115	0.292030	0.058982	0.000000	0.000000	0.000000	0.000000	0.000000	0.000000
3210	4	1	132.572968	0.000000	132.572968	2.302585	115	0.189043	0.078193	0.000000	0.000000	0.000000	0.000000	0.000000	0.000000
3250	2	1	155.428360	0.000000	155.428360	2.302585	115	0.244954	0.050144	0.000000	0.000000	0.000000	0.000000	0.000000	0.000000
3490	1	1	162.179916	0.000000	162.179916	2.302585	115	0.277110	0.051489	0.000000	0.000000	0.000000	0.000000	0.000000	0.000000
3500	5	1	153.423782	0.000000	153.423782	2.302585	115	0.207853	0.055559	0.000000	0.000000	0.000000	0.000000	0.000000	0.000000
3230	3	1	138.870331	0.000000	138.870331	2.302585	115	0.293040	0.056484	0.000000	0.000000	0.000000	0.000000	0.000000	0.000000
3220	4	1	130.033218	0.000000	130.033218	2.302585	115	0.245920	0.090550	0.000000	0.000000	0.000000	0.000000	0.000000	0.000000
3260	2	1	159.633514	0.000000	159.633514	2.302585	115	0.240769	0.044659	0.000000	0.000000	0.000000	0.000000	0.000000	0.000000
3500	1	1	162.389099	0.000000	162.389099	2.302585	115	0.278342	0.040383	0.000000	0.000000	0.000000	0.000000	0.000000	0.000000
3510	5	1	154.521774	0.000000	154.521774	2.302585	115	0.206849	0.044109	0.000000	0.000000	0.000000	0.000000	0.000000	0.000000
3240	3	1	139.159576	0.000000	139.159576	2.302585	115	0.290974	0.052262	0.000000	0.000000	0.000000	0.000000	0.000000	0.000000
3230	4	1	130.704193	0.000000	130.704193	2.302585	115	0.246066	0.056102	0.000000	0.000000	0.000000	0.000000	0.000000	0.000000
3270	2	1	159.332413	0.000000	159.332413	2.302585	115	0.240948	0.040410	0.000000	0.000000	0.000000	0.000000	0.000000	0.000000
3510	1	1	165.773666	0.000000	165.773666	2.302585	115	0.169381	0.044389	0.000000	0.000000	0.000000	0.000000	0.000000	0.000000
3520	5	1	154.869583	0.000000	154.869583	2.302585	115	0.207386	0.050154	0.000000	0.000000	0.000000	0.000000	0.000000	0.000000
3250	3	1	144.753586	0.000000	144.753586	2.302585	115	0.273302	0.063055	0.000000	0.000000	0.000000	0.000000	0.000000	0.000000
3240	4	1	130.412201	0.000000	130.412201	2.302585	115	0.252847	0.066532	0.000000	0.000000	0.000000	0.000000	0.000000	0.000000
3280	2	1	166.708740	0.000000	166.708740	2.302585	115	0.232688	0.040585	0.000000	0.000000	0.000000	0.000000	0.000000	0.000000
3520	1	1	158.767776	0.000000	158.767776	2.302585	115	0.198771	0.056793	0.000000	0.000000	0.000000	0.000000	0.000000	0.000000
3530	5	1	153.800552	0.000000	153.800552	2.302585	115	0.206165	0.055393	0.000000	0.000000	0.000000	0.000000	0.000000	0.000000
3260	3	1	146.218521	0.000000	146.218521	2.302585	115	0.266711	0.045448	0.000000	0.000000	0.000000	0.000000	0.000000	0.000000
3250	4	1	128.090012	0.000000	128.090012	2.302585	115	0.313181	0.069336	0.000000	0.000000	0.000000	0.000000	0.000000	0.000000
3290	2	1	171.289001	0.000000	171.289001	2.302585	115	0.217490	0.039485	0.000000	0.000000	0.000000	0.000000	0.000000	0.000000
3530	1	1	165.607559	0.000000	165.607559	2.302585	115	0.147917	0.045873	0.000000	0.000000	0.000000	0.000000	0.000000	0.000000
3540	5	1	156.900620	0.000000	156.900620	2.302585	115	0.204270	0.061822	0.000000	0.000000	0.000000	0.000000	0.000000	0.000000
3270	3	1	143.561203	0.000000	143.561203	2.302585	115	0.279751	0.062712	0.000000	0.000000	0.000000	0.000000	0.000000	0.000000
3260	4	1	133.128525	0.000000	133.128525	2.302585	115	0.275862	0.064190	0.000000	0.000000	0.000000	0.000000	0.000000	0.000000
3300	2	1	182.828506	0.000000	182.828506	2.302585	115	0.177967	0.034778	0.000000	0.000000	0.000000	0.000000	0.000000	0.000000
3540	1	1	168.515472	0.000000	168.515472	2.302585	115	0.155129	0.046006	0.000000	0.000000	0.000000	0.000000	0.000000	0.000000
3550	5	1	160.903870	0.000000	160.903870	2.302585	115	0.196705	0.043788	0.000000	0.000000	0.000000	0.000000	0.000000	0.000000
3280	3	1	145.151093	0.000000	145.151093	2.302585	115	0.275855	0.053167	0.000000	0.000000	0.000000	0.000000	0.000000	0.000000
3270	4	1	130.511230	0.000000	130.511230	2.302585	115	0.267484	0.081708	0.000000	0.000000	0.000000	0.000000	0.000000	0.000000
3310	2	1	184.781998	0.000000	184.781998	2.302585	115	0.168434	0.031147	0.000000	0.000000	0.000000	0.000000	0.000000	0.000000
3550	1	1	168.607025	0.000000	168.607025	2.302585	115	0.154547	0.039730	0.000000	0.000000	0.000000	0.000000	0.000000	0.000000
3560	5	1	158.872803	0.000000	158.872803	2.302585	115	0.203373	0.046706	0.000000	0.000000	0.000000	0.000000	0.000000	0.000000
3290	3	1	139.774200	0.000000	139.774200	2.302585	115	0.295306	0.084138	0.000000	0.000000	0.000000	0.000000	0.000000	0.000000
3280	4	1	131.738297	0.000000	131.738297	2.302585	115	0.248819	0.065034	0.000000	0.000000	0.000000	0.000000	0.000000	0.000000
3320	2	1	186.156677	0.000000	186.156677	2.302585	115	0.166966	0.025110	0.000000	0.000000	0.000000	0.000000	0.000000	0.000000
3560	1	1	167.981003	0.000000	167.981003	2.302585	115	0.151946	0.033561	0.000000	0.000000	0.000000	0.000000	0.000000	0.000000
3570	5	1	158.559280	0.000000	158.559280	2.302585	115	0.196410	0.053228	0.000000	0.000000	0.000000	0.000000	0.000000	0.000000
3300	3	1	139.734222	0.000000	139.734222	2.302585	115	0.303537	0.065366	0.000000	0.000000	0.000000	0.000000	0.000000	0.000000
3290	4	1	134.546814	0.000000	134.546814	2.302585	115	0.242726	0.066254	0.000000	0.000000	0.000000	0.000000	0.000000	0.000000
3330	2	1	184.223755	0.000000	184.223755	2.302585	115	0.164531	0.031179	0.000000	0.000000	0.000000	0.000000	0.000000	0.000000
3570	1	1	168.984207	0.000000	168.984207	2.302585	115	0.162572	0.044342	0.000000	0.000000	0.000000	0.000000	0.000000	0.000000
3580	5	1	156.691833	0.000000	156.691833	2.302585	115	0.204285	0.041850	0.000000	0.000000	0.000000	0.000000	0.000000	0.000000
3310	3	1	141.969162	0.000000	141.969162	2.302585	115	0.300390	0.051263	0.000000	0.000000	0.000000	0.000000	0.000000	0.000000
3340	2	1	181.424622	0.000000	181.424622	2.302585	115	0.165300	0.022401	0.000000	0.000000	0.000000	0.000000	0.000000	0.000000
3300	4	1	134.189316	0.000000	134.189316	2.302585	115	0.278419	0.073996	0.000000	0.000000	0.000000	0.000000	0.000000	0.000000
3580	1	1	167.898880	0.000000	167.898880	2.302585	115	0.164324	0.039895	0.000000	0.000000	0.000000	0.000000	0.000000	0.000000
3590	5	1	154.951401	0.000000	154.951401	2.302585	115	0.148780	0.047040	0.000000	0.000000	0.000000	0.000000	0.000000	0.000000
3320	3	1	144.687424	0.000000	144.687424	2.302585	115	0.287726	0.061421	0.000000	0.000000	0.000000	0.000000	0.000000	0.000000
3310	4	1	129.521072	0.000000	129.521072	2.302585	115	0.277335	0.071710	0.000000	0.000000	0.000000	0.000000	0.000000	0.000000
3350	2	1	184.885132	0.000000	184.885132	2.302585	115	0.162079	0.035545	0.000000	0.000000	0.000000	0.000000	0.000000	0.000000
3590	1	1	169.249161	0.000000	169.249161	2.302585	115	0.164269	0.038607	0.000000	0.000000	0.000000	0.000000	0.000000	0.000000
3600	5	1	159.388550	0.000000	159.388550	2.302585	115	0.124356	0.041637	0.000000	0.000000	0.000000	0.000000	0.000000	0.000000
3330	3	1	144.873932	0.000000	144.873932	2.302585	115	0.287047	0.062586	0.000000	0.000000	0.000000	0.000000	0.000000	0.000000
3320	4	1	133.682220	0.000000	133.682220	2.302585	115	0.275368	0.075043	0.000000	0.000000	0.000000	0.000000	0.000000	0.000000
3360	2	1	184.380524	0.000000	184.380524	2.302585	115	0.163446	0.028505	0.000000	0.000000	0.000000	0.000000	0.000000	0.000000
3600	1	1	169.926743	0.000000	169.926743	2.302585	115	0.150296	0.036130	0.000000	0.000000	0.000000	0.000000	0.000000	0.000000
3610	5	1	162.301453	0.000000	162.301453	2.302585	115	0.123284	0.035444	0.000000	0.000000	0.000000	0.000000	0.000000	0.000000
3370	2	1	180.690033	0.000000	180.690033	2.302585	115	0.165353	0.028706	0.000000	0.000000	0.000000	0.000000	0.000000	0.000000
3330	4	1	133.727982	0.000000	133.727982	2.302585	115	0.288607	0.073969	0.000000	0.000000	0.000000	0.000000	0.000000	0.000000
3340	3	1	144.349365	0.000000	144.349365	2.302585	115	0.289018	0.057465	0.000000	0.000000	0.000000	0.000000	0.000000	0.000000
3610	1	1	168.666580	0.000000	168.666580	2.302585	115	0.150049	0.049328	0.000000	0.000000	0.000000	0.000000	0.000000	0.000000
3620	5	1	161.830734	0.000000	161.830734	2.302585	115	0.126166	0.050565	0.000000	0.000000	0.000000	0.000000	0.000000	0.000000
3340	4	1	135.340042	0.000000	135.340042	2.302585	115	0.263183	0.057896	0.000000	0.000000	0.000000	0.000000	0.000000	0.000000
3380	2	1	180.642288	0.000000	180.642288	2.302585	115	0.154579	0.033527	0.000000	0.000000	0.000000	0.000000	0.000000	0.000000
3350	3	1	142.994461	0.000000	142.994461	2.302585	115	0.291267	0.049915	0.000000	0.000000	0.000000	0.000000	0.000000	0.000000
3620	1	1	168.601364	0.000000	168.601364	2.302585	115	0.151383	0.039872	0.000000	0.000000	0.000000	0.000000	0.000000	0.000000
3350	4	1	127.812408	0.000000	127.812408	2.302585	115	0.369639	0.071446	0.000000	0.000000	0.000000	0.000000	0.000000	0.000000
3630	5	1	164.376877	0.000000	164.376877	2.302585	115	0.124022	0.035738	0.000000	0.000000	0.000000	0.000000	0.000000	0.000000
3390	2	1	187.271210	0.000000	187.271210	2.302585	115	0.156080	0.028667	0.000000	0.000000	0.000000	0.000000	0.000000	0.000000
3630	1	1	165.247101	0.000000	165.247101	2.302585	115	0.161080	0.047748	0.000000	0.000000	0.000000	0.000000	0.000000	0.000000
3360	3	1	139.661148	0.000000	139.661148	2.302585	115	0.309820	0.062561	0.000000	0.000000	0.000000	0.000000	0.000000	0.000000
3360	4	1	128.982513	0.000000	128.982513	2.302585	115	0.354932	0.077473	0.000000	0.000000	0.000000	0.000000	0.000000	0.000000
3640	5	1	160.932343	0.000000	160.932343	2.302585	115	0.161962	0.052916	0.000000	0.000000	0.000000	0.000000	0.000000	0.000000
3400	2	1	186.762009	0.000000	186.762009	2.302585	115	0.156222	0.024957	0.000000	0.000000	0.000000	0.000000	0.000000	0.000000
3640	1	1	159.840500	0.000000	159.840500	2.302585	115	0.178295	0.043935	0.000000	0.000000	0.000000	0.000000	0.000000	0.000000
3370	4	1	129.735626	0.000000	129.735626	2.302585	115	0.351075	0.077344	0.000000	0.000000	0.000000	0.000000	0.000000	0.000000
3370	3	1	137.997253	0.000000	137.997253	2.302585	115	0.306819	0.058655	0.000000	0.000000	0.000000	0.000000	0.000000	0.000000
3650	5	1	165.845322	0.000000	165.845322	2.302585	115	0.158108	0.042930	0.000000	0.000000	0.000000	0.000000	0.000000	0.000000
3410	2	1	185.541809	0.000000	185.541809	2.302585	115	0.118805	0.025966	0.000000	0.000000	0.000000	0.000000	0.000000	0.000000
3650	1	1	159.379181	0.000000	159.379181	2.302585	115	0.168534	0.036230	0.000000	0.000000	0.000000	0.000000	0.000000	0.000000
3380	4	1	123.795448	0.000000	123.795448	2.302585	115	0.364696	0.079184	0.000000	0.000000	0.000000	0.000000	0.000000	0.000000
3660	5	1	161.094421	0.000000	161.094421	2.302585	115	0.121665	0.062584	0.000000	0.000000	0.000000	0.000000	0.000000	0.000000
3380	3	1	137.686371	0.000000	137.686371	2.302585	115	0.304888	0.066330	0.000000	0.000000	0.000000	0.000000	0.000000	0.000000
3660	1	1	158.694489	0.000000	158.694489	2.302585	115	0.171948	0.049031	0.000000	0.000000	0.000000	0.000000	0.000000	0.000000
3420	2	1	180.052185	0.000000	180.052185	2.302585	115	0.122431	0.040443	0.000000	0.000000	0.000000	0.000000	0.000000	0.000000
3390	4	1	124.331627	0.000000	124.331627	2.302585	115	0.362341	0.090262	0.000000	0.000000	0.000000	0.000000	0.000000	0.000000
3670	5	1	164.090805	0.000000	164.090805	2.302585	115	0.118103	0.055422	0.000000	0.000000	0.000000	0.000000	0.000000	0.000000
3430	2	1	185.277725	0.000000	185.277725	2.302585	115	0.115951	0.034238	0.000000	0.000000	0.000000	0.000000	0.000000	0.000000
3670	1	1	157.255142	0.000000	157.255142	2.302585	115	0.171726	0.059311	0.000000	0.000000	0.000000	0.000000	0.000000	0.000000
3390	3	1	138.101288	0.000000	138.101288	2.302585	115	0.288890	0.081783	0.000000	0.000000	0.000000	0.000000	0.000000	0.000000
3400	4	1	123.276642	0.000000	123.276642	2.302585	115	0.372478	0.082655	0.000000	0.000000	0.000000	0.000000	0.000000	0.000000
3680	5	1	170.467178	0.000000	170.467178	2.302585	115	0.159230	0.039320	0.000000	0.000000	0.000000	0.000000	0.000000	0.000000
3680	1	1	156.793091	0.000000	156.793091	2.302585	115	0.169878	0.057955	0.000000	0.000000	0.000000	0.000000	0.000000	0.000000
3440	2	1	181.244659	0.000000	181.244659	2.302585	115	0.163317	0.024432	0.000000	0.000000	0.000000	0.000000	0.000000	0.000000
3400	3	1	141.370575	0.000000	141.370575	2.302585	115	0.295662	0.056103	0.000000	0.000000	0.000000	0.000000	0.000000	0.000000
3410	4	1	122.995636	0.000000	122.995636	2.302585	115	0.373358	0.088712	0.000000	0.000000	0.000000	0.000000	0.000000	0.000000
3690	5	1	169.762878	0.000000	169.762878	2.302585	115	0.153311	0.039979	0.000000	0.000000	0.000000	0.000000	0.000000	0.000000
3690	1	1	156.964890	0.000000	156.964890	2.302585	115	0.167611	0.042287	0.000000	0.000000	0.000000	0.000000	0.000000	0.000000
3450	2	1	181.404175	0.000000	181.404175	2.302585	115	0.164201	0.027347	0.000000	0.000000	0.000000	0.000000	0.000000	0.000000
3410	3	1	137.159866	0.000000	137.159866	2.302585	115	0.296787	0.068593	0.000000	0.000000	0.000000	0.000000	0.000000	0.000000
3420	4	1	124.819321	0.000000	124.819321	2.302585	115	0.378670	0.083028	0.000000	0.000000	0.000000	0.000000	0.000000	0.000000
3700	5	1	170.141037	0.000000	170.141037	2.302585	115	0.153284	0.041065	0.000000	0.000000	0.000000	0.000000	0.000000	0.000000
3700	1	1	160.111526	0.000000	160.111526	2.302585	115	0.165449	0.045860	0.000000	0.000000	0.000000	0.000000	0.000000	0.000000
3420	3	1	141.422134	0.000000	141.422134	2.302585	115	0.289415	0.067508	0.000000	0.000000	0.000000	0.000000	0.000000	0.000000
3460	2	1	181.998337	0.000000	181.998337	2.302585	115	0.163755	0.033121	0.000000	0.000000	0.000000	0.000000	0.000000	0.000000
3430	4	1	122.999573	0.000000	122.999573	2.302585	115	0.493813	0.095192	0.000000	0.000000	0.000000	0.000000	0.000000	0.000000
3710	5	1	169.825546	0.000000	169.825546	2.302585	115	0.154610	0.041273	0.000000	0.000000	0.000000	0.000000	0.000000	0.000000
3710	1	1	160.321381	0.000000	160.321381	2.302585	115	0.164950	0.050440	0.000000	0.000000	0.000000	0.000000	0.000000	0.000000
3470	2	1	184.629639	0.000000	184.629639	2.302585	115	0.154203	0.026335	0.000000	0.000000	0.000000	0.000000	0.000000	0.000000
3430	3	1	138.985031	0.000000	138.985031	2.302585	115	0.304796	0.060295	0.000000	0.000000	0.000000	0.000000	0.000000	0.000000
3440	4	1	117.608185	0.000000	117.608185	2.302585	115	0.494516	0.087958	0.000000	0.000000	0.000000	0.000000	0.000000	0.000000
3720	5	1	171.746918	0.000000	171.746918	2.302585	115	0.147640	0.040359	0.000000	0.000000	0.000000	0.000000	0.000000	0.000000
3720	1	1	161.611221	0.000000	161.611221	2.302585	115	0.163961	0.035426	0.000000	0.000000	0.000000	0.000000	0.000000	0.000000
3480	2	1	192.839981	0.000000	192.839981	2.302585	115	0.135681	0.025948	0.000000	0.000000	0.000000	0.000000	0.000000	0.000000
3440	3	1	139.907120	0.000000	139.907120	2.302585	115	0.308698	0.067925	0.000000	0.000000	0.000000	0.000000	0.000000	0.000000
3450	4	1	115.774818	0.000000	115.774818	2.302585	115	0.492862	0.078190	0.000000	0.000000	0.000000	0.000000	0.000000	0.000000
3730	1	1	160.908737	0.000000	160.908737	2.302585	115	0.154228	0.041955	0.000000	0.000000	0.000000	0.000000	0.000000	0.000000
3730	5	1	174.483093	0.000000	174.483093	2.302585	115	0.146092	0.032847	0.000000	0.000000	0.000000	0.000000	0.000000	0.000000
3490	2	1	195.460754	0.000000	195.460754	2.302585	115	0.130916	0.027052	0.000000	0.000000	0.000000	0.000000	0.000000	0.000000
3450	3	1	146.381561	0.000000	146.381561	2.302585	115	0.281159	0.063987	0.000000	0.000000	0.000000	0.000000	0.000000	0.000000
3460	4	1	117.826859	0.000000	117.826859	2.302585	115	0.491442	0.095748	0.000000	0.000000	0.000000	0.000000	0.000000	0.000000
3740	5	1	175.018845	0.000000	175.018845	2.302585	115	0.145939	0.030097	0.000000	0.000000	0.000000	0.000000	0.000000	0.000000
3740	1	1	158.753860	0.000000	158.753860	2.302585	115	0.155533	0.050954	0.000000	0.000000	0.000000	0.000000	0.000000	0.000000
3500	2	1	197.389435	0.000000	197.389435	2.302585	115	0.129889	0.026898	0.000000	0.000000	0.000000	0.000000	0.000000	0.000000
3460	3	1	145.999054	0.000000	145.999054	2.302585	115	0.272317	0.048504	0.000000	0.000000	0.000000	0.000000	0.000000	0.000000
3470	4	1	113.364655	0.000000	113.364655	2.302585	115	0.528736	0.098693	0.000000	0.000000	0.000000	0.000000	0.000000	0.000000
3750	1	1	161.687286	0.000000	161.687286	2.302585	115	0.152729	0.045711	0.000000	0.000000	0.000000	0.000000	0.000000	0.000000
3750	5	1	178.643158	0.000000	178.643158	2.302585	115	0.139191	0.033528	0.000000	0.000000	0.000000	0.000000	0.000000	0.000000
3510	2	1	198.755890	0.000000	198.755890	2.302585	115	0.127015	0.024096	0.000000	0.000000	0.000000	0.000000	0.000000	0.000000
3480	4	1	113.398941	0.000000	113.398941	2.302585	115	0.529955	0.089227	0.000000	0.000000	0.000000	0.000000	0.000000	0.000000
3470	3	1	145.405579	0.000000	145.405579	2.302585	115	0.273629	0.065407	0.000000	0.000000	0.000000	0.000000	0.000000	0.000000
3760	1	1	162.895401	0.000000	162.895401	2.302585	115	0.166247	0.039553	0.000000	0.000000	0.000000	0.000000	0.000000	0.000000
3760	5	1	178.616577	0.000000	178.616577	2.302585	115	0.137961	0.036870	0.000000	0.000000	0.000000	0.000000	0.000000	0.000000
3520	2	1	194.237579	0.000000	194.237579	2.302585	115	0.139539	0.030626	0.000000	0.000000	0.000000	0.000000	0.000000	0.000000
3480	3	1	148.910507	0.000000	148.910507	2.302585	115	0.267795	0.058125	0.000000	0.000000	0.000000	0.000000	0.000000	0.000000
3490	4	1	114.656799	0.000000	114.656799	2.302585	115	0.538867	0.095331	0.000000	0.000000	0.000000	0.000000	0.000000	0.000000
3770	1	1	159.585403	0.000000	159.585403	2.302585	115	0.167070	0.050070	0.000000	0.000000	0.000000	0.000000	0.000000	0.000000
3770	5	1	180.106903	0.000000	180.106903	2.302585	115	0.137963	0.034510	0.000000	0.000000	0.000000	0.000000	0.000000	0.000000
3530	2	1	198.663147	0.000000	198.663147	2.302585	115	0.137219	0.022558	0.000000	0.000000	0.000000	0.000000	0.000000	0.000000
3490	3	1	150.326080	0.000000	150.326080	2.302585	115	0.256052	0.044254	0.000000	0.000000	0.000000	0.000000	0.000000	0.000000
3500	4	1	121.824982	0.000000	121.824982	2.302585	115	0.493357	0.087453	0.000000	0.000000	0.000000	0.000000	0.000000	0.000000
3780	5	1	174.762161	0.000000	174.762161	2.302585	115	0.148920	0.038089	0.000000	0.000000	0.000000	0.000000	0.000000	0.000000
3780	1	1	160.082916	0.000000	160.082916	2.302585	115	0.165473	0.054799	0.000000	0.000000	0.000000	0.000000	0.000000	0.000000
3540	2	1	199.921127	0.000000	199.921127	2.302585	115	0.139971	0.022905	0.000000	0.000000	0.000000	0.000000	0.000000	0.000000
3500	3	1	151.781998	0.000000	151.781998	2.302585	115	0.256192	0.046912	0.000000	0.000000	0.000000	0.000000	0.000000	0.000000
3510	4	1	118.197487	0.000000	118.197487	2.302585	115	0.485319	0.077608	0.000000	0.000000	0.000000	0.000000	0.000000	0.000000
3790	5	1	171.252640	0.000000	171.252640	2.302585	115	0.154512	0.037447	0.000000	0.000000	0.000000	0.000000	0.000000	0.000000
3550	2	1	199.351822	0.000000	199.351822	2.302585	115	0.139718	0.019915	0.000000	0.000000	0.000000	0.000000	0.000000	0.000000
3790	1	1	164.559616	0.000000	164.559616	2.302585	115	0.159069	0.038887	0.000000	0.000000	0.000000	0.000000	0.000000	0.000000
3510	3	1	156.531754	0.000000	156.531754	2.302585	115	0.177754	0.049249	0.000000	0.000000	0.000000	0.000000	0.000000	0.000000
3520	4	1	118.301964	0.000000	118.301964	2.302585	115	0.486142	0.095155	0.000000	0.000000	0.000000	0.000000	0.000000	0.000000
3800	5	1	168.810226	0.000000	168.810226	2.302585	115	0.154298	0.038331	0.000000	0.000000	0.000000	0.000000	0.000000	0.000000
3560	2	1	200.550049	0.000000	200.550049	2.302585	115	0.101422	0.020484	0.000000	0.000000	0.000000	0.000000	0.000000	0.000000
3520	3	1	153.037537	0.000000	153.037537	2.302585	115	0.192790	0.057496	0.000000	0.000000	0.000000	0.000000	0.000000	0.000000
3800	1	1	163.855087	0.000000	163.855087	2.302585	115	0.151448	0.041904	0.000000	0.000000	0.000000	0.000000	0.000000	0.000000
3810	5	1	169.186005	0.000000	169.186005	2.302585	115	0.149183	0.032877	0.000000	0.000000	0.000000	0.000000	0.000000	0.000000
3530	4	1	118.129250	0.000000	118.129250	2.302585	115	0.465086	0.095917	0.000000	0.000000	0.000000	0.000000	0.000000	0.000000
3530	3	1	151.935959	0.000000	151.935959	2.302585	115	0.194376	0.052093	0.000000	0.000000	0.000000	0.000000	0.000000	0.000000
3570	2	1	200.774185	0.000000	200.774185	2.302585	115	0.100299	0.019992	0.000000	0.000000	0.000000	0.000000	0.000000	0.000000
3810	1	1	167.718597	0.000000	167.718597	2.302585	115	0.156596	0.039554	0.000000	0.000000	0.000000	0.000000	0.000000	0.000000
3820	5	1	166.694183	0.000000	166.694183	2.302585	115	0.146108	0.040393	0.000000	0.000000	0.000000	0.000000	0.000000	0.000000
3540	4	1	115.859390	0.000000	115.859390	2.302585	115	0.475085	0.085573	0.000000	0.000000	0.000000	0.000000	0.000000	0.000000
3580	2	1	202.914856	0.000000	202.914856	2.302585	115	0.096656	0.017946	0.000000	0.000000	0.000000	0.000000	0.000000	0.000000
3540	3	1	144.901794	0.000000	144.901794	2.302585	115	0.276148	0.063265	0.000000	0.000000	0.000000	0.000000	0.000000	0.000000
3820	1	1	165.894135	0.000000	165.894135	2.302585	115	0.159986	0.049119	0.000000	0.000000	0.000000	0.000000	0.000000	0.000000
3550	4	1	113.495178	0.000000	113.495178	2.302585	115	0.480013	0.092079	0.000000	0.000000	0.000000	0.000000	0.000000	0.000000
3590	2	1	199.756287	0.000000	199.756287	2.302585	115	0.098049	0.022650	0.000000	0.000000	0.000000	0.000000	0.000000	0.000000
3830	5	1	170.823929	0.000000	170.823929	2.302585	115	0.111400	0.044869	0.000000	0.000000	0.000000	0.000000	0.000000	0.000000
3550	3	1	151.465057	0.000000	151.465057	2.302585	115	0.268497	0.055067	0.000000	0.000000	0.000000	0.000000	0.000000	0.000000
3830	1	1	167.694702	0.000000	167.694702	2.302585	115	0.150594	0.035674	0.000000	0.000000	0.000000	0.000000	0.000000	0.000000
3560	4	1	114.863808	0.000000	114.863808	2.302585	115	0.470967	0.077757	0.000000	0.000000	0.000000	0.000000	0.000000	0.000000
3600	2	1	195.403168	0.000000	195.403168	2.302585	115	0.149328	0.027927	0.000000	0.000000	0.000000	0.000000	0.000000	0.000000
3840	5	1	169.873672	0.000000	169.873672	2.302585	115	0.116467	0.033502	0.000000	0.000000	0.000000	0.000000	0.000000	0.000000
3560	3	1	150.049820	0.000000	150.049820	2.302585	115	0.270283	0.045337	0.000000	0.000000	0.000000	0.000000	0.000000	0.000000
3840	1	1	168.887741	0.000000	168.887741	2.302585	115	0.144502	0.032368	0.000000	0.000000	0.000000	0.000000	0.000000	0.000000
3850	5	1	169.942215	0.000000	169.942215	2.302585	115	0.116442	0.041493	0.000000	0.000000	0.000000	0.000000	0.000000	0.000000
3570	4	1	115.669777	0.000000	115.669777	2.302585	115	0.471838	0.093102	0.000000	0.000000	0.000000	0.000000	0.000000	0.000000
3610	2	1	196.523163	0.000000	196.523163	2.302585	115	0.081504	0.028897	0.000000	0.000000	0.000000	0.000000	0.000000	0.000000
3850	1	1	168.187393	0.000000	168.187393	2.302585	115	0.146695	0.037969	0.000000	0.000000	0.000000	0.000000	0.000000	0.000000
3570	3	1	150.303528	0.000000	150.303528	2.302585	115	0.274516	0.064825	0.000000	0.000000	0.000000	0.000000	0.000000	0.000000
3860	5	1	172.386871	0.000000	172.386871	2.302585	115	0.109641	0.049274	0.000000	0.000000	0.000000	0.000000	0.000000	0.000000
3580	4	1	114.428421	0.000000	114.428421	2.302585	115	0.479203	0.098550	0.000000	0.000000	0.000000	0.000000	0.000000	0.000000
3620	2	1	204.081680	0.000000	204.081680	2.302585	115	0.078518	0.018023	0.000000	0.000000	0.000000	0.000000	0.000000	0.000000
3860	1	1	166.219437	0.000000	166.219437	2.302585	115	0.145600	0.036427	0.000000	0.000000	0.000000	0.000000	0.000000	0.000000
3590	4	1	114.153328	0.000000	114.153328	2.302585	115	0.476660	0.097104	0.000000	0.000000	0.000000	0.000000	0.000000	0.000000
3580	3	1	145.437363	0.000000	145.437363	2.302585	115	0.274575	0.061823	0.000000	0.000000	0.000000	0.000000	0.000000	0.000000
3870	5	1	176.893967	0.000000	176.893967	2.302585	115	0.108914	0.038320	0.000000	0.000000	0.000000	0.000000	0.000000	0.000000
3630	2	1	205.611954	0.000000	205.611954	2.302585	115	0.078128	0.019049	0.000000	0.000000	0.000000	0.000000	0.000000	0.000000
3870	1	1	166.372528	0.000000	166.372528	2.302585	115	0.152952	0.044386	0.000000	0.000000	0.000000	0.000000	0.000000	0.000000
3590	3	1	147.254944	0.000000	147.254944	2.302585	115	0.279750	0.063684	0.000000	0.000000	0.000000	0.000000	0.000000	0.000000
3880	5	1	174.021332	0.000000	174.021332	2.302585	115	0.111058	0.034232	0.000000	0.000000	0.000000	0.000000	0.000000	0.000000
3600	4	1	110.376678	0.000000	110.376678	2.302585	115	0.481450	0.080355	0.000000	0.000000	0.000000	0.000000	0.000000	0.000000
3640	2	1	205.801361	0.000000	205.801361	2.302585	115	0.078050	0.018438	0.000000	0.000000	0.000000	0.000000	0.000000	0.000000
3610	4	1	115.589119	0.000000	115.589119	2.302585	115	0.476222	0.088747	0.000000	0.000000	0.000000	0.000000	0.000000	0.000000
3880	1	1	159.119247	0.000000	159.119247	2.302585	115	0.163276	0.050735	0.000000	0.000000	0.000000	0.000000	0.000000	0.000000
3890	5	1	180.010849	0.000000	180.010849	2.302585	115	0.092181	0.029015	0.000000	0.000000	0.000000	0.000000	0.000000	0.000000
3600	3	1	148.340836	0.000000	148.340836	2.302585	115	0.273490	0.047787	0.000000	0.000000	0.000000	0.000000	0.000000	0.000000
3650	2	1	207.000748	0.000000	207.000748	2.302585	115	0.074263	0.020022	0.000000	0.000000	0.000000	0.000000	0.000000	0.000000
3890	1	1	153.381577	0.000000	153.381577	2.302585	115	0.169474	0.049314	0.000000	0.000000	0.000000	0.000000	0.000000	0.000000
3610	3	1	147.199234	0.000000	147.199234	2.302585	115	0.273764	0.058895	0.000000	0.000000	0.000000	0.000000	0.000000	0.000000
3620	4	1	114.836464	0.000000	114.836464	2.302585	115	0.477727	0.085244	0.000000	0.000000	0.000000	0.000000	0.000000	0.000000
3660	2	1	210.115479	0.000000	210.115479	2.302585	115	0.074287	0.021157	0.000000	0.000000	0.000000	0.000000	0.000000	0.000000
3900	5	1	182.278732	0.000000	182.278732	2.302585	115	0.086005	0.030114	0.000000	0.000000	0.000000	0.000000	0.000000	0.000000
3900	1	1	153.349182	0.000000	153.349182	2.302585	115	0.169461	0.055619	0.000000	0.000000	0.000000	0.000000	0.000000	0.000000
3630	4	1	111.012489	0.000000	111.012489	2.302585	115	0.484431	0.080209	0.000000	0.000000	0.000000	0.000000	0.000000	0.000000
3620	3	1	148.625610	0.000000	148.625610	2.302585	115	0.269564	0.047036	0.000000	0.000000	0.000000	0.000000	0.000000	0.000000
3670	2	1	209.116776	0.000000	209.116776	2.302585	115	0.074712	0.021126	0.000000	0.000000	0.000000	0.000000	0.000000	0.000000
3910	5	1	186.583832	0.000000	186.583832	2.302585	115	0.086555	0.024356	0.000000	0.000000	0.000000	0.000000	0.000000	0.000000
3910	1	1	152.285858	0.000000	152.285858	2.302585	115	0.170836	0.050016	0.000000	0.000000	0.000000	0.000000	0.000000	0.000000
3630	3	1	150.674713	0.000000	150.674713	2.302585	115	0.269794	0.044496	0.000000	0.000000	0.000000	0.000000	0.000000	0.000000
3640	4	1	108.432175	0.000000	108.432175	2.302585	115	0.495526	0.088778	0.000000	0.000000	0.000000	0.000000	0.000000	0.000000
3680	2	1	206.446503	0.000000	206.446503	2.302585	115	0.058771	0.024671	0.000000	0.000000	0.000000	0.000000	0.000000	0.000000
3920	5	1	185.969177	0.000000	185.969177	2.302585	115	0.089381	0.023378	0.000000	0.000000	0.000000	0.000000	0.000000	0.000000
3650	4	1	104.104660	0.000000	104.104660	2.302585	115	0.516218	0.092183	0.000000	0.000000	0.000000	0.000000	0.000000	0.000000
3640	3	1	148.291946	0.000000	148.291946	2.302585	115	0.272455	0.052381	0.000000	0.000000	0.000000	0.000000	0.000000	0.000000
3920	1	1	152.399887	0.000000	152.399887	2.302585	115	0.173407	0.055957	0.000000	0.000000	0.000000	0.000000	0.000000	0.000000
3690	2	1	209.736069	0.000000	209.736069	2.302585	115	0.056314	0.020928	0.000000	0.000000	0.000000	0.000000	0.000000	0.000000
3660	4	1	102.714561	0.000000	102.714561	2.302585	115	0.602590	0.097039	0.000000	0.000000	0.000000	0.000000	0.000000	0.000000
3930	5	1	182.212723	0.000000	182.212723	2.302585	115	0.085702	0.027369	0.000000	0.000000	0.000000	0.000000	0.000000	0.000000
3650	3	1	148.142426	0.000000	148.142426	2.302585	115	0.259922	0.050609	0.000000	0.000000	0.000000	0.000000	0.000000	0.000000
3700	2	1	213.498199	0.000000	213.498199	2.302585	115	0.049146	0.019004	0.000000	0.000000	0.000000	0.000000	0.000000	0.000000
3930	1	1	150.297531	0.000000	150.297531	2.302585	115	0.172247	0.064480	0.000000	0.000000	0.000000	0.000000	0.000000	0.000000
3940	5	1	182.277512	0.000000	182.277512	2.302585	115	0.084775	0.037702	0.000000	0.000000	0.000000	0.000000	0.000000	0.000000
3670	4	1	103.748772	0.000000	103.748772	2.302585	115	0.605388	0.093597	0.000000	0.000000	0.000000	0.000000	0.000000	0.000000
3660	3	1	151.514984	0.000000	151.514984	2.302585	115	0.258997	0.058784	0.000000	0.000000	0.000000	0.000000	0.000000	0.000000
3710	2	1	210.034622	0.000000	210.034622	2.302585	115	0.047897	0.017889	0.000000	0.000000	0.000000	0.000000	0.000000	0.000000
3940	1	1	149.542328	0.000000	149.542328	2.302585	115	0.177003	0.053938	0.000000	0.000000	0.000000	0.000000	0.000000	0.000000
3950	5	1	186.308304	0.000000	186.308304	2.302585	115	0.085491	0.026928	0.000000	0.000000	0.000000	0.000000	0.000000	0.000000
3680	4	1	104.183441	0.000000	104.183441	2.302585	115	0.605688	0.092662	0.000000	0.000000	0.000000	0.000000	0.000000	0.000000
3670	3	1	148.887482	0.000000	148.887482	2.302585	115	0.262415	0.057221	0.000000	0.000000	0.000000	0.000000	0.000000	0.000000
3720	2	1	210.563705	0.000000	210.563705	2.302585	115	0.048783	0.017926	0.000000	0.000000	0.000000	0.000000	0.000000	0.000000
3950	1	1	154.813690	0.000000	154.813690	2.302585	115	0.184770	0.043512	0.000000	0.000000	0.000000	0.000000	0.000000	0.000000
3960	5	1	184.281891	0.000000	184.281891	2.302585	115	0.108470	0.024953	0.000000	0.000000	0.000000	0.000000	0.000000	0.000000
3690	4	1	103.410385	0.000000	103.410385	2.302585	115	0.610774	0.099926	0.000000	0.000000	0.000000	0.000000	0.000000	0.000000
3680	3	1	148.966751	0.000000	148.966751	2.302585	115	0.260886	0.047829	0.000000	0.000000	0.000000	0.000000	0.000000	0.000000
3730	2	1	211.534119	0.000000	211.534119	2.302585	115	0.052846	0.020566	0.000000	0.000000	0.000000	0.000000	0.000000	0.000000
3960	1	1	152.611893	0.000000	152.611893	2.302585	115	0.187269	0.046530	0.000000	0.000000	0.000000	0.000000	0.000000	0.000000
3970	5	1	189.130676	0.000000	189.130676	2.302585	115	0.112440	0.022684	0.000000	0.000000	0.000000	0.000000	0.000000	0.000000
3700	4	1	105.233391	0.000000	105.233391	2.302585	115	0.499839	0.095742	0.000000	0.000000	0.000000	0.000000	0.000000	0.000000
3690	3	1	160.620453	0.000000	160.620453	2.302585	115	0.249608	0.045139	0.000000	0.000000	0.000000	0.000000	0.000000	0.000000
3970	1	1	152.574356	0.000000	152.574356	2.302585	115	0.187542	0.049321	0.000000	0.000000	0.000000	0.000000	0.000000	0.000000
3740	2	1	213.260193	0.000000	213.260193	2.302585	115	0.055147	0.018499	0.000000	0.000000	0.000000	0.000000	0.000000	0.000000
3980	5	1	185.745285	0.000000	185.745285	2.302585	115	0.113241	0.022850	0.000000	0.000000	0.000000	0.000000	0.000000	0.000000
3700	3	1	161.060532	0.000000	161.060532	2.302585	115	0.249148	0.045079	0.000000	0.000000	0.000000	0.000000	0.000000	0.000000
3710	4	1	104.135742	0.000000	104.135742	2.302585	115	0.502473	0.096157	0.000000	0.000000	0.000000	0.000000	0.000000	0.000000
3750	2	1	208.683197	0.000000	208.683197	2.302585	115	0.057624	0.018178	0.000000	0.000000	0.000000	0.000000	0.000000	0.000000
3980	1	1	148.018661	0.000000	148.018661	2.302585	115	0.191544	0.052897	0.000000	0.000000	0.000000	0.000000	0.000000	0.000000
3990	5	1	187.443512	0.000000	187.443512	2.302585	115	0.111390	0.028307	0.000000	0.000000	0.000000	0.000000	0.000000	0.000000
3710	3	1	163.202271	0.000000	163.202271	2.302585	115	0.236009	0.044377	0.000000	0.000000	0.000000	0.000000	0.000000	0.000000
3720	4	1	105.930809	0.000000	105.930809	2.302585	115	0.500649	0.098561	0.000000	0.000000	0.000000	0.000000	0.000000	0.000000
3760	2	1	210.198792	0.000000	210.198792	2.302585	115	0.057092	0.018428	0.000000	0.000000	0.000000	0.000000	0.000000	0.000000
3990	1	1	149.878387	0.000000	149.878387	2.302585	115	0.188418	0.054309	0.000000	0.000000	0.000000	0.000000	0.000000	0.000000
4000	5	1	185.593643	0.000000	185.593643	2.302585	115	0.114098	0.027210	0.000000	0.000000	0.000000	0.000000	0.000000	0.000000
3720	3	1	164.330902	0.000000	164.330902	2.302585	115	0.236726	0.046268	0.000000	0.000000	0.000000	0.000000	0.000000	0.000000
3730	4	1	105.625816	0.000000	105.625816	2.302585	115	0.506072	0.095217	0.000000	0.000000	0.000000	0.000000	0.000000	0.000000
3770	2	1	208.984848	0.000000	208.984848	2.302585	115	0.056842	0.013832	0.000000	0.000000	0.000000	0.000000	0.000000	0.000000
4000	1	1	150.972580	0.000000	150.972580	2.302585	115	0.185641	0.059781	0.000000	0.000000	0.000000	0.000000	0.000000	0.000000
4010	5	1	183.003998	0.000000	183.003998	2.302585	115	0.114683	0.026958	0.000000	0.000000	0.000000	0.000000	0.000000	0.000000
3730	3	1	161.501450	0.000000	161.501450	2.302585	115	0.238082	0.043059	0.000000	0.000000	0.000000	0.000000	0.000000	0.000000
3740	4	1	101.132904	0.000000	101.132904	2.302585	115	0.529629	0.099353	0.000000	0.000000	0.000000	0.000000	0.000000	0.000000
3780	2	1	210.971420	0.000000	210.971420	2.302585	115	0.057018	0.020804	0.000000	0.000000	0.000000	0.000000	0.000000	0.000000
4020	5	1	182.838440	0.000000	182.838440	2.302585	115	0.117905	0.028813	0.000000	0.000000	0.000000	0.000000	0.000000	0.000000
4010	1	1	150.484131	0.000000	150.484131	2.302585	115	0.184323	0.049927	0.000000	0.000000	0.000000	0.000000	0.000000	0.000000
3740	3	1	160.604736	0.000000	160.604736	2.302585	115	0.239315	0.050189	0.000000	0.000000	0.000000	0.000000	0.000000	0.000000
3750	4	1	101.678123	0.000000	101.678123	2.302585	115	0.508217	0.088826	0.000000	0.000000	0.000000	0.000000	0.000000	0.000000
4020	1	1	149.640213	0.000000	149.640213	2.302585	115	0.182538	0.059799	0.000000	0.000000	0.000000	0.000000	0.000000	0.000000
3790	2	1	207.377090	0.000000	207.377090	2.302585	115	0.058138	0.021707	0.000000	0.000000	0.000000	0.000000	0.000000	0.000000
3750	3	1	162.847443	0.000000	162.847443	2.302585	115	0.236205	0.043846	0.000000	0.000000	0.000000	0.000000	0.000000	0.000000
4030	5	1	185.385788	0.000000	185.385788	2.302585	115	0.099910	0.030559	0.000000	0.000000	0.000000	0.000000	0.000000	0.000000
3760	4	1	102.496994	0.000000	102.496994	2.302585	115	0.501191	0.080978	0.000000	0.000000	0.000000	0.000000	0.000000	0.000000
4030	1	1	152.987137	0.000000	152.987137	2.302585	115	0.177947	0.059926	0.000000	0.000000	0.000000	0.000000	0.000000	0.000000
4040	5	1	189.452576	0.000000	189.452576	2.302585	115	0.094989	0.026689	0.000000	0.000000	0.000000	0.000000	0.000000	0.000000
3760	3	1	162.936310	0.000000	162.936310	2.302585	115	0.228021	0.040349	0.000000	0.000000	0.000000	0.000000	0.000000	0.000000
3800	2	1	209.259720	0.000000	209.259720	2.302585	115	0.058306	0.019916	0.000000	0.000000	0.000000	0.000000	0.000000	0.000000
3770	4	1	106.727242	0.000000	106.727242	2.302585	115	0.492615	0.098612	0.000000	0.000000	0.000000	0.000000	0.000000	0.000000
3770	3	1	163.905350	0.000000	163.905350	2.302585	115	0.231210	0.039435	0.000000	0.000000	0.000000	0.000000	0.000000	0.000000
4040	1	1	155.955566	0.000000	155.955566	2.302585	115	0.184396	0.045235	0.000000	0.000000	0.000000	0.000000	0.000000	0.000000
4050	5	1	195.129852	0.000000	195.129852	2.302585	115	0.071799	0.022714	0.000000	0.000000	0.000000	0.000000	0.000000	0.000000
3810	2	1	207.326828	0.000000	207.326828	2.302585	115	0.064437	0.020646	0.000000	0.000000	0.000000	0.000000	0.000000	0.000000
3780	4	1	105.821510	0.000000	105.821510	2.302585	115	0.499431	0.092978	0.000000	0.000000	0.000000	0.000000	0.000000	0.000000
4050	1	1	155.142410	0.000000	155.142410	2.302585	115	0.182146	0.043175	0.000000	0.000000	0.000000	0.000000	0.000000	0.000000
3820	2	1	208.590530	0.000000	208.590530	2.302585	115	0.063418	0.015255	0.000000	0.000000	0.000000	0.000000	0.000000	0.000000
4060	5	1	199.085510	0.000000	199.085510	2.302585	115	0.068352	0.023334	0.000000	0.000000	0.000000	0.000000	0.000000	0.000000
3780	3	1	162.035370	0.000000	162.035370	2.302585	115	0.228937	0.050817	0.000000	0.000000	0.000000	0.000000	0.000000	0.000000
3790	4	1	116.052208	0.000000	116.052208	2.302585	115	0.423211	0.087651	0.000000	0.000000	0.000000	0.000000	0.000000	0.000000
4070	5	1	198.241348	0.000000	198.241348	2.302585	115	0.068685	0.024690	0.000000	0.000000	0.000000	0.000000	0.000000	0.000000
4060	1	1	154.361923	0.000000	154.361923	2.302585	115	0.182776	0.058828	0.000000	0.000000	0.000000	0.000000	0.000000	0.000000
3830	2	1	205.535599	0.000000	205.535599	2.302585	115	0.065156	0.023941	0.000000	0.000000	0.000000	0.000000	0.000000	0.000000
3790	3	1	157.114822	0.000000	157.114822	2.302585	115	0.156814	0.058296	0.000000	0.000000	0.000000	0.000000	0.000000	0.000000
4080	5	1	194.712402	0.000000	194.712402	2.302585	115	0.069363	0.022500	0.000000	0.000000	0.000000	0.000000	0.000000	0.000000
3800	4	1	117.726067	0.000000	117.726067	2.302585	115	0.355724	0.094344	0.000000	0.000000	0.000000	0.000000	0.000000	0.000000
4070	1	1	154.376740	0.000000	154.376740	2.302585	115	0.182856	0.046213	0.000000	0.000000	0.000000	0.000000	0.000000	0.000000
3840	2	1	203.854050	0.000000	203.854050	2.302585	115	0.062945	0.020002	0.000000	0.000000	0.000000	0.000000	0.000000	0.000000
3800	3	1	155.972061	0.000000	155.972061	2.302585	115	0.151079	0.059848	0.000000	0.000000	0.000000	0.000000	0.000000	0.000000
4090	5	1	197.354370	0.000000	197.354370	2.302585	115	0.065992	0.024505	0.000000	0.000000	0.000000	0.000000	0.000000	0.000000
3810	4	1	119.036507	0.000000	119.036507	2.302585	115	0.360854	0.084070	0.000000	0.000000	0.000000	0.000000	0.000000	0.000000
4080	1	1	156.862091	0.000000	156.862091	2.302585	115	0.181393	0.045978	0.000000	0.000000	0.000000	0.000000	0.000000	0.000000
3850	2	1	210.212479	0.000000	210.212479	2.302585	115	0.063002	0.019248	0.000000	0.000000	0.000000	0.000000	0.000000	0.000000
3810	3	1	164.851700	0.000000	164.851700	2.302585	115	0.150809	0.040912	0.000000	0.000000	0.000000	0.000000	0.000000	0.000000
4100	5	1	196.708389	0.000000	196.708389	2.302585	115	0.067012	0.019844	0.000000	0.000000	0.000000	0.000000	0.000000	0.000000
4090	1	1	157.357529	0.000000	157.357529	2.302585	115	0.170383	0.042169	0.000000	0.000000	0.000000	0.000000	0.000000	0.000000
3860	2	1	209.120926	0.000000	209.120926	2.302585	115	0.062719	0.016931	0.000000	0.000000	0.000000	0.000000	0.000000	0.000000
3820	4	1	118.063408	0.000000	118.063408	2.302585	115	0.354272	0.099457	0.000000	0.000000	0.000000	0.000000	0.000000	0.000000
3820	3	1	157.880356	0.000000	157.880356	2.302585	115	0.155421	0.048967	0.000000	0.000000	0.000000	0.000000	0.000000	0.000000
4110	5	1	197.534195	0.000000	197.534195	2.302585	115	0.068103	0.027047	0.000000	0.000000	0.000000	0.000000	0.000000	0.000000
4100	1	1	165.023972	0.000000	165.023972	2.302585	115	0.165207	0.037057	0.000000	0.000000	0.000000	0.000000	0.000000	0.000000
3870	2	1	210.216370	0.000000	210.216370	2.302585	115	0.062992	0.020314	0.000000	0.000000	0.000000	0.000000	0.000000	0.000000
3830	4	1	111.969833	0.000000	111.969833	2.302585	115	0.375598	0.091733	0.000000	0.000000	0.000000	0.000000	0.000000	0.000000
4120	5	1	199.717270	0.000000	199.717270	2.302585	115	0.064354	0.022142	0.000000	0.000000	0.000000	0.000000	0.000000	0.000000
3830	3	1	156.991501	0.000000	156.991501	2.302585	115	0.169943	0.052126	0.000000	0.000000	0.000000	0.000000	0.000000	0.000000
4110	1	1	165.733795	0.000000	165.733795	2.302585	115	0.161197	0.045005	0.000000	0.000000	0.000000	0.000000	0.000000	0.000000
3880	2	1	207.072586	0.000000	207.072586	2.302585	115	0.065262	0.017710	0.000000	0.000000	0.000000	0.000000	0.000000	0.000000
3840	4	1	109.931549	0.000000	109.931549	2.302585	115	0.380166	0.094745	0.000000	0.000000	0.000000	0.000000	0.000000	0.000000
4130	5	1	200.424438	0.000000	200.424438	2.302585	115	0.064191	0.019798	0.000000	0.000000	0.000000	0.000000	0.000000	0.000000
3840	3	1	152.254211	0.000000	152.254211	2.302585	115	0.177316	0.059763	0.000000	0.000000	0.000000	0.000000	0.000000	0.000000
4120	1	1	166.860840	0.000000	166.860840	2.302585	115	0.159841	0.041762	0.000000	0.000000	0.000000	0.000000	0.000000	0.000000
3890	2	1	202.519775	0.000000	202.519775	2.302585	115	0.067927	0.018570	0.000000	0.000000	0.000000	0.000000	0.000000	0.000000
3850	4	1	109.309982	0.000000	109.309982	2.302585	115	0.382464	0.094790	0.000000	0.000000	0.000000	0.000000	0.000000	0.000000
3850	3	1	152.321503	0.000000	152.321503	2.302585	115	0.175151	0.062484	0.000000	0.000000	0.000000	0.000000	0.000000	0.000000
4140	5	1	195.915680	0.000000	195.915680	2.302585	115	0.065526	0.030155	0.000000	0.000000	0.000000	0.000000	0.000000	0.000000
4130	1	1	170.092361	0.000000	170.092361	2.302585	115	0.133172	0.042418	0.000000	0.000000	0.000000	0.000000	0.000000	0.000000
3860	4	1	109.262848	0.000000	109.262848	2.302585	115	0.384472	0.097669	0.000000	0.000000	0.000000	0.000000	0.000000	0.000000
3900	2	1	203.574265	0.000000	203.574265	2.302585	115	0.064635	0.022327	0.000000	0.000000	0.000000	0.000000	0.000000	0.000000
3860	3	1	155.778656	0.000000	155.778656	2.302585	115	0.176444	0.045107	0.000000	0.000000	0.000000	0.000000	0.000000	0.000000
4150	5	1	197.201233	0.000000	197.201233	2.302585	115	0.065481	0.022084	0.000000	0.000000	0.000000	0.000000	0.000000	0.000000
4140	1	1	168.889191	0.000000	168.889191	2.302585	115	0.132359	0.032260	0.000000	0.000000	0.000000	0.000000	0.000000	0.000000
3870	4	1	111.708984	0.000000	111.708984	2.302585	115	0.374936	0.095574	0.000000	0.000000	0.000000	0.000000	0.000000	0.000000
3910	2	1	201.365723	0.000000	201.365723	2.302585	115	0.086782	0.021432	0.000000	0.000000	0.000000	0.000000	0.000000	0.000000
3870	3	1	157.674042	0.000000	157.674042	2.302585	115	0.174048	0.047738	0.000000	0.000000	0.000000	0.000000	0.000000	0.000000
4160	5	1	197.007080	0.000000	197.007080	2.302585	115	0.064368	0.020345	0.000000	0.000000	0.000000	0.000000	0.000000	0.000000
4150	1	1	169.855911	0.000000	169.855911	2.302585	115	0.131577	0.033917	0.000000	0.000000	0.000000	0.000000	0.000000	0.000000
3880	4	1	111.940659	0.000000	111.940659	2.302585	115	0.371410	0.096228	0.000000	0.000000	0.000000	0.000000	0.000000	0.000000
3920	2	1	209.406723	0.000000	209.406723	2.302585	115	0.061194	0.019218	0.000000	0.000000	0.000000	0.000000	0.000000	0.000000
3880	3	1	157.520294	0.000000	157.520294	2.302585	115	0.172015	0.053000	0.000000	0.000000	0.000000	0.000000	0.000000	0.000000
4170	5	1	197.860321	0.000000	197.860321	2.302585	115	0.069866	0.025306	0.000000	0.000000	0.000000	0.000000	0.000000	0.000000
4160	1	1	172.514755	0.000000	172.514755	2.302585	115	0.128939	0.033903	0.000000	0.000000	0.000000	0.000000	0.000000	0.000000
3930	2	1	204.270889	0.000000	204.270889	2.302585	115	0.064230	0.020695	0.000000	0.000000	0.000000	0.000000	0.000000	0.000000
3890	4	1	104.772110	0.000000	104.772110	2.302585	115	0.407088	0.098791	0.000000	0.000000	0.000000	0.000000	0.000000	0.000000
4180	5	1	196.950516	0.000000	196.950516	2.302585	115	0.072748	0.020446	0.000000	0.000000	0.000000	0.000000	0.000000	0.000000
3890	3	1	153.301041	0.000000	153.301041	2.302585	115	0.176816	0.051004	0.000000	0.000000	0.000000	0.000000	0.000000	0.000000
4170	1	1	174.834915	0.000000	174.834915	2.302585	115	0.127279	0.029668	0.000000	0.000000	0.000000	0.000000	0.000000	0.000000
3940	2	1	204.956070	0.000000	204.956070	2.302585	115	0.059260	0.028578	0.000000	0.000000	0.000000	0.000000	0.000000	0.000000
3900	4	1	104.810783	0.000000	104.810783	2.302585	115	0.439794	0.099192	0.000000	0.000000	0.000000	0.000000	0.000000	0.000000
4190	5	1	197.328491	0.000000	197.328491	2.302585	115	0.071435	0.023062	0.000000	0.000000	0.000000	0.000000	0.000000	0.000000
3900	3	1	143.976807	0.000000	143.976807	2.302585	115	0.186888	0.043535	0.000000	0.000000	0.000000	0.000000	0.000000	0.000000
4180	1	1	178.996796	0.000000	178.996796	2.302585	115	0.125422	0.033561	0.000000	0.000000	0.000000	0.000000	0.000000	0.000000
3950	2	1	205.541138	0.000000	205.541138	2.302585	115	0.059640	0.026087	0.000000	0.000000	0.000000	0.000000	0.000000	0.000000
4200	5	1	193.261505	0.000000	193.261505	2.302585	115	0.071441	0.016759	0.000000	0.000000	0.000000	0.000000	0.000000	0.000000
3910	4	1	97.989502	0.000000	97.989502	2.302585	115	0.437905	0.090277	0.000000	0.000000	0.000000	0.000000	0.000000	0.000000
3910	3	1	144.195786	0.000000	144.195786	2.302585	115	0.187505	0.062062	0.000000	0.000000	0.000000	0.000000	0.000000	0.000000
4190	1	1	180.736298	0.000000	180.736298	2.302585	115	0.125399	0.034189	0.000000	0.000000	0.000000	0.000000	0.000000	0.000000
4210	5	1	193.747238	0.000000	193.747238	2.302585	115	0.072151	0.032941	0.000000	0.000000	0.000000	0.000000	0.000000	0.000000
3960	2	1	208.266083	0.000000	208.266083	2.302585	115	0.059919	0.016113	0.000000	0.000000	0.000000	0.000000	0.000000	0.000000
3920	4	1	98.457741	0.000000	98.457741	2.302585	115	0.433338	0.098135	0.000000	0.000000	0.000000	0.000000	0.000000	0.000000
3920	3	1	141.988983	0.000000	141.988983	2.302585	115	0.188574	0.075359	0.000000	0.000000	0.000000	0.000000	0.000000	0.000000
3970	2	1	208.898911	0.000000	208.898911	2.302585	115	0.058707	0.022203	0.000000	0.000000	0.000000	0.000000	0.000000	0.000000
4220	5	1	194.696335	0.000000	194.696335	2.302585	115	0.115399	0.024335	0.000000	0.000000	0.000000	0.000000	0.000000	0.000000
4200	1	1	174.875504	0.000000	174.875504	2.302585	115	0.126077	0.034616	0.000000	0.000000	0.000000	0.000000	0.000000	0.000000
3930	4	1	98.076134	0.000000	98.076134	2.302585	115	0.432644	0.095981	0.000000	0.000000	0.000000	0.000000	0.000000	0.000000
3930	3	1	142.457260	0.000000	142.457260	2.302585	115	0.199055	0.055592	0.000000	0.000000	0.000000	0.000000	0.000000	0.000000
4210	1	1	172.269348	0.000000	172.269348	2.302585	115	0.128586	0.041197	0.000000	0.000000	0.000000	0.000000	0.000000	0.000000
3980	2	1	211.700836	0.000000	211.700836	2.302585	115	0.056301	0.022605	0.000000	0.000000	0.000000	0.000000	0.000000	0.000000
4230	5	1	197.903900	0.000000	197.903900	2.302585	115	0.111030	0.023237	0.000000	0.000000	0.000000	0.000000	0.000000	0.000000
3940	4	1	99.730621	0.000000	99.730621	2.302585	115	0.429489	0.099956	0.000000	0.000000	0.000000	0.000000	0.000000	0.000000
3940	3	1	142.499725	0.000000	142.499725	2.302585	115	0.199158	0.062696	0.000000	0.000000	0.000000	0.000000	0.000000	0.000000
4220	1	1	173.654678	0.000000	173.654678	2.302585	115	0.128222	0.035107	0.000000	0.000000	0.000000	0.000000	0.000000	0.000000
4240	5	1	200.719223	0.000000	200.719223	2.302585	115	0.102132	0.023942	0.000000	0.000000	0.000000	0.000000	0.000000	0.000000
3990	2	1	214.222702	0.000000	214.222702	2.302585	115	0.060636	0.015984	0.000000	0.000000	0.000000	0.000000	0.000000	0.000000
3950	3	1	144.449173	0.000000	144.449173	2.302585	115	0.197111	0.050833	0.000000	0.000000	0.000000	0.000000	0.000000	0.000000
3950	4	1	102.019943	0.000000	102.019943	2.302585	115	0.430818	0.099665	0.000000	0.000000	0.000000	0.000000	0.000000	0.000000
4230	1	1	174.234222	0.000000	174.234222	2.302585	115	0.133219	0.033274	0.000000	0.000000	0.000000	0.000000	0.000000	0.000000
4000	2	1	217.428802	0.000000	217.428802	2.302585	115	0.060608	0.015812	0.000000	0.000000	0.000000	0.000000	0.000000	0.000000
4250	5	1	206.949249	0.000000	206.949249	2.302585	115	0.098687	0.016993	0.000000	0.000000	0.000000	0.000000	0.000000	0.000000
3960	3	1	147.719040	0.000000	147.719040	2.302585	115	0.189059	0.052385	0.000000	0.000000	0.000000	0.000000	0.000000	0.000000
3960	4	1	105.026138	0.000000	105.026138	2.302585	115	0.423543	0.091504	0.000000	0.000000	0.000000	0.000000	0.000000	0.000000
4240	1	1	165.600815	0.000000	165.600815	2.302585	115	0.148480	0.042666	0.000000	0.000000	0.000000	0.000000	0.000000	0.000000
4010	2	1	218.312286	0.000000	218.312286	2.302585	115	0.059978	0.013649	0.000000	0.000000	0.000000	0.000000	0.000000	0.000000
4260	5	1	207.652573	0.000000	207.652573	2.302585	115	0.098267	0.019731	0.000000	0.000000	0.000000	0.000000	0.000000	0.000000
3970	4	1	106.095795	0.000000	106.095795	2.302585	115	0.438720	0.098642	0.000000	0.000000	0.000000	0.000000	0.000000	0.000000
3970	3	1	149.175430	0.000000	149.175430	2.302585	115	0.189699	0.046870	0.000000	0.000000	0.000000	0.000000	0.000000	0.000000
4250	1	1	166.641968	0.000000	166.641968	2.302585	115	0.148082	0.032922	0.000000	0.000000	0.000000	0.000000	0.000000	0.000000
4020	2	1	218.333023	0.000000	218.333023	2.302585	115	0.060282	0.016439	0.000000	0.000000	0.000000	0.000000	0.000000	0.000000
4270	5	1	207.460083	0.000000	207.460083	2.302585	115	0.097990	0.018010	0.000000	0.000000	0.000000	0.000000	0.000000	0.000000
3980	3	1	149.640137	0.000000	149.640137	2.302585	115	0.186737	0.061558	0.000000	0.000000	0.000000	0.000000	0.000000	0.000000
3980	4	1	107.778976	0.000000	107.778976	2.302585	115	0.411044	0.096337	0.000000	0.000000	0.000000	0.000000	0.000000	0.000000
4260	1	1	164.457626	0.000000	164.457626	2.302585	115	0.153258	0.037995	0.000000	0.000000	0.000000	0.000000	0.000000	0.000000
4030	2	1	214.762314	0.000000	214.762314	2.302585	115	0.063231	0.015005	0.000000	0.000000	0.000000	0.000000	0.000000	0.000000
4280	5	1	206.764694	0.000000	206.764694	2.302585	115	0.095827	0.016636	0.000000	0.000000	0.000000	0.000000	0.000000	0.000000
3990	4	1	106.328125	0.000000	106.328125	2.302585	115	0.415444	0.091959	0.000000	0.000000	0.000000	0.000000	0.000000	0.000000
3990	3	1	149.073822	0.000000	149.073822	2.302585	115	0.189162	0.065465	0.000000	0.000000	0.000000	0.000000	0.000000	0.000000
4270	1	1	165.809326	0.000000	165.809326	2.302585	115	0.162508	0.045528	0.000000	0.000000	0.000000	0.000000	0.000000	0.000000
4040	2	1	213.977325	0.000000	213.977325	2.302585	115	0.065770	0.014032	0.000000	0.000000	0.000000	0.000000	0.000000	0.000000
4290	5	1	207.875824	0.000000	207.875824	2.302585	115	0.097909	0.017477	0.000000	0.000000	0.000000	0.000000	0.000000	0.000000
4000	4	1	107.683456	0.000000	107.683456	2.302585	115	0.410572	0.092976	0.000000	0.000000	0.000000	0.000000	0.000000	0.000000
4000	3	1	149.188858	0.000000	149.188858	2.302585	115	0.178749	0.056863	0.000000	0.000000	0.000000	0.000000	0.000000	0.000000
4280	1	1	169.653320	0.000000	169.653320	2.302585	115	0.160820	0.040399	0.000000	0.000000	0.000000	0.000000	0.000000	0.000000
4050	2	1	219.456543	0.000000	219.456543	2.302585	115	0.062345	0.018020	0.000000	0.000000	0.000000	0.000000	0.000000	0.000000
4300	5	1	204.180527	0.000000	204.180527	2.302585	115	0.099168	0.022287	0.000000	0.000000	0.000000	0.000000	0.000000	0.000000
4010	4	1	111.718262	0.000000	111.718262	2.302585	115	0.391003	0.083363	0.000000	0.000000	0.000000	0.000000	0.000000	0.000000
4010	3	1	149.245590	0.000000	149.245590	2.302585	115	0.178835	0.054052	0.000000	0.000000	0.000000	0.000000	0.000000	0.000000
4290	1	1	170.514191	0.000000	170.514191	2.302585	115	0.165414	0.036947	0.000000	0.000000	0.000000	0.000000	0.000000	0.000000
4060	2	1	221.335266	0.000000	221.335266	2.302585	115	0.063015	0.017689	0.000000	0.000000	0.000000	0.000000	0.000000	0.000000
4310	5	1	201.159378	0.000000	201.159378	2.302585	115	0.098669	0.028264	0.000000	0.000000	0.000000	0.000000	0.000000	0.000000
4020	3	1	151.977875	0.000000	151.977875	2.302585	115	0.173910	0.056989	0.000000	0.000000	0.000000	0.000000	0.000000	0.000000
4300	1	1	169.943344	0.000000	169.943344	2.302585	115	0.165429	0.041251	0.000000	0.000000	0.000000	0.000000	0.000000	0.000000
4020	4	1	119.930786	0.000000	119.930786	2.302585	115	0.373084	0.087526	0.000000	0.000000	0.000000	0.000000	0.000000	0.000000
4070	2	1	219.958267	0.000000	219.958267	2.302585	115	0.062194	0.017436	0.000000	0.000000	0.000000	0.000000	0.000000	0.000000
4320	5	1	203.459045	0.000000	203.459045	2.302585	115	0.106268	0.022010	0.000000	0.000000	0.000000	0.000000	0.000000	0.000000
4030	3	1	151.719803	0.000000	151.719803	2.302585	115	0.201598	0.046666	0.000000	0.000000	0.000000	0.000000	0.000000	0.000000
4310	1	1	167.979187	0.000000	167.979187	2.302585	115	0.167539	0.037374	0.000000	0.000000	0.000000	0.000000	0.000000	0.000000
4030	4	1	123.582283	0.000000	123.582283	2.302585	115	0.343607	0.097645	0.000000	0.000000	0.000000	0.000000	0.000000	0.000000
4080	2	1	221.596176	0.000000	221.596176	2.302585	115	0.059521	0.012554	0.000000	0.000000	0.000000	0.000000	0.000000	0.000000
4330	5	1	196.586868	0.000000	196.586868	2.302585	115	0.103753	0.027916	0.000000	0.000000	0.000000	0.000000	0.000000	0.000000
4040	3	1	151.793777	0.000000	151.793777	2.302585	115	0.192476	0.046644	0.000000	0.000000	0.000000	0.000000	0.000000	0.000000
4320	1	1	172.366013	0.000000	172.366013	2.302585	115	0.144219	0.034859	0.000000	0.000000	0.000000	0.000000	0.000000	0.000000
4040	4	1	121.259850	0.000000	121.259850	2.302585	115	0.359393	0.093845	0.000000	0.000000	0.000000	0.000000	0.000000	0.000000
4090	2	1	226.476715	0.000000	226.476715	2.302585	115	0.056584	0.015288	0.000000	0.000000	0.000000	0.000000	0.000000	0.000000
4340	5	1	197.018631	0.000000	197.018631	2.302585	115	0.101137	0.026009	0.000000	0.000000	0.000000	0.000000	0.000000	0.000000
4050	3	1	155.698624	0.000000	155.698624	2.302585	115	0.188414	0.040479	0.000000	0.000000	0.000000	0.000000	0.000000	0.000000
4330	1	1	172.190414	0.000000	172.190414	2.302585	115	0.145030	0.039788	0.000000	0.000000	0.000000	0.000000	0.000000	0.000000
4050	4	1	119.424828	0.000000	119.424828	2.302585	115	0.399772	0.097586	0.000000	0.000000	0.000000	0.000000	0.000000	0.000000
4100	2	1	226.326385	0.000000	226.326385	2.302585	115	0.058547	0.013029	0.000000	0.000000	0.000000	0.000000	0.000000	0.000000
4350	5	1	201.553818	0.000000	201.553818	2.302585	115	0.084689	0.024052	0.000000	0.000000	0.000000	0.000000	0.000000	0.000000
4060	3	1	159.184860	0.000000	159.184860	2.302585	115	0.176533	0.041452	0.000000	0.000000	0.000000	0.000000	0.000000	0.000000
4340	1	1	170.385513	0.000000	170.385513	2.302585	115	0.145201	0.046551	0.000000	0.000000	0.000000	0.000000	0.000000	0.000000
4110	2	1	230.629272	0.000000	230.629272	2.302585	115	0.055145	0.016210	0.000000	0.000000	0.000000	0.000000	0.000000	0.000000
4060	4	1	116.974213	0.000000	116.974213	2.302585	115	0.393668	0.095810	0.000000	0.000000	0.000000	0.000000	0.000000	0.000000
4070	3	1	154.503601	0.000000	154.503601	2.302585	115	0.179563	0.057979	0.000000	0.000000	0.000000	0.000000	0.000000	0.000000
4360	5	1	203.000595	0.000000	203.000595	2.302585	115	0.096797	0.020467	0.000000	0.000000	0.000000	0.000000	0.000000	0.000000
4350	1	1	169.364655	0.000000	169.364655	2.302585	115	0.150183	0.041572	0.000000	0.000000	0.000000	0.000000	0.000000	0.000000
4120	2	1	223.285065	0.000000	223.285065	2.302585	115	0.059254	0.015180	0.000000	0.000000	0.000000	0.000000	0.000000	0.000000
4070	4	1	111.048599	0.000000	111.048599	2.302585	115	0.413667	0.083114	0.000000	0.000000	0.000000	0.000000	0.000000	0.000000
4080	3	1	153.995102	0.000000	153.995102	2.302585	115	0.178976	0.034868	0.000000	0.000000	0.000000	0.000000	0.000000	0.000000
4370	5	1	206.358963	0.000000	206.358963	2.302585	115	0.089316	0.014093	0.000000	0.000000	0.000000	0.000000	0.000000	0.000000
4360	1	1	169.431366	0.000000	169.431366	2.302585	115	0.150183	0.041047	0.000000	0.000000	0.000000	0.000000	0.000000	0.000000
4130	2	1	224.699448	0.000000	224.699448	2.302585	115	0.062124	0.013160	0.000000	0.000000	0.000000	0.000000	0.000000	0.000000
4080	4	1	111.668304	0.000000	111.668304	2.302585	115	0.369699	0.098766	0.000000	0.000000	0.000000	0.000000	0.000000	0.000000
4380	5	1	209.925781	0.000000	209.925781	2.302585	115	0.088648	0.019533	0.000000	0.000000	0.000000	0.000000	0.000000	0.000000
4090	3	1	152.895508	0.000000	152.895508	2.302585	115	0.190425	0.059502	0.000000	0.000000	0.000000	0.000000	0.000000	0.000000
4370	1	1	179.295822	0.000000	179.295822	2.302585	115	0.123764	0.030300	0.000000	0.000000	0.000000	0.000000	0.000000	0.000000
4140	2	1	229.742981	0.000000	229.742981	2.302585	115	0.069703	0.009617	0.000000	0.000000	0.000000	0.000000	0.000000	0.000000
4390	5	1	208.971420	0.000000	208.971420	2.302585	115	0.090614	0.017070	0.000000	0.000000	0.000000	0.000000	0.000000	0.000000
4090	4	1	114.836052	0.000000	114.836052	2.302585	115	0.365808	0.095860	0.000000	0.000000	0.000000	0.000000	0.000000	0.000000
4100	3	1	150.888977	0.000000	150.888977	2.302585	115	0.165527	0.064972	0.000000	0.000000	0.000000	0.000000	0.000000	0.000000
4380	1	1	182.533936	0.000000	182.533936	2.302585	115	0.126290	0.027331	0.000000	0.000000	0.000000	0.000000	0.000000	0.000000
4150	2	1	228.166641	0.000000	228.166641	2.302585	115	0.070883	0.012217	0.000000	0.000000	0.000000	0.000000	0.000000	0.000000
4390	1	1	180.404678	0.000000	180.404678	2.302585	115	0.125769	0.039745	0.000000	0.000000	0.000000	0.000000	0.000000	0.000000
4400	5	1	206.910583	0.000000	206.910583	2.302585	115	0.086736	0.019278	0.000000	0.000000	0.000000	0.000000	0.000000	0.000000
4100	4	1	111.563828	0.000000	111.563828	2.302585	115	0.367065	0.078468	0.000000	0.000000	0.000000	0.000000	0.000000	0.000000
4160	2	1	225.195129	0.000000	225.195129	2.302585	115	0.073848	0.011139	0.000000	0.000000	0.000000	0.000000	0.000000	0.000000
4110	3	1	157.056976	0.000000	157.056976	2.302585	115	0.156859	0.056088	0.000000	0.000000	0.000000	0.000000	0.000000	0.000000
4400	1	1	183.902481	0.000000	183.902481	2.302585	115	0.124847	0.031066	0.000000	0.000000	0.000000	0.000000	0.000000	0.000000
4170	2	1	227.938217	0.000000	227.938217	2.302585	115	0.073822	0.012569	0.000000	0.000000	0.000000	0.000000	0.000000	0.000000
4410	5	1	209.896805	0.000000	209.896805	2.302585	115	0.087143	0.024104	0.000000	0.000000	0.000000	0.000000	0.000000	0.000000
4110	4	1	112.677391	0.000000	112.677391	2.302585	115	0.362320	0.089786	0.000000	0.000000	0.000000	0.000000	0.000000	0.000000
4120	3	1	160.368179	0.000000	160.368179	2.302585	115	0.154063	0.049879	0.000000	0.000000	0.000000	0.000000	0.000000	0.000000
4410	1	1	181.838928	0.000000	181.838928	2.302585	115	0.120889	0.036770	0.000000	0.000000	0.000000	0.000000	0.000000	0.000000
4420	5	1	210.804398	0.000000	210.804398	2.302585	115	0.084915	0.017295	0.000000	0.000000	0.000000	0.000000	0.000000	0.000000
4180	2	1	229.564011	0.000000	229.564011	2.302585	115	0.073047	0.016396	0.000000	0.000000	0.000000	0.000000	0.000000	0.000000
4120	4	1	107.792656	0.000000	107.792656	2.302585	115	0.384734	0.092023	0.000000	0.000000	0.000000	0.000000	0.000000	0.000000
4130	3	1	161.044388	0.000000	161.044388	2.302585	115	0.149859	0.056711	0.000000	0.000000	0.000000	0.000000	0.000000	0.000000
4420	1	1	184.259750	0.000000	184.259750	2.302585	115	0.121944	0.026044	0.000000	0.000000	0.000000	0.000000	0.000000	0.000000
4190	2	1	230.496658	0.000000	230.496658	2.302585	115	0.073210	0.012096	0.000000	0.000000	0.000000	0.000000	0.000000	0.000000
4430	5	1	212.741974	0.000000	212.741974	2.302585	115	0.085405	0.017112	0.000000	0.000000	0.000000	0.000000	0.000000	0.000000
4130	4	1	107.699646	0.000000	107.699646	2.302585	115	0.390918	0.091147	0.000000	0.000000	0.000000	0.000000	0.000000	0.000000
4140	3	1	164.580536	0.000000	164.580536	2.302585	115	0.148743	0.047930	0.000000	0.000000	0.000000	0.000000	0.000000	0.000000
4430	1	1	186.223923	0.000000	186.223923	2.302585	115	0.120425	0.033331	0.000000	0.000000	0.000000	0.000000	0.000000	0.000000
4200	2	1	232.238937	0.000000	232.238937	2.302585	115	0.071829	0.010708	0.000000	0.000000	0.000000	0.000000	0.000000	0.000000
4440	5	1	212.018234	0.000000	212.018234	2.302585	115	0.087064	0.015569	0.000000	0.000000	0.000000	0.000000	0.000000	0.000000
4140	4	1	104.735077	0.000000	104.735077	2.302585	115	0.396241	0.093297	0.000000	0.000000	0.000000	0.000000	0.000000	0.000000
4150	3	1	170.305649	0.000000	170.305649	2.302585	115	0.142470	0.037153	0.000000	0.000000	0.000000	0.000000	0.000000	0.000000
4440	1	1	185.081146	0.000000	185.081146	2.302585	115	0.113469	0.028938	0.000000	0.000000	0.000000	0.000000	0.000000	0.000000
4210	2	1	226.236893	0.000000	226.236893	2.302585	115	0.073484	0.011705	0.000000	0.000000	0.000000	0.000000	0.000000	0.000000
4150	4	1	105.430855	0.000000	105.430855	2.302585	115	0.391022	0.097022	0.000000	0.000000	0.000000	0.000000	0.000000	0.000000
4450	5	1	210.417099	0.000000	210.417099	2.302585	115	0.085709	0.016140	0.000000	0.000000	0.000000	0.000000	0.000000	0.000000
4160	3	1	170.609665	0.000000	170.609665	2.302585	115	0.142164	0.038231	0.000000	0.000000	0.000000	0.000000	0.000000	0.000000
4450	1	1	187.060440	0.000000	187.060440	2.302585	115	0.112405	0.027951	0.000000	0.000000	0.000000	0.000000	0.000000	0.000000
4220	2	1	223.972397	0.000000	223.972397	2.302585	115	0.074415	0.013318	0.000000	0.000000	0.000000	0.000000	0.000000	0.000000
4460	5	1	203.429733	0.000000	203.429733	2.302585	115	0.091034	0.024307	0.000000	0.000000	0.000000	0.000000	0.000000	0.000000
4160	4	1	103.628983	0.000000	103.628983	2.302585	115	0.409160	0.094210	0.000000	0.000000	0.000000	0.000000	0.000000	0.000000
4170	3	1	167.562027	0.000000	167.562027	2.302585	115	0.148926	0.042811	0.000000	0.000000	0.000000	0.000000	0.000000	0.000000
4460	1	1	181.479813	0.000000	181.479813	2.302585	115	0.114877	0.038142	0.000000	0.000000	0.000000	0.000000	0.000000	0.000000
4470	5	1	206.273987	0.000000	206.273987	2.302585	115	0.088906	0.017388	0.000000	0.000000	0.000000	0.000000	0.000000	0.000000
4230	2	1	224.385986	0.000000	224.385986	2.302585	115	0.074242	0.016445	0.000000	0.000000	0.000000	0.000000	0.000000	0.000000
4170	4	1	108.716911	0.000000	108.716911	2.302585	115	0.413744	0.096203	0.000000	0.000000	0.000000	0.000000	0.000000	0.000000
4180	3	1	171.246429	0.000000	171.246429	2.302585	115	0.140140	0.037716	0.000000	0.000000	0.000000	0.000000	0.000000	0.000000
4470	1	1	184.381378	0.000000	184.381378	2.302585	115	0.112482	0.030476	0.000000	0.000000	0.000000	0.000000	0.000000	0.000000
4480	5	1	202.492157	0.000000	202.492157	2.302585	115	0.090825	0.021137	0.000000	0.000000	0.000000	0.000000	0.000000	0.000000
4240	2	1	225.070801	0.000000	225.070801	2.302585	115	0.072382	0.017193	0.000000	0.000000	0.000000	0.000000	0.000000	0.000000
4180	4	1	109.450005	0.000000	109.450005	2.302585	115	0.416288	0.094817	0.000000	0.000000	0.000000	0.000000	0.000000	0.000000
4190	3	1	173.953613	0.000000	173.953613	2.302585	115	0.137913	0.034111	0.000000	0.000000	0.000000	0.000000	0.000000	0.000000
4480	1	1	187.907059	0.000000	187.907059	2.302585	115	0.104399	0.032047	0.000000	0.000000	0.000000	0.000000	0.000000	0.000000
4490	5	1	200.111343	0.000000	200.111343	2.302585	115	0.088743	0.028210	0.000000	0.000000	0.000000	0.000000	0.000000	0.000000
4250	2	1	226.378922	0.000000	226.378922	2.302585	115	0.072025	0.017115	0.000000	0.000000	0.000000	0.000000	0.000000	0.000000
4190	4	1	107.606407	0.000000	107.606407	2.302585	115	0.422791	0.099361	0.000000	0.000000	0.000000	0.000000	0.000000	0.000000
4200	3	1	176.407928	0.000000	176.407928	2.302585	115	0.134700	0.038721	0.000000	0.000000	0.000000	0.000000	0.000000	0.000000
4490	1	1	189.023468	0.000000	189.023468	2.302585	115	0.109782	0.022556	0.000000	0.000000	0.000000	0.000000	0.000000	0.000000
4500	5	1	205.147293	0.000000	205.147293	2.302585	115	0.088864	0.018810	0.000000	0.000000	0.000000	0.000000	0.000000	0.000000
4260	2	1	230.839203	0.000000	230.839203	2.302585	115	0.070988	0.013136	0.000000	0.000000	0.000000	0.000000	0.000000	0.000000
4200	4	1	103.254311	0.000000	103.254311	2.302585	115	0.433840	0.096793	0.000000	0.000000	0.000000	0.000000	0.000000	0.000000
4210	3	1	178.773788	0.000000	178.773788	2.302585	115	0.135057	0.031853	0.000000	0.000000	0.000000	0.000000	0.000000	0.000000
4510	5	1	205.093018	0.000000	205.093018	2.302585	115	0.088653	0.022009	0.000000	0.000000	0.000000	0.000000	0.000000	0.000000
4500	1	1	191.730087	0.000000	191.730087	2.302585	115	0.114636	0.023716	0.000000	0.000000	0.000000	0.000000	0.000000	0.000000
4270	2	1	225.681412	0.000000	225.681412	2.302585	115	0.072002	0.018118	0.000000	0.000000	0.000000	0.000000	0.000000	0.000000
4210	4	1	104.634125	0.000000	104.634125	2.302585	115	0.432130	0.095662	0.000000	0.000000	0.000000	0.000000	0.000000	0.000000
4220	3	1	178.129593	0.000000	178.129593	2.302585	115	0.139603	0.037369	0.000000	0.000000	0.000000	0.000000	0.000000	0.000000
4510	1	1	193.648575	0.000000	193.648575	2.302585	115	0.113434	0.024427	0.000000	0.000000	0.000000	0.000000	0.000000	0.000000
4520	5	1	210.422256	0.000000	210.422256	2.302585	115	0.083894	0.017322	0.000000	0.000000	0.000000	0.000000	0.000000	0.000000
4280	2	1	232.330048	0.000000	232.330048	2.302585	115	0.070618	0.014364	0.000000	0.000000	0.000000	0.000000	0.000000	0.000000
4220	4	1	102.864365	0.000000	102.864365	2.302585	115	0.432295	0.097798	0.000000	0.000000	0.000000	0.000000	0.000000	0.000000
4520	1	1	192.853348	0.000000	192.853348	2.302585	115	0.111939	0.020283	0.000000	0.000000	0.000000	0.000000	0.000000	0.000000
4230	3	1	170.922440	0.000000	170.922440	2.302585	115	0.139874	0.037134	0.000000	0.000000	0.000000	0.000000	0.000000	0.000000
4530	5	1	213.027695	0.000000	213.027695	2.302585	115	0.083045	0.019458	0.000000	0.000000	0.000000	0.000000	0.000000	0.000000
4290	2	1	233.026505	0.000000	233.026505	2.302585	115	0.070557	0.011527	0.000000	0.000000	0.000000	0.000000	0.000000	0.000000
4230	4	1	108.876518	0.000000	108.876518	2.302585	115	0.407343	0.082560	0.000000	0.000000	0.000000	0.000000	0.000000	0.000000
4530	1	1	194.307953	0.000000	194.307953	2.302585	115	0.111770	0.025154	0.000000	0.000000	0.000000	0.000000	0.000000	0.000000
4240	3	1	166.361588	0.000000	166.361588	2.302585	115	0.146420	0.045214	0.000000	0.000000	0.000000	0.000000	0.000000	0.000000
4300	2	1	234.359772	0.000000	234.359772	2.302585	115	0.070505	0.011480	0.000000	0.000000	0.000000	0.000000	0.000000	0.000000
4540	5	1	207.051086	0.000000	207.051086	2.302585	115	0.099730	0.019608	0.000000	0.000000	0.000000	0.000000	0.000000	0.000000
4240	4	1	112.385574	0.000000	112.385574	2.302585	115	0.404976	0.098655	0.000000	0.000000	0.000000	0.000000	0.000000	0.000000
4540	1	1	192.530228	0.000000	192.530228	2.302585	115	0.114329	0.030986	0.000000	0.000000	0.000000	0.000000	0.000000	0.000000
4250	3	1	169.895081	0.000000	169.895081	2.302585	115	0.145540	0.033337	0.000000	0.000000	0.000000	0.000000	0.000000	0.000000
4550	5	1	207.000122	0.000000	207.000122	2.302585	115	0.101304	0.020137	0.000000	0.000000	0.000000	0.000000	0.000000	0.000000
4310	2	1	235.508286	0.000000	235.508286	2.302585	115	0.056997	0.010196	0.000000	0.000000	0.000000	0.000000	0.000000	0.000000
4250	4	1	110.438835	0.000000	110.438835	2.302585	115	0.407255	0.098569	0.000000	0.000000	0.000000	0.000000	0.000000	0.000000
4550	1	1	190.273636	0.000000	190.273636	2.302585	115	0.117022	0.026467	0.000000	0.000000	0.000000	0.000000	0.000000	0.000000
4260	3	1	165.500000	0.000000	165.500000	2.302585	115	0.146643	0.047739	0.000000	0.000000	0.000000	0.000000	0.000000	0.000000
4320	2	1	232.939545	0.000000	232.939545	2.302585	115	0.056408	0.015293	0.000000	0.000000	0.000000	0.000000	0.000000	0.000000
4560	5	1	195.028076	0.000000	195.028076	2.302585	115	0.113391	0.032330	0.000000	0.000000	0.000000	0.000000	0.000000	0.000000
4260	4	1	108.057350	0.000000	108.057350	2.302585	115	0.402612	0.077576	0.000000	0.000000	0.000000	0.000000	0.000000	0.000000
4560	1	1	193.635895	0.000000	193.635895	2.302585	115	0.113337	0.023054	0.000000	0.000000	0.000000	0.000000	0.000000	0.000000
4570	5	1	199.527176	0.000000	199.527176	2.302585	115	0.111884	0.019891	0.000000	0.000000	0.000000	0.000000	0.000000	0.000000
4270	3	1	166.693176	0.000000	166.693176	2.302585	115	0.157791	0.043454	0.000000	0.000000	0.000000	0.000000	0.000000	0.000000
4330	2	1	231.221237	0.000000	231.221237	2.302585	115	0.058585	0.009606	0.000000	0.000000	0.000000	0.000000	0.000000	0.000000
4270	4	1	109.518806	0.000000	109.518806	2.302585	115	0.410184	0.097268	0.000000	0.000000	0.000000	0.000000	0.000000	0.000000
4570	1	1	195.644073	0.000000	195.644073	2.302585	115	0.111878	0.025984	0.000000	0.000000	0.000000	0.000000	0.000000	0.000000
4280	3	1	158.878647	0.000000	158.878647	2.302585	115	0.159881	0.033119	0.000000	0.000000	0.000000	0.000000	0.000000	0.000000
4580	5	1	201.848145	0.000000	201.848145	2.302585	115	0.111074	0.021574	0.000000	0.000000	0.000000	0.000000	0.000000	0.000000
4340	2	1	234.434662	0.000000	234.434662	2.302585	115	0.055217	0.010937	0.000000	0.000000	0.000000	0.000000	0.000000	0.000000
4280	4	1	104.420807	0.000000	104.420807	2.302585	115	0.423413	0.097262	0.000000	0.000000	0.000000	0.000000	0.000000	0.000000
4580	1	1	192.817291	0.000000	192.817291	2.302585	115	0.114484	0.021674	0.000000	0.000000	0.000000	0.000000	0.000000	0.000000
4290	3	1	160.433838	0.000000	160.433838	2.302585	115	0.250094	0.042600	0.000000	0.000000	0.000000	0.000000	0.000000	0.000000
4290	4	1	107.582382	0.000000	107.582382	2.302585	115	0.405200	0.099043	0.000000	0.000000	0.000000	0.000000	0.000000	0.000000
4590	5	1	197.602325	0.000000	197.602325	2.302585	115	0.117501	0.027683	0.000000	0.000000	0.000000	0.000000	0.000000	0.000000
4350	2	1	231.377029	0.000000	231.377029	2.302585	115	0.057800	0.012600	0.000000	0.000000	0.000000	0.000000	0.000000	0.000000
4590	1	1	185.924942	0.000000	185.924942	2.302585	115	0.123561	0.036754	0.000000	0.000000	0.000000	0.000000	0.000000	0.000000
4300	3	1	158.935364	0.000000	158.935364	2.302585	115	0.248715	0.045100	0.000000	0.000000	0.000000	0.000000	0.000000	0.000000
4360	2	1	228.715088	0.000000	228.715088	2.302585	115	0.059258	0.013314	0.000000	0.000000	0.000000	0.000000	0.000000	0.000000
4600	5	1	198.300720	0.000000	198.300720	2.302585	115	0.117724	0.026148	0.000000	0.000000	0.000000	0.000000	0.000000	0.000000
4300	4	1	103.115723	0.000000	103.115723	2.302585	115	0.422782	0.095345	0.000000	0.000000	0.000000	0.000000	0.000000	0.000000
4600	1	1	187.492874	0.000000	187.492874	2.302585	115	0.119174	0.034511	0.000000	0.000000	0.000000	0.000000	0.000000	0.000000
4310	3	1	159.487427	0.000000	159.487427	2.302585	115	0.248580	0.047605	0.000000	0.000000	0.000000	0.000000	0.000000	0.000000
4370	2	1	226.260620	0.000000	226.260620	2.302585	115	0.058709	0.014174	0.000000	0.000000	0.000000	0.000000	0.000000	0.000000
4610	5	1	200.789398	0.000000	200.789398	2.302585	115	0.112808	0.021353	0.000000	0.000000	0.000000	0.000000	0.000000	0.000000
4310	4	1	101.814606	0.000000	101.814606	2.302585	115	0.464959	0.097848	0.000000	0.000000	0.000000	0.000000	0.000000	0.000000
4610	1	1	185.922760	0.000000	185.922760	2.302585	115	0.120493	0.022810	0.000000	0.000000	0.000000	0.000000	0.000000	0.000000
4320	3	1	156.329803	0.000000	156.329803	2.302585	115	0.246908	0.054544	0.000000	0.000000	0.000000	0.000000	0.000000	0.000000
4380	2	1	225.598557	0.000000	225.598557	2.302585	115	0.058280	0.010516	0.000000	0.000000	0.000000	0.000000	0.000000	0.000000
4620	5	1	194.833862	0.000000	194.833862	2.302585	115	0.116557	0.019493	0.000000	0.000000	0.000000	0.000000	0.000000	0.000000
4320	4	1	99.210976	0.000000	99.210976	2.302585	115	0.472516	0.097359	0.000000	0.000000	0.000000	0.000000	0.000000	0.000000
4620	1	1	185.956863	0.000000	185.956863	2.302585	115	0.121557	0.023436	0.000000	0.000000	0.000000	0.000000	0.000000	0.000000
4630	5	1	190.819946	0.000000	190.819946	2.302585	115	0.113631	0.029405	0.000000	0.000000	0.000000	0.000000	0.000000	0.000000
4330	3	1	160.625473	0.000000	160.625473	2.302585	115	0.244791	0.045559	0.000000	0.000000	0.000000	0.000000	0.000000	0.000000
4390	2	1	226.558777	0.000000	226.558777	2.302585	115	0.056568	0.015637	0.000000	0.000000	0.000000	0.000000	0.000000	0.000000
4330	4	1	99.196304	0.000000	99.196304	2.302585	115	0.472555	0.096547	0.000000	0.000000	0.000000	0.000000	0.000000	0.000000
4630	1	1	186.725266	0.000000	186.725266	2.302585	115	0.121233	0.030118	0.000000	0.000000	0.000000	0.000000	0.000000	0.000000
4640	5	1	191.370270	0.000000	191.370270	2.302585	115	0.113656	0.027072	0.000000	0.000000	0.000000	0.000000	0.000000	0.000000
4340	3	1	157.716003	0.000000	157.716003	2.302585	115	0.258249	0.046087	0.000000	0.000000	0.000000	0.000000	0.000000	0.000000
4400	2	1	226.399643	0.000000	226.399643	2.302585	115	0.056512	0.013549	0.000000	0.000000	0.000000	0.000000	0.000000	0.000000
4340	4	1	100.690727	0.000000	100.690727	2.302585	115	0.585018	0.094623	0.000000	0.000000	0.000000	0.000000	0.000000	0.000000
4640	1	1	187.001541	0.000000	187.001541	2.302585	115	0.121784	0.030072	0.000000	0.000000	0.000000	0.000000	0.000000	0.000000
4350	3	1	150.895584	0.000000	150.895584	2.302585	115	0.259701	0.060878	0.000000	0.000000	0.000000	0.000000	0.000000	0.000000
4650	5	1	190.486374	0.000000	190.486374	2.302585	115	0.112884	0.030577	0.000000	0.000000	0.000000	0.000000	0.000000	0.000000
4410	2	1	217.279572	0.000000	217.279572	2.302585	115	0.069724	0.018932	0.000000	0.000000	0.000000	0.000000	0.000000	0.000000
4350	4	1	100.086739	0.000000	100.086739	2.302585	115	0.586080	0.095087	0.000000	0.000000	0.000000	0.000000	0.000000	0.000000
4650	1	1	186.978363	0.000000	186.978363	2.302585	115	0.119958	0.023200	0.000000	0.000000	0.000000	0.000000	0.000000	0.000000
4660	5	1	189.556213	0.000000	189.556213	2.302585	115	0.117344	0.027662	0.000000	0.000000	0.000000	0.000000	0.000000	0.000000
4360	4	1	114.966118	0.000000	114.966118	2.302585	115	0.543956	0.087123	0.000000	0.000000	0.000000	0.000000	0.000000	0.000000
4420	2	1	217.465286	0.000000	217.465286	2.302585	115	0.069467	0.017204	0.000000	0.000000	0.000000	0.000000	0.000000	0.000000
4360	3	1	152.124161	0.000000	152.124161	2.302585	115	0.257583	0.046203	0.000000	0.000000	0.000000	0.000000	0.000000	0.000000
4660	1	1	182.863663	0.000000	182.863663	2.302585	115	0.124551	0.025202	0.000000	0.000000	0.000000	0.000000	0.000000	0.000000
4670	5	1	184.673172	0.000000	184.673172	2.302585	115	0.128984	0.032902	0.000000	0.000000	0.000000	0.000000	0.000000	0.000000
4430	2	1	218.836258	0.000000	218.836258	2.302585	115	0.069236	0.017356	0.000000	0.000000	0.000000	0.000000	0.000000	0.000000
4370	4	1	108.561829	0.000000	108.561829	2.302585	115	0.558319	0.073323	0.000000	0.000000	0.000000	0.000000	0.000000	0.000000
4370	3	1	157.490295	0.000000	157.490295	2.302585	115	0.242270	0.046750	0.000000	0.000000	0.000000	0.000000	0.000000	0.000000
4670	1	1	183.738861	0.000000	183.738861	2.302585	115	0.121944	0.025864	0.000000	0.000000	0.000000	0.000000	0.000000	0.000000
4680	5	1	182.813004	0.000000	182.813004	2.302585	115	0.126455	0.038726	0.000000	0.000000	0.000000	0.000000	0.000000	0.000000
4380	4	1	112.110184	0.000000	112.110184	2.302585	115	0.417553	0.098879	0.000000	0.000000	0.000000	0.000000	0.000000	0.000000
4380	3	1	159.172989	0.000000	159.172989	2.302585	115	0.241105	0.044214	0.000000	0.000000	0.000000	0.000000	0.000000	0.000000
4440	2	1	220.055115	0.000000	220.055115	2.302585	115	0.068001	0.017429	0.000000	0.000000	0.000000	0.000000	0.000000	0.000000
4680	1	1	182.429230	0.000000	182.429230	2.302585	115	0.143815	0.027921	0.000000	0.000000	0.000000	0.000000	0.000000	0.000000
4690	5	1	183.509125	0.000000	183.509125	2.302585	115	0.134189	0.029775	0.000000	0.000000	0.000000	0.000000	0.000000	0.000000
4390	4	1	115.133278	0.000000	115.133278	2.302585	115	0.409615	0.082068	0.000000	0.000000	0.000000	0.000000	0.000000	0.000000
4450	2	1	214.547729	0.000000	214.547729	2.302585	115	0.070701	0.017778	0.000000	0.000000	0.000000	0.000000	0.000000	0.000000
4690	1	1	186.344666	0.000000	186.344666	2.302585	115	0.137672	0.035722	0.000000	0.000000	0.000000	0.000000	0.000000	0.000000
4390	3	1	160.741180	0.000000	160.741180	2.302585	115	0.239857	0.039206	0.000000	0.000000	0.000000	0.000000	0.000000	0.000000
4700	5	1	176.067886	0.000000	176.067886	2.302585	115	0.150271	0.031591	0.000000	0.000000	0.000000	0.000000	0.000000	0.000000
4460	2	1	216.126404	0.000000	216.126404	2.302585	115	0.069771	0.015547	0.000000	0.000000	0.000000	0.000000	0.000000	0.000000
4400	4	1	114.503891	0.000000	114.503891	2.302585	115	0.408756	0.099091	0.000000	0.000000	0.000000	0.000000	0.000000	0.000000
4700	1	1	190.526291	0.000000	190.526291	2.302585	115	0.135880	0.028078	0.000000	0.000000	0.000000	0.000000	0.000000	0.000000
4400	3	1	159.304367	0.000000	159.304367	2.302585	115	0.245467	0.043143	0.000000	0.000000	0.000000	0.000000	0.000000	0.000000
4710	5	1	175.885590	0.000000	175.885590	2.302585	115	0.150519	0.032346	0.000000	0.000000	0.000000	0.000000	0.000000	0.000000
4470	2	1	215.139969	0.000000	215.139969	2.302585	115	0.069419	0.021393	0.000000	0.000000	0.000000	0.000000	0.000000	0.000000
4710	1	1	191.402222	0.000000	191.402222	2.302585	115	0.134982	0.031211	0.000000	0.000000	0.000000	0.000000	0.000000	0.000000
4410	4	1	102.724190	0.000000	102.724190	2.302585	115	0.512873	0.097268	0.000000	0.000000	0.000000	0.000000	0.000000	0.000000
4410	3	1	153.165634	0.000000	153.165634	2.302585	115	0.263041	0.045350	0.000000	0.000000	0.000000	0.000000	0.000000	0.000000
4720	5	1	178.178528	0.000000	178.178528	2.302585	115	0.115490	0.033601	0.000000	0.000000	0.000000	0.000000	0.000000	0.000000
4420	4	1	103.608643	0.000000	103.608643	2.302585	115	0.519612	0.099639	0.000000	0.000000	0.000000	0.000000	0.000000	0.000000
4720	1	1	191.171967	0.000000	191.171967	2.302585	115	0.128060	0.023615	0.000000	0.000000	0.000000	0.000000	0.000000	0.000000
4480	2	1	220.146576	0.000000	220.146576	2.302585	115	0.068582	0.014760	0.000000	0.000000	0.000000	0.000000	0.000000	0.000000
4420	3	1	154.676407	0.000000	154.676407	2.302585	115	0.161987	0.041607	0.000000	0.000000	0.000000	0.000000	0.000000	0.000000
4730	5	1	187.332413	0.000000	187.332413	2.302585	115	0.102487	0.028948	0.000000	0.000000	0.000000	0.000000	0.000000	0.000000
4430	4	1	103.698143	0.000000	103.698143	2.302585	115	0.519984	0.099630	0.000000	0.000000	0.000000	0.000000	0.000000	0.000000
4490	2	1	219.646042	0.000000	219.646042	2.302585	115	0.066303	0.013989	0.000000	0.000000	0.000000	0.000000	0.000000	0.000000
4730	1	1	194.465347	0.000000	194.465347	2.302585	115	0.126826	0.024563	0.000000	0.000000	0.000000	0.000000	0.000000	0.000000
4430	3	1	154.962128	0.000000	154.962128	2.302585	115	0.161903	0.039017	0.000000	0.000000	0.000000	0.000000	0.000000	0.000000
4740	5	1	187.966339	0.000000	187.966339	2.302585	115	0.103758	0.027938	0.000000	0.000000	0.000000	0.000000	0.000000	0.000000
4440	4	1	105.487045	0.000000	105.487045	2.302585	115	0.520350	0.098008	0.000000	0.000000	0.000000	0.000000	0.000000	0.000000
4500	2	1	218.496338	0.000000	218.496338	2.302585	115	0.066864	0.016875	0.000000	0.000000	0.000000	0.000000	0.000000	0.000000
4440	3	1	153.953796	0.000000	153.953796	2.302585	115	0.168744	0.046073	0.000000	0.000000	0.000000	0.000000	0.000000	0.000000
4740	1	1	188.659882	0.000000	188.659882	2.302585	115	0.143206	0.023444	0.000000	0.000000	0.000000	0.000000	0.000000	0.000000
4750	5	1	185.046997	0.000000	185.046997	2.302585	115	0.104578	0.036076	0.000000	0.000000	0.000000	0.000000	0.000000	0.000000
4450	4	1	96.294960	0.000000	96.294960	2.302585	115	0.529262	0.096016	0.000000	0.000000	0.000000	0.000000	0.000000	0.000000
4750	1	1	185.058563	0.000000	185.058563	2.302585	115	0.146874	0.031359	0.000000	0.000000	0.000000	0.000000	0.000000	0.000000
4510	2	1	218.327560	0.000000	218.327560	2.302585	115	0.066606	0.019501	0.000000	0.000000	0.000000	0.000000	0.000000	0.000000
4450	3	1	150.547729	0.000000	150.547729	2.302585	115	0.170873	0.066115	0.000000	0.000000	0.000000	0.000000	0.000000	0.000000
4760	5	1	186.536377	0.000000	186.536377	2.302585	115	0.090289	0.034306	0.000000	0.000000	0.000000	0.000000	0.000000	0.000000
4520	2	1	217.891495	0.000000	217.891495	2.302585	115	0.067156	0.018645	0.000000	0.000000	0.000000	0.000000	0.000000	0.000000
4460	4	1	96.156563	0.000000	96.156563	2.302585	115	0.522516	0.095911	0.000000	0.000000	0.000000	0.000000	0.000000	0.000000
4760	1	1	185.084808	0.000000	185.084808	2.302585	115	0.145759	0.033358	0.000000	0.000000	0.000000	0.000000	0.000000	0.000000
4460	3	1	144.286163	0.000000	144.286163	2.302585	115	0.182570	0.046987	0.000000	0.000000	0.000000	0.000000	0.000000	0.000000
4770	5	1	197.867477	0.000000	197.867477	2.302585	115	0.089245	0.023769	0.000000	0.000000	0.000000	0.000000	0.000000	0.000000
4530	2	1	217.168640	0.000000	217.168640	2.302585	115	0.066111	0.019664	0.000000	0.000000	0.000000	0.000000	0.000000	0.000000
4470	4	1	101.776558	0.000000	101.776558	2.302585	115	0.460031	0.097111	0.000000	0.000000	0.000000	0.000000	0.000000	0.000000
4770	1	1	183.725159	0.000000	183.725159	2.302585	115	0.128986	0.022590	0.000000	0.000000	0.000000	0.000000	0.000000	0.000000
4780	5	1	198.304871	0.000000	198.304871	2.302585	115	0.091865	0.024168	0.000000	0.000000	0.000000	0.000000	0.000000	0.000000
4470	3	1	141.198975	0.000000	141.198975	2.302585	115	0.195668	0.076011	0.000000	0.000000	0.000000	0.000000	0.000000	0.000000
4540	2	1	216.694397	0.000000	216.694397	2.302585	115	0.066354	0.019800	0.000000	0.000000	0.000000	0.000000	0.000000	0.000000
4780	1	1	191.346695	0.000000	191.346695	2.302585	115	0.127325	0.022363	0.000000	0.000000	0.000000	0.000000	0.000000	0.000000
4480	4	1	106.544998	0.000000	106.544998	2.302585	115	0.462603	0.092764	0.000000	0.000000	0.000000	0.000000	0.000000	0.000000
4790	5	1	194.378769	0.000000	194.378769	2.302585	115	0.093392	0.021494	0.000000	0.000000	0.000000	0.000000	0.000000	0.000000
4480	3	1	143.218857	0.000000	143.218857	2.302585	115	0.194589	0.072720	0.000000	0.000000	0.000000	0.000000	0.000000	0.000000
4550	2	1	217.791977	0.000000	217.791977	2.302585	115	0.063474	0.017928	0.000000	0.000000	0.000000	0.000000	0.000000	0.000000
4790	1	1	193.638184	0.000000	193.638184	2.302585	115	0.127591	0.022661	0.000000	0.000000	0.000000	0.000000	0.000000	0.000000
4490	4	1	105.402939	0.000000	105.402939	2.302585	115	0.460472	0.085384	0.000000	0.000000	0.000000	0.000000	0.000000	0.000000
4800	5	1	196.228516	0.000000	196.228516	2.302585	115	0.095663	0.021838	0.000000	0.000000	0.000000	0.000000	0.000000	0.000000
4490	3	1	141.528015	0.000000	141.528015	2.302585	115	0.189742	0.042881	0.000000	0.000000	0.000000	0.000000	0.000000	0.000000
4560	2	1	216.313187	0.000000	216.313187	2.302585	115	0.065947	0.019132	0.000000	0.000000	0.000000	0.000000	0.000000	0.000000
4800	1	1	196.831085	0.000000	196.831085	2.302585	115	0.117960	0.023934	0.000000	0.000000	0.000000	0.000000	0.000000	0.000000
4810	5	1	197.316238	0.000000	197.316238	2.302585	115	0.097193	0.026089	0.000000	0.000000	0.000000	0.000000	0.000000	0.000000
4500	4	1	107.197136	0.000000	107.197136	2.302585	115	0.457166	0.092437	0.000000	0.000000	0.000000	0.000000	0.000000	0.000000
4500	3	1	141.855515	0.000000	141.855515	2.302585	115	0.209407	0.055580	0.000000	0.000000	0.000000	0.000000	0.000000	0.000000
4570	2	1	219.257812	0.000000	219.257812	2.302585	115	0.056450	0.015193	0.000000	0.000000	0.000000	0.000000	0.000000	0.000000
4810	1	1	198.522491	0.000000	198.522491	2.302585	115	0.097448	0.029060	0.000000	0.000000	0.000000	0.000000	0.000000	0.000000
4820	5	1	201.024902	0.000000	201.024902	2.302585	115	0.091151	0.016825	0.000000	0.000000	0.000000	0.000000	0.000000	0.000000
4510	4	1	109.906754	0.000000	109.906754	2.302585	115	0.441101	0.084310	0.000000	0.000000	0.000000	0.000000	0.000000	0.000000
4510	3	1	137.267029	0.000000	137.267029	2.302585	115	0.224402	0.060904	0.000000	0.000000	0.000000	0.000000	0.000000	0.000000
4580	2	1	221.758652	0.000000	221.758652	2.302585	115	0.055804	0.013664	0.000000	0.000000	0.000000	0.000000	0.000000	0.000000
4820	1	1	202.188614	0.000000	202.188614	2.302585	115	0.096680	0.016954	0.000000	0.000000	0.000000	0.000000	0.000000	0.000000
4830	5	1	202.929291	0.000000	202.929291	2.302585	115	0.089232	0.024830	0.000000	0.000000	0.000000	0.000000	0.000000	0.000000
4520	4	1	113.611923	0.000000	113.611923	2.302585	115	0.440246	0.086020	0.000000	0.000000	0.000000	0.000000	0.000000	0.000000
4520	3	1	134.493683	0.000000	134.493683	2.302585	115	0.269976	0.070522	0.000000	0.000000	0.000000	0.000000	0.000000	0.000000
4830	1	1	204.249374	0.000000	204.249374	2.302585	115	0.097682	0.023113	0.000000	0.000000	0.000000	0.000000	0.000000	0.000000
4590	2	1	222.040527	0.000000	222.040527	2.302585	115	0.055789	0.015493	0.000000	0.000000	0.000000	0.000000	0.000000	0.000000
4840	5	1	202.929291	0.000000	202.929291	2.302585	115	0.084802	0.024830	0.000000	0.000000	0.000000	0.000000	0.000000	0.000000
4530	3	1	131.597763	0.000000	131.597763	2.302585	115	0.267422	0.067759	0.000000	0.000000	0.000000	0.000000	0.000000	0.000000
4530	4	1	119.028976	0.000000	119.028976	2.302585	115	0.403364	0.088933	0.000000	0.000000	0.000000	0.000000	0.000000	0.000000
4600	2	1	220.845688	0.000000	220.845688	2.302585	115	0.058542	0.015383	0.000000	0.000000	0.000000	0.000000	0.000000	0.000000
4840	1	1	199.972519	0.000000	199.972519	2.302585	115	0.099724	0.019771	0.000000	0.000000	0.000000	0.000000	0.000000	0.000000
4850	5	1	212.480972	0.000000	212.480972	2.302585	115	0.077744	0.016888	0.000000	0.000000	0.000000	0.000000	0.000000	0.000000
4540	4	1	113.275894	0.000000	113.275894	2.302585	115	0.412501	0.087301	0.000000	0.000000	0.000000	0.000000	0.000000	0.000000
4850	1	1	195.562698	0.000000	195.562698	2.302585	115	0.108089	0.026039	0.000000	0.000000	0.000000	0.000000	0.000000	0.000000
4540	3	1	129.654785	0.000000	129.654785	2.302585	115	0.269558	0.075106	0.000000	0.000000	0.000000	0.000000	0.000000	0.000000
4610	2	1	218.529114	0.000000	218.529114	2.302585	115	0.058493	0.018884	0.000000	0.000000	0.000000	0.000000	0.000000	0.000000
4860	5	1	208.900330	0.000000	208.900330	2.302585	115	0.080027	0.023084	0.000000	0.000000	0.000000	0.000000	0.000000	0.000000
4860	1	1	197.651733	0.000000	197.651733	2.302585	115	0.107759	0.025422	0.000000	0.000000	0.000000	0.000000	0.000000	0.000000
4550	3	1	130.025818	0.000000	130.025818	2.302585	115	0.264847	0.064262	0.000000	0.000000	0.000000	0.000000	0.000000	0.000000
4620	2	1	216.908875	0.000000	216.908875	2.302585	115	0.058963	0.018027	0.000000	0.000000	0.000000	0.000000	0.000000	0.000000
4550	4	1	111.407562	0.000000	111.407562	2.302585	115	0.424479	0.098251	0.000000	0.000000	0.000000	0.000000	0.000000	0.000000
4870	5	1	208.560440	0.000000	208.560440	2.302585	115	0.080563	0.020053	0.000000	0.000000	0.000000	0.000000	0.000000	0.000000
4560	4	1	108.287033	0.000000	108.287033	2.302585	115	0.423990	0.079372	0.000000	0.000000	0.000000	0.000000	0.000000	0.000000
4560	3	1	125.844803	0.000000	125.844803	2.302585	115	0.396080	0.084593	0.000000	0.000000	0.000000	0.000000	0.000000	0.000000
4870	1	1	200.242416	0.000000	200.242416	2.302585	115	0.108625	0.024546	0.000000	0.000000	0.000000	0.000000	0.000000	0.000000
4880	5	1	206.392776	0.000000	206.392776	2.302585	115	0.080940	0.023430	0.000000	0.000000	0.000000	0.000000	0.000000	0.000000
4630	2	1	224.836136	0.000000	224.836136	2.302585	115	0.055616	0.014246	0.000000	0.000000	0.000000	0.000000	0.000000	0.000000
4570	3	1	133.846207	0.000000	133.846207	2.302585	115	0.360878	0.067299	0.000000	0.000000	0.000000	0.000000	0.000000	0.000000
4570	4	1	106.597145	0.000000	106.597145	2.302585	115	0.425364	0.095046	0.000000	0.000000	0.000000	0.000000	0.000000	0.000000
4880	1	1	198.114883	0.000000	198.114883	2.302585	115	0.107325	0.025907	0.000000	0.000000	0.000000	0.000000	0.000000	0.000000
4640	2	1	224.701202	0.000000	224.701202	2.302585	115	0.056154	0.015515	0.000000	0.000000	0.000000	0.000000	0.000000	0.000000
4890	5	1	208.419418	0.000000	208.419418	2.302585	115	0.079661	0.019817	0.000000	0.000000	0.000000	0.000000	0.000000	0.000000
4890	1	1	200.178421	0.000000	200.178421	2.302585	115	0.106508	0.023183	0.000000	0.000000	0.000000	0.000000	0.000000	0.000000
4900	5	1	209.988937	0.000000	209.988937	2.302585	115	0.077689	0.019512	0.000000	0.000000	0.000000	0.000000	0.000000	0.000000
4580	3	1	134.705002	0.000000	134.705002	2.302585	115	0.359600	0.074806	0.000000	0.000000	0.000000	0.000000	0.000000	0.000000
4580	4	1	105.891418	0.000000	105.891418	2.302585	115	0.427110	0.097313	0.000000	0.000000	0.000000	0.000000	0.000000	0.000000
4650	2	1	215.413406	0.000000	215.413406	2.302585	115	0.079584	0.015480	0.000000	0.000000	0.000000	0.000000	0.000000	0.000000
4590	4	1	108.807709	0.000000	108.807709	2.302585	115	0.421525	0.098034	0.000000	0.000000	0.000000	0.000000	0.000000	0.000000
4590	3	1	129.490097	0.000000	129.490097	2.302585	115	0.349426	0.061852	0.000000	0.000000	0.000000	0.000000	0.000000	0.000000
4910	5	1	209.824768	0.000000	209.824768	2.302585	115	0.081191	0.017492	0.000000	0.000000	0.000000	0.000000	0.000000	0.000000
4900	1	1	203.502747	0.000000	203.502747	2.302585	115	0.103831	0.025846	0.000000	0.000000	0.000000	0.000000	0.000000	0.000000
4660	2	1	216.540710	0.000000	216.540710	2.302585	115	0.072308	0.018944	0.000000	0.000000	0.000000	0.000000	0.000000	0.000000
4600	4	1	107.528931	0.000000	107.528931	2.302585	115	0.435071	0.090697	0.000000	0.000000	0.000000	0.000000	0.000000	0.000000
4910	1	1	206.681946	0.000000	206.681946	2.302585	115	0.103389	0.016667	0.000000	0.000000	0.000000	0.000000	0.000000	0.000000
4920	5	1	208.227051	0.000000	208.227051	2.302585	115	0.081740	0.018090	0.000000	0.000000	0.000000	0.000000	0.000000	0.000000
4670	2	1	223.513916	0.000000	223.513916	2.302585	115	0.072595	0.015583	0.000000	0.000000	0.000000	0.000000	0.000000	0.000000
4600	3	1	129.850845	0.000000	129.850845	2.302585	115	0.375025	0.072366	0.000000	0.000000	0.000000	0.000000	0.000000	0.000000
4930	5	1	207.336227	0.000000	207.336227	2.302585	115	0.083825	0.021254	0.000000	0.000000	0.000000	0.000000	0.000000	0.000000
4610	4	1	112.582428	0.000000	112.582428	2.302585	115	0.415787	0.084684	0.000000	0.000000	0.000000	0.000000	0.000000	0.000000
4920	1	1	203.980011	0.000000	203.980011	2.302585	115	0.107983	0.017928	0.000000	0.000000	0.000000	0.000000	0.000000	0.000000
4610	3	1	128.203125	0.000000	128.203125	2.302585	115	0.375270	0.088256	0.000000	0.000000	0.000000	0.000000	0.000000	0.000000
4680	2	1	223.421265	0.000000	223.421265	2.302585	115	0.071853	0.013751	0.000000	0.000000	0.000000	0.000000	0.000000	0.000000
4940	5	1	201.559921	0.000000	201.559921	2.302585	115	0.087972	0.021248	0.000000	0.000000	0.000000	0.000000	0.000000	0.000000
4620	4	1	110.863457	0.000000	110.863457	2.302585	115	0.427044	0.089889	0.000000	0.000000	0.000000	0.000000	0.000000	0.000000
4930	1	1	201.873306	0.000000	201.873306	2.302585	115	0.079345	0.023157	0.000000	0.000000	0.000000	0.000000	0.000000	0.000000
4620	3	1	128.243240	0.000000	128.243240	2.302585	115	0.370760	0.095590	0.000000	0.000000	0.000000	0.000000	0.000000	0.000000
4690	2	1	224.282639	0.000000	224.282639	2.302585	115	0.071635	0.015528	0.000000	0.000000	0.000000	0.000000	0.000000	0.000000
4940	1	1	204.160660	0.000000	204.160660	2.302585	115	0.077522	0.021002	0.000000	0.000000	0.000000	0.000000	0.000000	0.000000
4630	4	1	108.022148	0.000000	108.022148	2.302585	115	0.431700	0.087097	0.000000	0.000000	0.000000	0.000000	0.000000	0.000000
4950	5	1	200.027191	0.000000	200.027191	2.302585	115	0.084935	0.025838	0.000000	0.000000	0.000000	0.000000	0.000000	0.000000
4630	3	1	132.547089	0.000000	132.547089	2.302585	115	0.365389	0.067567	0.000000	0.000000	0.000000	0.000000	0.000000	0.000000
4700	2	1	224.510559	0.000000	224.510559	2.302585	115	0.070564	0.015528	0.000000	0.000000	0.000000	0.000000	0.000000	0.000000
4950	1	1	204.263702	0.000000	204.263702	2.302585	115	0.077286	0.017368	0.000000	0.000000	0.000000	0.000000	0.000000	0.000000
4640	4	1	109.805656	0.000000	109.805656	2.302585	115	0.430064	0.088587	0.000000	0.000000	0.000000	0.000000	0.000000	0.000000
4640	3	1	131.716522	0.000000	131.716522	2.302585	115	0.366326	0.080103	0.000000	0.000000	0.000000	0.000000	0.000000	0.000000
4960	5	1	198.619232	0.000000	198.619232	2.302585	115	0.086994	0.017714	0.000000	0.000000	0.000000	0.000000	0.000000	0.000000
4710	2	1	217.010132	0.000000	217.010132	2.302585	115	0.071603	0.023097	0.000000	0.000000	0.000000	0.000000	0.000000	0.000000
4960	1	1	206.459198	0.000000	206.459198	2.302585	115	0.071871	0.015274	0.000000	0.000000	0.000000	0.000000	0.000000	0.000000
4650	4	1	108.648125	0.000000	108.648125	2.302585	115	0.436946	0.096991	0.000000	0.000000	0.000000	0.000000	0.000000	0.000000
4720	2	1	218.770157	0.000000	218.770157	2.302585	115	0.074662	0.019403	0.000000	0.000000	0.000000	0.000000	0.000000	0.000000
4650	3	1	128.194962	0.000000	128.194962	2.302585	115	0.384221	0.076432	0.000000	0.000000	0.000000	0.000000	0.000000	0.000000
4970	5	1	199.205460	0.000000	199.205460	2.302585	115	0.087040	0.018853	0.000000	0.000000	0.000000	0.000000	0.000000	0.000000
4970	1	1	206.528793	0.000000	206.528793	2.302585	115	0.073312	0.016372	0.000000	0.000000	0.000000	0.000000	0.000000	0.000000
4660	3	1	126.875053	0.000000	126.875053	2.302585	115	0.393107	0.073615	0.000000	0.000000	0.000000	0.000000	0.000000	0.000000
4730	2	1	215.520798	0.000000	215.520798	2.302585	115	0.075024	0.017983	0.000000	0.000000	0.000000	0.000000	0.000000	0.000000
4660	4	1	108.324768	0.000000	108.324768	2.302585	115	0.435158	0.099398	0.000000	0.000000	0.000000	0.000000	0.000000	0.000000
4980	5	1	198.491165	0.000000	198.491165	2.302585	115	0.087577	0.018240	0.000000	0.000000	0.000000	0.000000	0.000000	0.000000
4980	1	1	204.662537	0.000000	204.662537	2.302585	115	0.074070	0.018082	0.000000	0.000000	0.000000	0.000000	0.000000	0.000000
4740	2	1	214.762833	0.000000	214.762833	2.302585	115	0.075289	0.015212	0.000000	0.000000	0.000000	0.000000	0.000000	0.000000
4670	3	1	118.966942	0.000000	118.966942	2.302585	115	0.437673	0.063600	0.000000	0.000000	0.000000	0.000000	0.000000	0.000000
4990	5	1	198.391708	0.000000	198.391708	2.302585	115	0.086297	0.017440	0.000000	0.000000	0.000000	0.000000	0.000000	0.000000
4670	4	1	113.785515	0.000000	113.785515	2.302585	115	0.439444	0.092749	0.000000	0.000000	0.000000	0.000000	0.000000	0.000000
4990	1	1	206.840942	0.000000	206.840942	2.302585	115	0.073049	0.018835	0.000000	0.000000	0.000000	0.000000	0.000000	0.000000
4680	3	1	122.017853	0.000000	122.017853	2.302585	115	0.417290	0.077565	0.000000	0.000000	0.000000	0.000000	0.000000	0.000000
4750	2	1	210.132706	0.000000	210.132706	2.302585	115	0.077447	0.020742	0.000000	0.000000	0.000000	0.000000	0.000000	0.000000
4680	4	1	108.972519	0.000000	108.972519	2.302585	115	0.511984	0.099486	0.000000	0.000000	0.000000	0.000000	0.000000	0.000000
4760	2	1	204.468353	0.000000	204.468353	2.302585	115	0.078981	0.016453	0.000000	0.000000	0.000000	0.000000	0.000000	0.000000
4690	3	1	127.640007	0.000000	127.640007	2.302585	115	0.302147	0.085834	0.000000	0.000000	0.000000	0.000000	0.000000	0.000000
4690	4	1	113.032852	0.000000	113.032852	2.302585	115	0.490933	0.090913	0.000000	0.000000	0.000000	0.000000	0.000000	0.000000
4770	2	1	204.186462	0.000000	204.186462	2.302585	115	0.078591	0.019364	0.000000	0.000000	0.000000	0.000000	0.000000	0.000000
4700	3	1	125.528999	0.000000	125.528999	2.302585	115	0.302705	0.097691	0.000000	0.000000	0.000000	0.000000	0.000000	0.000000
4700	4	1	114.497993	0.000000	114.497993	2.302585	115	0.488046	0.097777	0.000000	0.000000	0.000000	0.000000	0.000000	0.000000
4780	2	1	204.575516	0.000000	204.575516	2.302585	115	0.079480	0.020280	0.000000	0.000000	0.000000	0.000000	0.000000	0.000000
4710	3	1	129.250259	0.000000	129.250259	2.302585	115	0.298071	0.076300	0.000000	0.000000	0.000000	0.000000	0.000000	0.000000
4710	4	1	114.233406	0.000000	114.233406	2.302585	115	0.486736	0.090365	0.000000	0.000000	0.000000	0.000000	0.000000	0.000000
4720	3	1	123.418320	0.000000	123.418320	2.302585	115	0.323492	0.083422	0.000000	0.000000	0.000000	0.000000	0.000000	0.000000
4790	2	1	203.709946	0.000000	203.709946	2.302585	115	0.080126	0.023325	0.000000	0.000000	0.000000	0.000000	0.000000	0.000000
4720	4	1	120.926140	0.000000	120.926140	2.302585	115	0.304011	0.092718	0.000000	0.000000	0.000000	0.000000	0.000000	0.000000
4800	2	1	201.612762	0.000000	201.612762	2.302585	115	0.115535	0.026762	0.000000	0.000000	0.000000	0.000000	0.000000	0.000000
4730	3	1	124.470505	0.000000	124.470505	2.302585	115	0.326540	0.085750	0.000000	0.000000	0.000000	0.000000	0.000000	0.000000
4730	4	1	122.187637	0.000000	122.187637	2.302585	115	0.300043	0.089756	0.000000	0.000000	0.000000	0.000000	0.000000	0.000000
4810	2	1	192.196228	0.000000	192.196228	2.302585	115	0.123921	0.024061	0.000000	0.000000	0.000000	0.000000	0.000000	0.000000
4740	3	1	123.182671	0.000000	123.182671	2.302585	115	0.329122	0.093604	0.000000	0.000000	0.000000	0.000000	0.000000	0.000000
4740	4	1	116.038139	0.000000	116.038139	2.302585	115	0.304916	0.098157	0.000000	0.000000	0.000000	0.000000	0.000000	0.000000
4820	2	1	188.237610	0.000000	188.237610	2.302585	115	0.124612	0.019312	0.000000	0.000000	0.000000	0.000000	0.000000	0.000000
4750	3	1	122.376541	0.000000	122.376541	2.302585	115	0.337523	0.093945	0.000000	0.000000	0.000000	0.000000	0.000000	0.000000
4750	4	1	117.723412	0.000000	117.723412	2.302585	115	0.408101	0.099734	0.000000	0.000000	0.000000	0.000000	0.000000	0.000000
4830	2	1	191.893036	0.000000	191.893036	2.302585	115	0.124118	0.027066	0.000000	0.000000	0.000000	0.000000	0.000000	0.000000
4760	3	1	121.786377	0.000000	121.786377	2.302585	115	0.340167	0.081530	0.000000	0.000000	0.000000	0.000000	0.000000	0.000000
4760	4	1	113.565598	0.000000	113.565598	2.302585	115	0.406215	0.078524	0.000000	0.000000	0.000000	0.000000	0.000000	0.000000
4840	2	1	192.669678	0.000000	192.669678	2.302585	115	0.113472	0.023494	0.000000	0.000000	0.000000	0.000000	0.000000	0.000000
4770	3	1	120.456070	0.000000	120.456070	2.302585	115	0.341639	0.096563	0.000000	0.000000	0.000000	0.000000	0.000000	0.000000
4770	4	1	112.011482	0.000000	112.011482	2.302585	115	0.412684	0.092925	0.000000	0.000000	0.000000	0.000000	0.000000	0.000000
4780	3	1	119.767365	0.000000	119.767365	2.302585	115	0.351917	0.086472	0.000000	0.000000	0.000000	0.000000	0.000000	0.000000
4850	2	1	194.804581	0.000000	194.804581	2.302585	115	0.114437	0.024216	0.000000	0.000000	0.000000	0.000000	0.000000	0.000000
4780	4	1	111.139656	0.000000	111.139656	2.302585	115	0.411573	0.081745	0.000000	0.000000	0.000000	0.000000	0.000000	0.000000
4790	3	1	120.389381	0.000000	120.389381	2.302585	115	0.351174	0.086963	0.000000	0.000000	0.000000	0.000000	0.000000	0.000000
4860	2	1	199.900009	0.000000	199.900009	2.302585	115	0.103898	0.023236	0.000000	0.000000	0.000000	0.000000	0.000000	0.000000
4790	4	1	111.146683	0.000000	111.146683	2.302585	115	0.415686	0.091827	0.000000	0.000000	0.000000	0.000000	0.000000	0.000000
4870	2	1	198.170456	0.000000	198.170456	2.302585	115	0.103686	0.027355	0.000000	0.000000	0.000000	0.000000	0.000000	0.000000
4800	3	1	120.861298	0.000000	120.861298	2.302585	115	0.329329	0.079740	0.000000	0.000000	0.000000	0.000000	0.000000	0.000000
4800	4	1	114.190338	0.000000	114.190338	2.302585	115	0.434823	0.086562	0.000000	0.000000	0.000000	0.000000	0.000000	0.000000
4810	3	1	125.054054	0.000000	125.054054	2.302585	115	0.320144	0.093744	0.000000	0.000000	0.000000	0.000000	0.000000	0.000000
4880	2	1	193.663193	0.000000	193.663193	2.302585	115	0.110067	0.026387	0.000000	0.000000	0.000000	0.000000	0.000000	0.000000
4820	3	1	124.866623	0.000000	124.866623	2.302585	115	0.320353	0.078134	0.000000	0.000000	0.000000	0.000000	0.000000	0.000000
4810	4	1	117.843491	0.000000	117.843491	2.302585	115	0.427091	0.087991	0.000000	0.000000	0.000000	0.000000	0.000000	0.000000
4890	2	1	187.314911	0.000000	187.314911	2.302585	115	0.115747	0.025317	0.000000	0.000000	0.000000	0.000000	0.000000	0.000000
4820	4	1	118.265022	0.000000	118.265022	2.302585	115	0.424333	0.070940	0.000000	0.000000	0.000000	0.000000	0.000000	0.000000
4830	3	1	126.760384	0.000000	126.760384	2.302585	115	0.331728	0.080601	0.000000	0.000000	0.000000	0.000000	0.000000	0.000000
4900	2	1	191.124100	0.000000	191.124100	2.302585	115	0.101002	0.024791	0.000000	0.000000	0.000000	0.000000	0.000000	0.000000
4830	4	1	119.920799	0.000000	119.920799	2.302585	115	0.420164	0.096654	0.000000	0.000000	0.000000	0.000000	0.000000	0.000000
4840	3	1	133.692352	0.000000	133.692352	2.302585	115	0.288737	0.069978	0.000000	0.000000	0.000000	0.000000	0.000000	0.000000
4910	2	1	192.636673	0.000000	192.636673	2.302585	115	0.099411	0.032187	0.000000	0.000000	0.000000	0.000000	0.000000	0.000000
4840	4	1	121.999832	0.000000	121.999832	2.302585	115	0.432282	0.086719	0.000000	0.000000	0.000000	0.000000	0.000000	0.000000
4850	3	1	135.576019	0.000000	135.576019	2.302585	115	0.285693	0.068791	0.000000	0.000000	0.000000	0.000000	0.000000	0.000000
4920	2	1	198.156006	0.000000	198.156006	2.302585	115	0.097741	0.024993	0.000000	0.000000	0.000000	0.000000	0.000000	0.000000
4850	4	1	119.566231	0.000000	119.566231	2.302585	115	0.415868	0.099268	0.000000	0.000000	0.000000	0.000000	0.000000	0.000000
4860	3	1	133.105713	0.000000	133.105713	2.302585	115	0.291650	0.076484	0.000000	0.000000	0.000000	0.000000	0.000000	0.000000
4930	2	1	196.706482	0.000000	196.706482	2.302585	115	0.100615	0.023879	0.000000	0.000000	0.000000	0.000000	0.000000	0.000000
4860	4	1	115.650047	0.000000	115.650047	2.302585	115	0.454412	0.079171	0.000000	0.000000	0.000000	0.000000	0.000000	0.000000
4870	3	1	128.211670	0.000000	128.211670	2.302585	115	0.300628	0.085981	0.000000	0.000000	0.000000	0.000000	0.000000	0.000000
4940	2	1	196.087143	0.000000	196.087143	2.302585	115	0.100382	0.025303	0.000000	0.000000	0.000000	0.000000	0.000000	0.000000
4870	4	1	114.655708	0.000000	114.655708	2.302585	115	0.457847	0.095707	0.000000	0.000000	0.000000	0.000000	0.000000	0.000000
4880	3	1	132.334595	0.000000	132.334595	2.302585	115	0.283699	0.067559	0.000000	0.000000	0.000000	0.000000	0.000000	0.000000
4950	2	1	195.387222	0.000000	195.387222	2.302585	115	0.100730	0.024065	0.000000	0.000000	0.000000	0.000000	0.000000	0.000000
4880	4	1	116.202156	0.000000	116.202156	2.302585	115	0.458228	0.087689	0.000000	0.000000	0.000000	0.000000	0.000000	0.000000
4890	3	1	134.589050	0.000000	134.589050	2.302585	115	0.279804	0.070072	0.000000	0.000000	0.000000	0.000000	0.000000	0.000000
4890	4	1	114.122643	0.000000	114.122643	2.302585	115	0.489193	0.099469	0.000000	0.000000	0.000000	0.000000	0.000000	0.000000
4960	2	1	193.912033	0.000000	193.912033	2.302585	115	0.101041	0.024674	0.000000	0.000000	0.000000	0.000000	0.000000	0.000000
4900	3	1	130.741470	0.000000	130.741470	2.302585	115	0.291161	0.071747	0.000000	0.000000	0.000000	0.000000	0.000000	0.000000
4900	4	1	111.765137	0.000000	111.765137	2.302585	115	0.488624	0.091836	0.000000	0.000000	0.000000	0.000000	0.000000	0.000000
4970	2	1	192.994034	0.000000	192.994034	2.302585	115	0.101212	0.024685	0.000000	0.000000	0.000000	0.000000	0.000000	0.000000
4910	3	1	127.537537	0.000000	127.537537	2.302585	115	0.304698	0.076404	0.000000	0.000000	0.000000	0.000000	0.000000	0.000000
4910	4	1	112.205208	0.000000	112.205208	2.302585	115	0.481425	0.093260	0.000000	0.000000	0.000000	0.000000	0.000000	0.000000
4980	2	1	194.314697	0.000000	194.314697	2.302585	115	0.100456	0.026542	0.000000	0.000000	0.000000	0.000000	0.000000	0.000000
4920	3	1	128.278946	0.000000	128.278946	2.302585	115	0.301462	0.083147	0.000000	0.000000	0.000000	0.000000	0.000000	0.000000
4920	4	1	116.104225	0.000000	116.104225	2.302585	115	0.474731	0.095557	0.000000	0.000000	0.000000	0.000000	0.000000	0.000000
4990	2	1	188.239426	0.000000	188.239426	2.302585	115	0.109904	0.027362	0.000000	0.000000	0.000000	0.000000	0.000000	0.000000
4930	3	1	128.011276	0.000000	128.011276	2.302585	115	0.364606	0.062786	0.000000	0.000000	0.000000	0.000000	0.000000	0.000000
4930	4	1	119.999840	0.000000	119.999840	2.302585	115	0.444185	0.081803	0.000000	0.000000	0.000000	0.000000	0.000000	0.000000
4940	3	1	130.327194	0.000000	130.327194	2.302585	115	0.361863	0.068400	0.000000	0.000000	0.000000	0.000000	0.000000	0.000000
4940	4	1	120.323273	0.000000	120.323273	2.302585	115	0.296749	0.091903	0.000000	0.000000	0.000000	0.000000	0.000000	0.000000
4950	3	1	132.067459	0.000000	132.067459	2.302585	115	0.336022	0.084097	0.000000	0.000000	0.000000	0.000000	0.000000	0.000000
4950	4	1	121.634071	0.000000	121.634071	2.302585	115	0.296016	0.086399	0.000000	0.000000	0.000000	0.000000	0.000000	0.000000
4960	3	1	135.157898	0.000000	135.157898	2.302585	115	0.373943	0.077557	0.000000	0.000000	0.000000	0.000000	0.000000	0.000000
4960	4	1	120.169655	0.000000	120.169655	2.302585	115	0.295656	0.084289	0.000000	0.000000	0.000000	0.000000	0.000000	0.000000
4970	3	1	130.905060	0.000000	130.905060	2.302585	115	0.382928	0.087580	0.000000	0.000000	0.000000	0.000000	0.000000	0.000000
4970	4	1	123.886688	0.000000	123.886688	2.302585	115	0.286314	0.075934	0.000000	0.000000	0.000000	0.000000	0.000000	0.000000
4980	3	1	132.080063	0.000000	132.080063	2.302585	115	0.378805	0.066473	0.000000	0.000000	0.000000	0.000000	0.000000	0.000000
4980	4	1	128.423996	0.000000	128.423996	2.302585	115	0.275835	0.064836	0.000000	0.000000	0.000000	0.000000	0.000000	0.000000
4990	3	1	131.366348	0.000000	131.366348	2.302585	115	0.387894	0.070961	0.000000	0.000000	0.000000	0.000000	0.000000	0.000000
4990	4	1	127.853142	0.000000	127.853142	2.302585	115	0.398953	0.086343	0.000000	0.000000	0.000000	0.000000	0.000000	0.000000
10	5	2	159.508041	0.000000	159.508041	2.302585	115	0.202315	0.048313	0.000000	0.000000	0.000000	0.000000	0.000000	0.000000
10	1	2	140.753983	0.000000	140.753983	2.302585	115	0.239146	0.052582	0.000000	0.000000	0.000000	0.000000	0.000000	0.000000
20	5	2	155.946762	0.000000	155.946762	2.302585	115	0.209433	0.045419	0.000000	0.000000	0.000000	0.000000	0.000000	0.000000
20	1	2	141.483322	0.000000	141.483322	2.302585	115	0.238910	0.055407	0.000000	0.000000	0.000000	0.000000	0.000000	0.000000
30	5	2	151.036377	0.000000	151.036377	2.302585	115	0.221890	0.062093	0.000000	0.000000	0.000000	0.000000	0.000000	0.000000
30	1	2	141.006714	0.000000	141.006714	2.302585	115	0.237384	0.067324	0.000000	0.000000	0.000000	0.000000	0.000000	0.000000
40	5	2	151.946228	0.000000	151.946228	2.302585	115	0.220754	0.050767	0.000000	0.000000	0.000000	0.000000	0.000000	0.000000
40	1	2	139.265060	0.000000	139.265060	2.302585	115	0.248985	0.062398	0.000000	0.000000	0.000000	0.000000	0.000000	0.000000
50	5	2	149.189590	0.000000	149.189590	2.302585	115	0.226000	0.060636	0.000000	0.000000	0.000000	0.000000	0.000000	0.000000
50	1	2	143.440765	0.000000	143.440765	2.302585	115	0.220222	0.075191	0.000000	0.000000	0.000000	0.000000	0.000000	0.000000
60	5	2	146.497955	0.000000	146.497955	2.302585	115	0.229490	0.065167	0.000000	0.000000	0.000000	0.000000	0.000000	0.000000
60	1	2	149.513596	0.000000	149.513596	2.302585	115	0.220595	0.053748	0.000000	0.000000	0.000000	0.000000	0.000000	0.000000
70	5	2	146.802032	0.000000	146.802032	2.302585	115	0.222829	0.070204	0.000000	0.000000	0.000000	0.000000	0.000000	0.000000
70	1	2	151.795425	0.000000	151.795425	2.302585	115	0.220871	0.052706	0.000000	0.000000	0.000000	0.000000	0.000000	0.000000
80	5	2	149.201324	0.000000	149.201324	2.302585	115	0.226020	0.053001	0.000000	0.000000	0.000000	0.000000	0.000000	0.000000
80	1	2	152.747299	0.000000	152.747299	2.302585	115	0.233553	0.052914	0.000000	0.000000	0.000000	0.000000	0.000000	0.000000
90	5	2	149.573990	0.000000	149.573990	2.302585	115	0.234417	0.055633	0.000000	0.000000	0.000000	0.000000	0.000000	0.000000
90	1	2	152.257248	0.000000	152.257248	2.302585	115	0.233542	0.048312	0.000000	0.000000	0.000000	0.000000	0.000000	0.000000
100	1	2	151.401093	0.000000	151.401093	2.302585	115	0.226239	0.044170	0.000000	0.000000	0.000000	0.000000	0.000000	0.000000
100	5	2	149.896011	0.000000	149.896011	2.302585	115	0.236161	0.060040	0.000000	0.000000	0.000000	0.000000	0.000000	0.000000
110	1	2	151.595398	0.000000	151.595398	2.302585	115	0.222742	0.062785	0.000000	0.000000	0.000000	0.000000	0.000000	0.000000
110	5	2	147.690369	0.000000	147.690369	2.302585	115	0.237245	0.056241	0.000000	0.000000	0.000000	0.000000	0.000000	0.000000
120	1	2	152.995239	0.000000	152.995239	2.302585	115	0.217648	0.052153	0.000000	0.000000	0.000000	0.000000	0.000000	0.000000
120	5	2	151.098740	0.000000	151.098740	2.302585	115	0.228379	0.056864	0.000000	0.000000	0.000000	0.000000	0.000000	0.000000
130	1	2	154.666809	0.000000	154.666809	2.302585	115	0.216572	0.047684	0.000000	0.000000	0.000000	0.000000	0.000000	0.000000
130	5	2	154.036102	0.000000	154.036102	2.302585	115	0.224375	0.055653	0.000000	0.000000	0.000000	0.000000	0.000000	0.000000
140	1	2	157.731415	0.000000	157.731415	2.302585	115	0.213234	0.050162	0.000000	0.000000	0.000000	0.000000	0.000000	0.000000
140	5	2	152.900574	0.000000	152.900574	2.302585	115	0.217270	0.051985	0.000000	0.000000	0.000000	0.000000	0.000000	0.000000
150	1	2	158.725845	0.000000	158.725845	2.302585	115	0.207950	0.039970	0.000000	0.000000	0.000000	0.000000	0.000000	0.000000
150	5	2	151.057236	0.000000	151.057236	2.302585	115	0.224993	0.067236	0.000000	0.000000	0.000000	0.000000	0.000000	0.000000
160	1	2	165.720566	0.000000	165.720566	2.302585	115	0.198441	0.038606	0.000000	0.000000	0.000000	0.000000	0.000000	0.000000
160	5	2	153.860336	0.000000	153.860336	2.302585	115	0.224439	0.052021	0.000000	0.000000	0.000000	0.000000	0.000000	0.000000
170	1	2	164.616531	0.000000	164.616531	2.302585	115	0.194240	0.041133	0.000000	0.000000	0.000000	0.000000	0.000000	0.000000
170	5	2	153.084900	0.000000	153.084900	2.302585	115	0.227018	0.047512	0.000000	0.000000	0.000000	0.000000	0.000000	0.000000
180	1	2	161.874725	0.000000	161.874725	2.302585	115	0.197051	0.046531	0.000000	0.000000	0.000000	0.000000	0.000000	0.000000
180	5	2	151.884720	0.000000	151.884720	2.302585	115	0.220720	0.043972	0.000000	0.000000	0.000000	0.000000	0.000000	0.000000
190	1	2	158.259964	0.000000	158.259964	2.302585	115	0.226661	0.048165	0.000000	0.000000	0.000000	0.000000	0.000000	0.000000
190	5	2	154.594635	0.000000	154.594635	2.302585	115	0.214126	0.047614	0.000000	0.000000	0.000000	0.000000	0.000000	0.000000
200	1	2	158.513733	0.000000	158.513733	2.302585	115	0.215021	0.046131	0.000000	0.000000	0.000000	0.000000	0.000000	0.000000
200	5	2	149.737717	0.000000	149.737717	2.302585	115	0.212619	0.034450	0.000000	0.000000	0.000000	0.000000	0.000000	0.000000
210	1	2	160.639603	0.000000	160.639603	2.302585	115	0.214512	0.051585	0.000000	0.000000	0.000000	0.000000	0.000000	0.000000
210	5	2	144.303024	0.000000	144.303024	2.302585	115	0.238504	0.070185	0.000000	0.000000	0.000000	0.000000	0.000000	0.000000
220	1	2	159.120972	0.000000	159.120972	2.302585	115	0.215270	0.038698	0.000000	0.000000	0.000000	0.000000	0.000000	0.000000
220	5	2	148.134338	0.000000	148.134338	2.302585	115	0.235667	0.054751	0.000000	0.000000	0.000000	0.000000	0.000000	0.000000
230	1	2	160.490097	0.000000	160.490097	2.302585	115	0.217147	0.050319	0.000000	0.000000	0.000000	0.000000	0.000000	0.000000
230	5	2	150.916290	0.000000	150.916290	2.302585	115	0.229748	0.059189	0.000000	0.000000	0.000000	0.000000	0.000000	0.000000
240	5	2	151.832596	0.000000	151.832596	2.302585	115	0.228993	0.056743	0.000000	0.000000	0.000000	0.000000	0.000000	0.000000
240	1	2	159.393280	0.000000	159.393280	2.302585	115	0.214219	0.046279	0.000000	0.000000	0.000000	0.000000	0.000000	0.000000
250	5	2	152.144165	0.000000	152.144165	2.302585	115	0.228993	0.051482	0.000000	0.000000	0.000000	0.000000	0.000000	0.000000
250	1	2	162.470901	0.000000	162.470901	2.302585	115	0.216978	0.049206	0.000000	0.000000	0.000000	0.000000	0.000000	0.000000
260	5	2	149.621429	0.000000	149.621429	2.302585	115	0.233152	0.046042	0.000000	0.000000	0.000000	0.000000	0.000000	0.000000
260	1	2	162.470901	0.000000	162.470901	2.302585	115	0.214295	0.049206	0.000000	0.000000	0.000000	0.000000	0.000000	0.000000
270	1	2	156.308167	0.000000	156.308167	2.302585	115	0.217031	0.060495	0.000000	0.000000	0.000000	0.000000	0.000000	0.000000
270	5	2	148.941635	0.000000	148.941635	2.302585	115	0.220326	0.066722	0.000000	0.000000	0.000000	0.000000	0.000000	0.000000
280	1	2	154.321167	0.000000	154.321167	2.302585	115	0.224555	0.054150	0.000000	0.000000	0.000000	0.000000	0.000000	0.000000
280	5	2	159.497086	0.000000	159.497086	2.302585	115	0.211533	0.045892	0.000000	0.000000	0.000000	0.000000	0.000000	0.000000
290	1	2	149.977127	0.000000	149.977127	2.302585	115	0.228570	0.066829	0.000000	0.000000	0.000000	0.000000	0.000000	0.000000
290	5	2	158.182236	0.000000	158.182236	2.302585	115	0.212134	0.049150	0.000000	0.000000	0.000000	0.000000	0.000000	0.000000
300	1	2	148.277893	0.000000	148.277893	2.302585	115	0.240123	0.054533	0.000000	0.000000	0.000000	0.000000	0.000000	0.000000
300	5	2	147.839706	0.000000	147.839706	2.302585	115	0.214861	0.085146	0.000000	0.000000	0.000000	0.000000	0.000000	0.000000
310	1	2	144.707062	0.000000	144.707062	2.302585	115	0.232652	0.063300	0.000000	0.000000	0.000000	0.000000	0.000000	0.000000
310	5	2	147.927979	0.000000	147.927979	2.302585	115	0.330815	0.046131	0.000000	0.000000	0.000000	0.000000	0.000000	0.000000
320	1	2	149.035461	0.000000	149.035461	2.302585	115	0.207389	0.051798	0.000000	0.000000	0.000000	0.000000	0.000000	0.000000
320	5	2	149.053741	0.000000	149.053741	2.302585	115	0.330860	0.053852	0.000000	0.000000	0.000000	0.000000	0.000000	0.000000
330	1	2	153.139481	0.000000	153.139481	2.302585	115	0.202402	0.044894	0.000000	0.000000	0.000000	0.000000	0.000000	0.000000
330	5	2	150.963638	0.000000	150.963638	2.302585	115	0.324076	0.052915	0.000000	0.000000	0.000000	0.000000	0.000000	0.000000
340	1	2	152.128128	0.000000	152.128128	2.302585	115	0.204174	0.050453	0.000000	0.000000	0.000000	0.000000	0.000000	0.000000
340	5	2	150.218689	0.000000	150.218689	2.302585	115	0.323179	0.058361	0.000000	0.000000	0.000000	0.000000	0.000000	0.000000
350	1	2	152.391220	0.000000	152.391220	2.302585	115	0.202035	0.047862	0.000000	0.000000	0.000000	0.000000	0.000000	0.000000
350	5	2	148.105408	0.000000	148.105408	2.302585	115	0.324692	0.043690	0.000000	0.000000	0.000000	0.000000	0.000000	0.000000
360	1	2	157.011856	0.000000	157.011856	2.302585	115	0.205162	0.045954	0.000000	0.000000	0.000000	0.000000	0.000000	0.000000
360	5	2	148.159882	0.000000	148.159882	2.302585	115	0.312008	0.054951	0.000000	0.000000	0.000000	0.000000	0.000000	0.000000
370	5	2	155.818069	0.000000	155.818069	2.302585	115	0.298173	0.039658	0.000000	0.000000	0.000000	0.000000	0.000000	0.000000
370	1	2	156.081299	0.000000	156.081299	2.302585	115	0.203847	0.032879	0.000000	0.000000	0.000000	0.000000	0.000000	0.000000
380	5	2	152.546875	0.000000	152.546875	2.302585	115	0.314031	0.044612	0.000000	0.000000	0.000000	0.000000	0.000000	0.000000
380	1	2	160.291092	0.000000	160.291092	2.302585	115	0.202107	0.053369	0.000000	0.000000	0.000000	0.000000	0.000000	0.000000
390	5	2	153.767441	0.000000	153.767441	2.302585	115	0.313556	0.053488	0.000000	0.000000	0.000000	0.000000	0.000000	0.000000
390	1	2	157.390427	0.000000	157.390427	2.302585	115	0.274030	0.046538	0.000000	0.000000	0.000000	0.000000	0.000000	0.000000
400	5	2	151.365479	0.000000	151.365479	2.302585	115	0.319705	0.049639	0.000000	0.000000	0.000000	0.000000	0.000000	0.000000
400	1	2	168.354797	0.000000	168.354797	2.302585	115	0.163192	0.045286	0.000000	0.000000	0.000000	0.000000	0.000000	0.000000
410	5	2	151.851196	0.000000	151.851196	2.302585	115	0.319052	0.055169	0.000000	0.000000	0.000000	0.000000	0.000000	0.000000
410	1	2	166.427811	0.000000	166.427811	2.302585	115	0.166496	0.038254	0.000000	0.000000	0.000000	0.000000	0.000000	0.000000
420	5	2	152.355194	0.000000	152.355194	2.302585	115	0.319020	0.046691	0.000000	0.000000	0.000000	0.000000	0.000000	0.000000
420	1	2	160.955872	0.000000	160.955872	2.302585	115	0.169845	0.036879	0.000000	0.000000	0.000000	0.000000	0.000000	0.000000
430	5	2	152.069687	0.000000	152.069687	2.302585	115	0.318936	0.060049	0.000000	0.000000	0.000000	0.000000	0.000000	0.000000
430	1	2	157.374969	0.000000	157.374969	2.302585	115	0.184830	0.044621	0.000000	0.000000	0.000000	0.000000	0.000000	0.000000
440	5	2	152.639893	0.000000	152.639893	2.302585	115	0.317830	0.062998	0.000000	0.000000	0.000000	0.000000	0.000000	0.000000
10	2	2	157.452911	0.000000	157.452911	2.302585	115	0.245738	0.040219	0.000000	0.000000	0.000000	0.000000	0.000000	0.000000
440	1	2	161.062653	0.000000	161.062653	2.302585	115	0.179837	0.044445	0.000000	0.000000	0.000000	0.000000	0.000000	0.000000
450	5	2	154.470245	0.000000	154.470245	2.302585	115	0.312534	0.050409	0.000000	0.000000	0.000000	0.000000	0.000000	0.000000
20	2	2	157.905563	0.000000	157.905563	2.302585	115	0.249684	0.038058	0.000000	0.000000	0.000000	0.000000	0.000000	0.000000
450	1	2	167.761642	0.000000	167.761642	2.302585	115	0.170099	0.028500	0.000000	0.000000	0.000000	0.000000	0.000000	0.000000
10	4	2	132.379776	0.000000	132.379776	2.302585	115	0.323256	0.074355	0.000000	0.000000	0.000000	0.000000	0.000000	0.000000
460	5	2	154.661316	0.000000	154.661316	2.302585	115	0.254039	0.040248	0.000000	0.000000	0.000000	0.000000	0.000000	0.000000
10	3	2	180.111023	0.000000	180.111023	2.302585	115	0.125602	0.037492	0.000000	0.000000	0.000000	0.000000	0.000000	0.000000
30	2	2	152.020020	0.000000	152.020020	2.302585	115	0.253409	0.063386	0.000000	0.000000	0.000000	0.000000	0.000000	0.000000
460	1	2	169.372482	0.000000	169.372482	2.302585	115	0.176555	0.038489	0.000000	0.000000	0.000000	0.000000	0.000000	0.000000
20	4	2	133.448090	0.000000	133.448090	2.302585	115	0.319536	0.060066	0.000000	0.000000	0.000000	0.000000	0.000000	0.000000
470	5	2	155.403992	0.000000	155.403992	2.302585	115	0.254036	0.052193	0.000000	0.000000	0.000000	0.000000	0.000000	0.000000
40	2	2	154.935135	0.000000	154.935135	2.302585	115	0.252139	0.047387	0.000000	0.000000	0.000000	0.000000	0.000000	0.000000
20	3	2	178.882156	0.000000	178.882156	2.302585	115	0.127390	0.032916	0.000000	0.000000	0.000000	0.000000	0.000000	0.000000
470	1	2	168.291351	0.000000	168.291351	2.302585	115	0.173082	0.037148	0.000000	0.000000	0.000000	0.000000	0.000000	0.000000
480	5	2	154.971451	0.000000	154.971451	2.302585	115	0.244167	0.058919	0.000000	0.000000	0.000000	0.000000	0.000000	0.000000
30	4	2	133.296997	0.000000	133.296997	2.302585	115	0.319848	0.077038	0.000000	0.000000	0.000000	0.000000	0.000000	0.000000
50	2	2	152.026062	0.000000	152.026062	2.302585	115	0.254930	0.054333	0.000000	0.000000	0.000000	0.000000	0.000000	0.000000
30	3	2	178.984833	0.000000	178.984833	2.302585	115	0.118328	0.026664	0.000000	0.000000	0.000000	0.000000	0.000000	0.000000
480	1	2	168.022919	0.000000	168.022919	2.302585	115	0.172834	0.034979	0.000000	0.000000	0.000000	0.000000	0.000000	0.000000
40	4	2	129.620102	0.000000	129.620102	2.302585	115	0.328029	0.073505	0.000000	0.000000	0.000000	0.000000	0.000000	0.000000
60	2	2	152.848465	0.000000	152.848465	2.302585	115	0.254851	0.048969	0.000000	0.000000	0.000000	0.000000	0.000000	0.000000
490	5	2	161.531494	0.000000	161.531494	2.302585	115	0.192364	0.053476	0.000000	0.000000	0.000000	0.000000	0.000000	0.000000
40	3	2	177.514648	0.000000	177.514648	2.302585	115	0.151685	0.034924	0.000000	0.000000	0.000000	0.000000	0.000000	0.000000
490	1	2	157.010162	0.000000	157.010162	2.302585	115	0.258464	0.048567	0.000000	0.000000	0.000000	0.000000	0.000000	0.000000
50	4	2	129.231552	0.000000	129.231552	2.302585	115	0.326399	0.071900	0.000000	0.000000	0.000000	0.000000	0.000000	0.000000
70	2	2	152.021423	0.000000	152.021423	2.302585	115	0.250403	0.038980	0.000000	0.000000	0.000000	0.000000	0.000000	0.000000
500	5	2	160.563370	0.000000	160.563370	2.302585	115	0.208951	0.051392	0.000000	0.000000	0.000000	0.000000	0.000000	0.000000
50	3	2	175.452972	0.000000	175.452972	2.302585	115	0.130591	0.033137	0.000000	0.000000	0.000000	0.000000	0.000000	0.000000
500	1	2	156.761368	0.000000	156.761368	2.302585	115	0.261763	0.052587	0.000000	0.000000	0.000000	0.000000	0.000000	0.000000
60	4	2	130.854233	0.000000	130.854233	2.302585	115	0.325392	0.079069	0.000000	0.000000	0.000000	0.000000	0.000000	0.000000
80	2	2	153.159424	0.000000	153.159424	2.302585	115	0.250860	0.059458	0.000000	0.000000	0.000000	0.000000	0.000000	0.000000
510	5	2	155.898071	0.000000	155.898071	2.302585	115	0.208932	0.046974	0.000000	0.000000	0.000000	0.000000	0.000000	0.000000
60	3	2	178.793686	0.000000	178.793686	2.302585	115	0.119571	0.036577	0.000000	0.000000	0.000000	0.000000	0.000000	0.000000
510	1	2	153.557236	0.000000	153.557236	2.302585	115	0.264807	0.047371	0.000000	0.000000	0.000000	0.000000	0.000000	0.000000
70	4	2	129.760269	0.000000	129.760269	2.302585	115	0.292816	0.091254	0.000000	0.000000	0.000000	0.000000	0.000000	0.000000
90	2	2	149.165955	0.000000	149.165955	2.302585	115	0.267508	0.069577	0.000000	0.000000	0.000000	0.000000	0.000000	0.000000
520	5	2	156.385849	0.000000	156.385849	2.302585	115	0.211802	0.053288	0.000000	0.000000	0.000000	0.000000	0.000000	0.000000
70	3	2	179.269608	0.000000	179.269608	2.302585	115	0.120231	0.026207	0.000000	0.000000	0.000000	0.000000	0.000000	0.000000
100	2	2	149.568542	0.000000	149.568542	2.302585	115	0.267416	0.059255	0.000000	0.000000	0.000000	0.000000	0.000000	0.000000
520	1	2	153.079651	0.000000	153.079651	2.302585	115	0.263886	0.057889	0.000000	0.000000	0.000000	0.000000	0.000000	0.000000
80	4	2	130.613663	0.000000	130.613663	2.302585	115	0.290930	0.059943	0.000000	0.000000	0.000000	0.000000	0.000000	0.000000
530	5	2	155.601196	0.000000	155.601196	2.302585	115	0.216377	0.055484	0.000000	0.000000	0.000000	0.000000	0.000000	0.000000
80	3	2	180.358261	0.000000	180.358261	2.302585	115	0.120188	0.026844	0.000000	0.000000	0.000000	0.000000	0.000000	0.000000
110	2	2	148.370300	0.000000	148.370300	2.302585	115	0.265996	0.062517	0.000000	0.000000	0.000000	0.000000	0.000000	0.000000
530	1	2	152.454071	0.000000	152.454071	2.302585	115	0.263705	0.053770	0.000000	0.000000	0.000000	0.000000	0.000000	0.000000
90	4	2	128.006424	0.000000	128.006424	2.302585	115	0.298703	0.067217	0.000000	0.000000	0.000000	0.000000	0.000000	0.000000
540	5	2	153.175079	0.000000	153.175079	2.302585	115	0.216082	0.044841	0.000000	0.000000	0.000000	0.000000	0.000000	0.000000
90	3	2	181.425415	0.000000	181.425415	2.302585	115	0.114880	0.025498	0.000000	0.000000	0.000000	0.000000	0.000000	0.000000
120	2	2	146.349701	0.000000	146.349701	2.302585	115	0.278768	0.052476	0.000000	0.000000	0.000000	0.000000	0.000000	0.000000
100	4	2	127.726707	0.000000	127.726707	2.302585	115	0.303514	0.075806	0.000000	0.000000	0.000000	0.000000	0.000000	0.000000
540	1	2	158.213638	0.000000	158.213638	2.302585	115	0.251094	0.045031	0.000000	0.000000	0.000000	0.000000	0.000000	0.000000
550	5	2	153.564575	0.000000	153.564575	2.302585	115	0.220071	0.053113	0.000000	0.000000	0.000000	0.000000	0.000000	0.000000
100	3	2	180.628647	0.000000	180.628647	2.302585	115	0.107258	0.035551	0.000000	0.000000	0.000000	0.000000	0.000000	0.000000
110	4	2	123.331932	0.000000	123.331932	2.302585	115	0.350615	0.090730	0.000000	0.000000	0.000000	0.000000	0.000000	0.000000
550	1	2	163.397568	0.000000	163.397568	2.302585	115	0.243493	0.044454	0.000000	0.000000	0.000000	0.000000	0.000000	0.000000
130	2	2	150.548386	0.000000	150.548386	2.302585	115	0.274672	0.052223	0.000000	0.000000	0.000000	0.000000	0.000000	0.000000
560	5	2	153.261856	0.000000	153.261856	2.302585	115	0.208945	0.057323	0.000000	0.000000	0.000000	0.000000	0.000000	0.000000
110	3	2	187.715958	0.000000	187.715958	2.302585	115	0.112114	0.029097	0.000000	0.000000	0.000000	0.000000	0.000000	0.000000
120	4	2	122.512688	0.000000	122.512688	2.302585	115	0.359672	0.098161	0.000000	0.000000	0.000000	0.000000	0.000000	0.000000
560	1	2	156.838013	0.000000	156.838013	2.302585	115	0.244825	0.028843	0.000000	0.000000	0.000000	0.000000	0.000000	0.000000
570	5	2	160.325882	0.000000	160.325882	2.302585	115	0.208797	0.044630	0.000000	0.000000	0.000000	0.000000	0.000000	0.000000
140	2	2	149.835907	0.000000	149.835907	2.302585	115	0.306033	0.069151	0.000000	0.000000	0.000000	0.000000	0.000000	0.000000
120	3	2	186.962692	0.000000	186.962692	2.302585	115	0.110611	0.032355	0.000000	0.000000	0.000000	0.000000	0.000000	0.000000
130	4	2	118.768623	0.000000	118.768623	2.302585	115	0.367491	0.096201	0.000000	0.000000	0.000000	0.000000	0.000000	0.000000
570	1	2	160.764496	0.000000	160.764496	2.302585	115	0.251647	0.050802	0.000000	0.000000	0.000000	0.000000	0.000000	0.000000
580	5	2	163.579834	0.000000	163.579834	2.302585	115	0.206483	0.042116	0.000000	0.000000	0.000000	0.000000	0.000000	0.000000
150	2	2	144.438629	0.000000	144.438629	2.302585	115	0.312613	0.054279	0.000000	0.000000	0.000000	0.000000	0.000000	0.000000
130	3	2	189.001083	0.000000	189.001083	2.302585	115	0.111267	0.023606	0.000000	0.000000	0.000000	0.000000	0.000000	0.000000
140	4	2	117.239998	0.000000	117.239998	2.302585	115	0.368560	0.083031	0.000000	0.000000	0.000000	0.000000	0.000000	0.000000
580	1	2	162.761948	0.000000	162.761948	2.302585	115	0.260204	0.056951	0.000000	0.000000	0.000000	0.000000	0.000000	0.000000
590	5	2	166.225601	0.000000	166.225601	2.302585	115	0.205861	0.041777	0.000000	0.000000	0.000000	0.000000	0.000000	0.000000
160	2	2	147.009750	0.000000	147.009750	2.302585	115	0.305270	0.056654	0.000000	0.000000	0.000000	0.000000	0.000000	0.000000
140	3	2	188.746613	0.000000	188.746613	2.302585	115	0.113178	0.027919	0.000000	0.000000	0.000000	0.000000	0.000000	0.000000
150	4	2	114.884071	0.000000	114.884071	2.302585	115	0.382180	0.093033	0.000000	0.000000	0.000000	0.000000	0.000000	0.000000
590	1	2	157.333893	0.000000	157.333893	2.302585	115	0.260383	0.055219	0.000000	0.000000	0.000000	0.000000	0.000000	0.000000
600	5	2	164.470901	0.000000	164.470901	2.302585	115	0.195096	0.038492	0.000000	0.000000	0.000000	0.000000	0.000000	0.000000
170	2	2	146.395309	0.000000	146.395309	2.302585	115	0.297883	0.065360	0.000000	0.000000	0.000000	0.000000	0.000000	0.000000
150	3	2	189.102295	0.000000	189.102295	2.302585	115	0.112682	0.023787	0.000000	0.000000	0.000000	0.000000	0.000000	0.000000
160	4	2	117.585182	0.000000	117.585182	2.302585	115	0.370209	0.090617	0.000000	0.000000	0.000000	0.000000	0.000000	0.000000
600	1	2	160.929810	0.000000	160.929810	2.302585	115	0.256417	0.037566	0.000000	0.000000	0.000000	0.000000	0.000000	0.000000
610	5	2	166.904434	0.000000	166.904434	2.302585	115	0.196684	0.034108	0.000000	0.000000	0.000000	0.000000	0.000000	0.000000
180	2	2	148.901031	0.000000	148.901031	2.302585	115	0.294718	0.045261	0.000000	0.000000	0.000000	0.000000	0.000000	0.000000
160	3	2	190.822052	0.000000	190.822052	2.302585	115	0.110145	0.026270	0.000000	0.000000	0.000000	0.000000	0.000000	0.000000
610	1	2	162.979996	0.000000	162.979996	2.302585	115	0.255207	0.038714	0.000000	0.000000	0.000000	0.000000	0.000000	0.000000
170	4	2	123.574623	0.000000	123.574623	2.302585	115	0.358182	0.091997	0.000000	0.000000	0.000000	0.000000	0.000000	0.000000
620	5	2	168.720840	0.000000	168.720840	2.302585	115	0.196183	0.038873	0.000000	0.000000	0.000000	0.000000	0.000000	0.000000
190	2	2	146.310806	0.000000	146.310806	2.302585	115	0.291199	0.050697	0.000000	0.000000	0.000000	0.000000	0.000000	0.000000
170	3	2	186.658737	0.000000	186.658737	2.302585	115	0.117362	0.030886	0.000000	0.000000	0.000000	0.000000	0.000000	0.000000
620	1	2	158.964493	0.000000	158.964493	2.302585	115	0.183933	0.058104	0.000000	0.000000	0.000000	0.000000	0.000000	0.000000
630	5	2	169.918396	0.000000	169.918396	2.302585	115	0.192801	0.039794	0.000000	0.000000	0.000000	0.000000	0.000000	0.000000
180	4	2	131.304916	0.000000	131.304916	2.302585	115	0.311428	0.069783	0.000000	0.000000	0.000000	0.000000	0.000000	0.000000
180	3	2	189.861938	0.000000	189.861938	2.302585	115	0.133044	0.026796	0.000000	0.000000	0.000000	0.000000	0.000000	0.000000
200	2	2	147.348526	0.000000	147.348526	2.302585	115	0.294077	0.067355	0.000000	0.000000	0.000000	0.000000	0.000000	0.000000
630	1	2	160.054993	0.000000	160.054993	2.302585	115	0.172775	0.032960	0.000000	0.000000	0.000000	0.000000	0.000000	0.000000
640	5	2	169.519348	0.000000	169.519348	2.302585	115	0.192543	0.043293	0.000000	0.000000	0.000000	0.000000	0.000000	0.000000
190	4	2	127.716148	0.000000	127.716148	2.302585	115	0.315548	0.064171	0.000000	0.000000	0.000000	0.000000	0.000000	0.000000
190	3	2	191.221298	0.000000	191.221298	2.302585	115	0.131811	0.028850	0.000000	0.000000	0.000000	0.000000	0.000000	0.000000
210	2	2	147.184616	0.000000	147.184616	2.302585	115	0.296416	0.065884	0.000000	0.000000	0.000000	0.000000	0.000000	0.000000
640	1	2	164.649048	0.000000	164.649048	2.302585	115	0.175324	0.042476	0.000000	0.000000	0.000000	0.000000	0.000000	0.000000
200	4	2	128.198486	0.000000	128.198486	2.302585	115	0.317885	0.093116	0.000000	0.000000	0.000000	0.000000	0.000000	0.000000
650	5	2	164.529831	0.000000	164.529831	2.302585	115	0.211624	0.036250	0.000000	0.000000	0.000000	0.000000	0.000000	0.000000
200	3	2	193.713882	0.000000	193.713882	2.302585	115	0.123020	0.023715	0.000000	0.000000	0.000000	0.000000	0.000000	0.000000
220	2	2	146.161041	0.000000	146.161041	2.302585	115	0.295629	0.061725	0.000000	0.000000	0.000000	0.000000	0.000000	0.000000
660	5	2	165.728439	0.000000	165.728439	2.302585	115	0.201409	0.035288	0.000000	0.000000	0.000000	0.000000	0.000000	0.000000
650	1	2	161.870224	0.000000	161.870224	2.302585	115	0.174805	0.051414	0.000000	0.000000	0.000000	0.000000	0.000000	0.000000
210	4	2	133.654297	0.000000	133.654297	2.302585	115	0.313992	0.068046	0.000000	0.000000	0.000000	0.000000	0.000000	0.000000
210	3	2	193.211227	0.000000	193.211227	2.302585	115	0.117627	0.022395	0.000000	0.000000	0.000000	0.000000	0.000000	0.000000
230	2	2	145.442947	0.000000	145.442947	2.302585	115	0.295046	0.048263	0.000000	0.000000	0.000000	0.000000	0.000000	0.000000
670	5	2	167.209198	0.000000	167.209198	2.302585	115	0.168525	0.043109	0.000000	0.000000	0.000000	0.000000	0.000000	0.000000
660	1	2	154.542664	0.000000	154.542664	2.302585	115	0.192087	0.044730	0.000000	0.000000	0.000000	0.000000	0.000000	0.000000
220	4	2	132.580566	0.000000	132.580566	2.302585	115	0.296867	0.075513	0.000000	0.000000	0.000000	0.000000	0.000000	0.000000
220	3	2	192.552536	0.000000	192.552536	2.302585	115	0.117627	0.032596	0.000000	0.000000	0.000000	0.000000	0.000000	0.000000
680	5	2	167.320724	0.000000	167.320724	2.302585	115	0.166878	0.027897	0.000000	0.000000	0.000000	0.000000	0.000000	0.000000
240	2	2	145.579605	0.000000	145.579605	2.302585	115	0.297086	0.049610	0.000000	0.000000	0.000000	0.000000	0.000000	0.000000
670	1	2	150.614700	0.000000	150.614700	2.302585	115	0.192845	0.056414	0.000000	0.000000	0.000000	0.000000	0.000000	0.000000
230	4	2	132.727692	0.000000	132.727692	2.302585	115	0.298811	0.069765	0.000000	0.000000	0.000000	0.000000	0.000000	0.000000
230	3	2	193.981247	0.000000	193.981247	2.302585	115	0.115911	0.021179	0.000000	0.000000	0.000000	0.000000	0.000000	0.000000
690	5	2	167.824936	0.000000	167.824936	2.302585	115	0.166827	0.039754	0.000000	0.000000	0.000000	0.000000	0.000000	0.000000
250	2	2	142.259979	0.000000	142.259979	2.302585	115	0.309618	0.065770	0.000000	0.000000	0.000000	0.000000	0.000000	0.000000
680	1	2	149.097900	0.000000	149.097900	2.302585	115	0.199826	0.059353	0.000000	0.000000	0.000000	0.000000	0.000000	0.000000
240	3	2	195.567490	0.000000	195.567490	2.302585	115	0.075474	0.031537	0.000000	0.000000	0.000000	0.000000	0.000000	0.000000
240	4	2	129.611710	0.000000	129.611710	2.302585	115	0.301073	0.065019	0.000000	0.000000	0.000000	0.000000	0.000000	0.000000
260	2	2	145.115601	0.000000	145.115601	2.302585	115	0.302159	0.051809	0.000000	0.000000	0.000000	0.000000	0.000000	0.000000
700	5	2	167.852722	0.000000	167.852722	2.302585	115	0.164911	0.047795	0.000000	0.000000	0.000000	0.000000	0.000000	0.000000
690	1	2	146.933029	0.000000	146.933029	2.302585	115	0.198436	0.051646	0.000000	0.000000	0.000000	0.000000	0.000000	0.000000
250	4	2	130.485443	0.000000	130.485443	2.302585	115	0.301123	0.081589	0.000000	0.000000	0.000000	0.000000	0.000000	0.000000
250	3	2	198.594696	0.000000	198.594696	2.302585	115	0.076195	0.024137	0.000000	0.000000	0.000000	0.000000	0.000000	0.000000
270	2	2	147.110733	0.000000	147.110733	2.302585	115	0.307530	0.057546	0.000000	0.000000	0.000000	0.000000	0.000000	0.000000
710	5	2	170.529770	0.000000	170.529770	2.302585	115	0.163971	0.033297	0.000000	0.000000	0.000000	0.000000	0.000000	0.000000
700	1	2	146.122070	0.000000	146.122070	2.302585	115	0.225191	0.069410	0.000000	0.000000	0.000000	0.000000	0.000000	0.000000
260	3	2	201.936768	0.000000	201.936768	2.302585	115	0.092229	0.021749	0.000000	0.000000	0.000000	0.000000	0.000000	0.000000
720	5	2	171.009918	0.000000	171.009918	2.302585	115	0.163832	0.034048	0.000000	0.000000	0.000000	0.000000	0.000000	0.000000
260	4	2	131.721176	0.000000	131.721176	2.302585	115	0.305629	0.083570	0.000000	0.000000	0.000000	0.000000	0.000000	0.000000
280	2	2	141.013474	0.000000	141.013474	2.302585	115	0.305715	0.063657	0.000000	0.000000	0.000000	0.000000	0.000000	0.000000
710	1	2	147.223389	0.000000	147.223389	2.302585	115	0.215368	0.046301	0.000000	0.000000	0.000000	0.000000	0.000000	0.000000
270	3	2	204.554688	0.000000	204.554688	2.302585	115	0.093260	0.019532	0.000000	0.000000	0.000000	0.000000	0.000000	0.000000
270	4	2	134.493042	0.000000	134.493042	2.302585	115	0.284864	0.078267	0.000000	0.000000	0.000000	0.000000	0.000000	0.000000
730	5	2	170.352936	0.000000	170.352936	2.302585	115	0.165302	0.035523	0.000000	0.000000	0.000000	0.000000	0.000000	0.000000
720	1	2	142.636536	0.000000	142.636536	2.302585	115	0.220703	0.059027	0.000000	0.000000	0.000000	0.000000	0.000000	0.000000
290	2	2	142.088623	0.000000	142.088623	2.302585	115	0.305567	0.059415	0.000000	0.000000	0.000000	0.000000	0.000000	0.000000
280	3	2	212.500931	0.000000	212.500931	2.302585	115	0.087827	0.016813	0.000000	0.000000	0.000000	0.000000	0.000000	0.000000
280	4	2	141.865265	0.000000	141.865265	2.302585	115	0.275558	0.055691	0.000000	0.000000	0.000000	0.000000	0.000000	0.000000
740	5	2	168.854599	0.000000	168.854599	2.302585	115	0.165875	0.041405	0.000000	0.000000	0.000000	0.000000	0.000000	0.000000
730	1	2	138.201736	0.000000	138.201736	2.302585	115	0.249484	0.075235	0.000000	0.000000	0.000000	0.000000	0.000000	0.000000
300	2	2	146.492706	0.000000	146.492706	2.302585	115	0.296501	0.059791	0.000000	0.000000	0.000000	0.000000	0.000000	0.000000
290	3	2	209.841705	0.000000	209.841705	2.302585	115	0.087692	0.020625	0.000000	0.000000	0.000000	0.000000	0.000000	0.000000
750	5	2	172.648453	0.000000	172.648453	2.302585	115	0.154606	0.039623	0.000000	0.000000	0.000000	0.000000	0.000000	0.000000
290	4	2	143.952087	0.000000	143.952087	2.302585	115	0.280516	0.065615	0.000000	0.000000	0.000000	0.000000	0.000000	0.000000
740	1	2	133.744446	0.000000	133.744446	2.302585	115	0.251084	0.060538	0.000000	0.000000	0.000000	0.000000	0.000000	0.000000
300	3	2	211.096527	0.000000	211.096527	2.302585	115	0.087768	0.017798	0.000000	0.000000	0.000000	0.000000	0.000000	0.000000
310	2	2	146.338455	0.000000	146.338455	2.302585	115	0.300586	0.062360	0.000000	0.000000	0.000000	0.000000	0.000000	0.000000
760	5	2	173.657669	0.000000	173.657669	2.302585	115	0.153658	0.036509	0.000000	0.000000	0.000000	0.000000	0.000000	0.000000
300	4	2	141.898605	0.000000	141.898605	2.302585	115	0.265946	0.078130	0.000000	0.000000	0.000000	0.000000	0.000000	0.000000
750	1	2	133.684326	0.000000	133.684326	2.302585	115	0.247861	0.062698	0.000000	0.000000	0.000000	0.000000	0.000000	0.000000
310	3	2	210.759323	0.000000	210.759323	2.302585	115	0.087507	0.021493	0.000000	0.000000	0.000000	0.000000	0.000000	0.000000
320	2	2	146.191666	0.000000	146.191666	2.302585	115	0.295220	0.039754	0.000000	0.000000	0.000000	0.000000	0.000000	0.000000
770	5	2	173.191040	0.000000	173.191040	2.302585	115	0.153413	0.042240	0.000000	0.000000	0.000000	0.000000	0.000000	0.000000
760	1	2	131.451599	0.000000	131.451599	2.302585	115	0.235498	0.080996	0.000000	0.000000	0.000000	0.000000	0.000000	0.000000
310	4	2	146.536118	0.000000	146.536118	2.302585	115	0.268768	0.054157	0.000000	0.000000	0.000000	0.000000	0.000000	0.000000
320	3	2	210.043335	0.000000	210.043335	2.302585	115	0.077218	0.017262	0.000000	0.000000	0.000000	0.000000	0.000000	0.000000
330	2	2	147.900696	0.000000	147.900696	2.302585	115	0.296934	0.048105	0.000000	0.000000	0.000000	0.000000	0.000000	0.000000
780	5	2	171.507019	0.000000	171.507019	2.302585	115	0.169786	0.039491	0.000000	0.000000	0.000000	0.000000	0.000000	0.000000
330	3	2	208.131058	0.000000	208.131058	2.302585	115	0.078003	0.020804	0.000000	0.000000	0.000000	0.000000	0.000000	0.000000
320	4	2	145.631973	0.000000	145.631973	2.302585	115	0.270612	0.049922	0.000000	0.000000	0.000000	0.000000	0.000000	0.000000
770	1	2	139.711777	0.000000	139.711777	2.302585	115	0.217659	0.062284	0.000000	0.000000	0.000000	0.000000	0.000000	0.000000
340	2	2	148.159103	0.000000	148.159103	2.302585	115	0.301706	0.060715	0.000000	0.000000	0.000000	0.000000	0.000000	0.000000
790	5	2	167.171005	0.000000	167.171005	2.302585	115	0.172501	0.031320	0.000000	0.000000	0.000000	0.000000	0.000000	0.000000
340	3	2	202.262527	0.000000	202.262527	2.302585	115	0.083114	0.018781	0.000000	0.000000	0.000000	0.000000	0.000000	0.000000
780	1	2	139.825668	0.000000	139.825668	2.302585	115	0.211676	0.074526	0.000000	0.000000	0.000000	0.000000	0.000000	0.000000
330	4	2	144.086945	0.000000	144.086945	2.302585	115	0.256758	0.067828	0.000000	0.000000	0.000000	0.000000	0.000000	0.000000
350	2	2	147.161026	0.000000	147.161026	2.302585	115	0.303312	0.043976	0.000000	0.000000	0.000000	0.000000	0.000000	0.000000
800	5	2	167.937775	0.000000	167.937775	2.302585	115	0.183167	0.037365	0.000000	0.000000	0.000000	0.000000	0.000000	0.000000
790	1	2	143.649353	0.000000	143.649353	2.302585	115	0.205575	0.049046	0.000000	0.000000	0.000000	0.000000	0.000000	0.000000
350	3	2	202.550156	0.000000	202.550156	2.302585	115	0.084202	0.019919	0.000000	0.000000	0.000000	0.000000	0.000000	0.000000
340	4	2	144.653458	0.000000	144.653458	2.302585	115	0.258687	0.058444	0.000000	0.000000	0.000000	0.000000	0.000000	0.000000
360	2	2	147.161026	0.000000	147.161026	2.302585	115	0.298713	0.043976	0.000000	0.000000	0.000000	0.000000	0.000000	0.000000
810	5	2	160.576385	0.000000	160.576385	2.302585	115	0.185741	0.045524	0.000000	0.000000	0.000000	0.000000	0.000000	0.000000
800	1	2	142.890472	0.000000	142.890472	2.302585	115	0.206542	0.063462	0.000000	0.000000	0.000000	0.000000	0.000000	0.000000
360	3	2	202.085907	0.000000	202.085907	2.302585	115	0.083561	0.021531	0.000000	0.000000	0.000000	0.000000	0.000000	0.000000
350	4	2	144.048096	0.000000	144.048096	2.302585	115	0.250814	0.060465	0.000000	0.000000	0.000000	0.000000	0.000000	0.000000
820	5	2	158.726196	0.000000	158.726196	2.302585	115	0.193758	0.043513	0.000000	0.000000	0.000000	0.000000	0.000000	0.000000
370	2	2	147.988342	0.000000	147.988342	2.302585	115	0.300095	0.055585	0.000000	0.000000	0.000000	0.000000	0.000000	0.000000
810	1	2	139.464218	0.000000	139.464218	2.302585	115	0.232538	0.065100	0.000000	0.000000	0.000000	0.000000	0.000000	0.000000
370	3	2	200.597076	0.000000	200.597076	2.302585	115	0.083446	0.028053	0.000000	0.000000	0.000000	0.000000	0.000000	0.000000
830	5	2	157.812027	0.000000	157.812027	2.302585	115	0.197646	0.045835	0.000000	0.000000	0.000000	0.000000	0.000000	0.000000
360	4	2	145.372009	0.000000	145.372009	2.302585	115	0.256356	0.055847	0.000000	0.000000	0.000000	0.000000	0.000000	0.000000
380	2	2	145.090683	0.000000	145.090683	2.302585	115	0.303166	0.063646	0.000000	0.000000	0.000000	0.000000	0.000000	0.000000
820	1	2	140.398132	0.000000	140.398132	2.302585	115	0.230735	0.069594	0.000000	0.000000	0.000000	0.000000	0.000000	0.000000
380	3	2	200.764130	0.000000	200.764130	2.302585	115	0.084207	0.022417	0.000000	0.000000	0.000000	0.000000	0.000000	0.000000
390	2	2	150.348450	0.000000	150.348450	2.302585	115	0.284360	0.051255	0.000000	0.000000	0.000000	0.000000	0.000000	0.000000
840	5	2	156.575729	0.000000	156.575729	2.302585	115	0.198958	0.048320	0.000000	0.000000	0.000000	0.000000	0.000000	0.000000
370	4	2	144.964920	0.000000	144.964920	2.302585	115	0.257021	0.062665	0.000000	0.000000	0.000000	0.000000	0.000000	0.000000
830	1	2	139.964096	0.000000	139.964096	2.302585	115	0.235265	0.063748	0.000000	0.000000	0.000000	0.000000	0.000000	0.000000
400	2	2	152.855927	0.000000	152.855927	2.302585	115	0.284123	0.048971	0.000000	0.000000	0.000000	0.000000	0.000000	0.000000
390	3	2	201.524765	0.000000	201.524765	2.302585	115	0.082161	0.022776	0.000000	0.000000	0.000000	0.000000	0.000000	0.000000
850	5	2	156.612213	0.000000	156.612213	2.302585	115	0.198719	0.040557	0.000000	0.000000	0.000000	0.000000	0.000000	0.000000
380	4	2	147.117920	0.000000	147.117920	2.302585	115	0.252158	0.050910	0.000000	0.000000	0.000000	0.000000	0.000000	0.000000
840	1	2	128.231277	0.000000	128.231277	2.302585	115	0.261708	0.066446	0.000000	0.000000	0.000000	0.000000	0.000000	0.000000
410	2	2	150.438278	0.000000	150.438278	2.302585	115	0.284606	0.052783	0.000000	0.000000	0.000000	0.000000	0.000000	0.000000
400	3	2	204.031952	0.000000	204.031952	2.302585	115	0.081834	0.023273	0.000000	0.000000	0.000000	0.000000	0.000000	0.000000
860	5	2	157.218216	0.000000	157.218216	2.302585	115	0.199225	0.041973	0.000000	0.000000	0.000000	0.000000	0.000000	0.000000
390	4	2	150.544373	0.000000	150.544373	2.302585	115	0.250466	0.052700	0.000000	0.000000	0.000000	0.000000	0.000000	0.000000
850	1	2	130.827591	0.000000	130.827591	2.302585	115	0.260084	0.079904	0.000000	0.000000	0.000000	0.000000	0.000000	0.000000
420	2	2	146.656708	0.000000	146.656708	2.302585	115	0.287435	0.051756	0.000000	0.000000	0.000000	0.000000	0.000000	0.000000
870	5	2	154.651123	0.000000	154.651123	2.302585	115	0.199931	0.040865	0.000000	0.000000	0.000000	0.000000	0.000000	0.000000
410	3	2	204.594254	0.000000	204.594254	2.302585	115	0.081394	0.024671	0.000000	0.000000	0.000000	0.000000	0.000000	0.000000
400	4	2	149.276321	0.000000	149.276321	2.302585	115	0.245984	0.055558	0.000000	0.000000	0.000000	0.000000	0.000000	0.000000
860	1	2	131.012070	0.000000	131.012070	2.302585	115	0.251945	0.067823	0.000000	0.000000	0.000000	0.000000	0.000000	0.000000
430	2	2	150.083527	0.000000	150.083527	2.302585	115	0.236404	0.052245	0.000000	0.000000	0.000000	0.000000	0.000000	0.000000
880	5	2	152.704803	0.000000	152.704803	2.302585	115	0.339149	0.049718	0.000000	0.000000	0.000000	0.000000	0.000000	0.000000
410	4	2	150.690170	0.000000	150.690170	2.302585	115	0.161384	0.050462	0.000000	0.000000	0.000000	0.000000	0.000000	0.000000
420	3	2	204.975922	0.000000	204.975922	2.302585	115	0.078837	0.016174	0.000000	0.000000	0.000000	0.000000	0.000000	0.000000
870	1	2	132.604630	0.000000	132.604630	2.302585	115	0.236647	0.074683	0.000000	0.000000	0.000000	0.000000	0.000000	0.000000
890	5	2	146.866913	0.000000	146.866913	2.302585	115	0.347374	0.050504	0.000000	0.000000	0.000000	0.000000	0.000000	0.000000
880	1	2	138.740616	0.000000	138.740616	2.302585	115	0.225494	0.064037	0.000000	0.000000	0.000000	0.000000	0.000000	0.000000
440	2	2	154.512024	0.000000	154.512024	2.302585	115	0.242876	0.056368	0.000000	0.000000	0.000000	0.000000	0.000000	0.000000
420	4	2	147.768723	0.000000	147.768723	2.302585	115	0.168806	0.051789	0.000000	0.000000	0.000000	0.000000	0.000000	0.000000
430	3	2	205.554688	0.000000	205.554688	2.302585	115	0.077974	0.017895	0.000000	0.000000	0.000000	0.000000	0.000000	0.000000
890	1	2	141.092575	0.000000	141.092575	2.302585	115	0.222429	0.057811	0.000000	0.000000	0.000000	0.000000	0.000000	0.000000
450	2	2	154.858810	0.000000	154.858810	2.302585	115	0.241257	0.037684	0.000000	0.000000	0.000000	0.000000	0.000000	0.000000
900	5	2	146.444412	0.000000	146.444412	2.302585	115	0.358160	0.055579	0.000000	0.000000	0.000000	0.000000	0.000000	0.000000
430	4	2	141.032349	0.000000	141.032349	2.302585	115	0.231234	0.042890	0.000000	0.000000	0.000000	0.000000	0.000000	0.000000
440	3	2	203.868973	0.000000	203.868973	2.302585	115	0.081820	0.024514	0.000000	0.000000	0.000000	0.000000	0.000000	0.000000
900	1	2	140.050217	0.000000	140.050217	2.302585	115	0.223261	0.054796	0.000000	0.000000	0.000000	0.000000	0.000000	0.000000
910	5	2	142.869598	0.000000	142.869598	2.302585	115	0.363032	0.069701	0.000000	0.000000	0.000000	0.000000	0.000000	0.000000
460	2	2	150.707108	0.000000	150.707108	2.302585	115	0.253110	0.056892	0.000000	0.000000	0.000000	0.000000	0.000000	0.000000
450	3	2	200.209854	0.000000	200.209854	2.302585	115	0.085641	0.025515	0.000000	0.000000	0.000000	0.000000	0.000000	0.000000
440	4	2	142.131134	0.000000	142.131134	2.302585	115	0.226969	0.060970	0.000000	0.000000	0.000000	0.000000	0.000000	0.000000
910	1	2	139.076248	0.000000	139.076248	2.302585	115	0.230746	0.053162	0.000000	0.000000	0.000000	0.000000	0.000000	0.000000
920	5	2	144.590958	0.000000	144.590958	2.302585	115	0.360432	0.048983	0.000000	0.000000	0.000000	0.000000	0.000000	0.000000
470	2	2	151.764008	0.000000	151.764008	2.302585	115	0.251458	0.053373	0.000000	0.000000	0.000000	0.000000	0.000000	0.000000
450	4	2	142.197159	0.000000	142.197159	2.302585	115	0.229551	0.078624	0.000000	0.000000	0.000000	0.000000	0.000000	0.000000
460	3	2	201.731522	0.000000	201.731522	2.302585	115	0.083610	0.023604	0.000000	0.000000	0.000000	0.000000	0.000000	0.000000
920	1	2	141.365112	0.000000	141.365112	2.302585	115	0.214171	0.072672	0.000000	0.000000	0.000000	0.000000	0.000000	0.000000
930	5	2	148.672745	0.000000	148.672745	2.302585	115	0.349344	0.052790	0.000000	0.000000	0.000000	0.000000	0.000000	0.000000
480	2	2	154.135254	0.000000	154.135254	2.302585	115	0.246159	0.046174	0.000000	0.000000	0.000000	0.000000	0.000000	0.000000
460	4	2	146.593063	0.000000	146.593063	2.302585	115	0.228440	0.061752	0.000000	0.000000	0.000000	0.000000	0.000000	0.000000
470	3	2	206.419083	0.000000	206.419083	2.302585	115	0.080979	0.019332	0.000000	0.000000	0.000000	0.000000	0.000000	0.000000
930	1	2	144.941452	0.000000	144.941452	2.302585	115	0.192960	0.057090	0.000000	0.000000	0.000000	0.000000	0.000000	0.000000
940	5	2	152.426239	0.000000	152.426239	2.302585	115	0.332031	0.058569	0.000000	0.000000	0.000000	0.000000	0.000000	0.000000
490	2	2	155.405960	0.000000	155.405960	2.302585	115	0.244863	0.044527	0.000000	0.000000	0.000000	0.000000	0.000000	0.000000
470	4	2	145.772446	0.000000	145.772446	2.302585	115	0.235015	0.053775	0.000000	0.000000	0.000000	0.000000	0.000000	0.000000
480	3	2	206.781525	0.000000	206.781525	2.302585	115	0.075984	0.025431	0.000000	0.000000	0.000000	0.000000	0.000000	0.000000
950	5	2	149.727753	0.000000	149.727753	2.302585	115	0.333965	0.045773	0.000000	0.000000	0.000000	0.000000	0.000000	0.000000
500	2	2	155.406143	0.000000	155.406143	2.302585	115	0.244527	0.035896	0.000000	0.000000	0.000000	0.000000	0.000000	0.000000
940	1	2	145.541367	0.000000	145.541367	2.302585	115	0.193464	0.058065	0.000000	0.000000	0.000000	0.000000	0.000000	0.000000
480	4	2	144.933365	0.000000	144.933365	2.302585	115	0.231905	0.044892	0.000000	0.000000	0.000000	0.000000	0.000000	0.000000
490	3	2	209.827194	0.000000	209.827194	2.302585	115	0.074169	0.019168	0.000000	0.000000	0.000000	0.000000	0.000000	0.000000
510	2	2	162.043198	0.000000	162.043198	2.302585	115	0.235974	0.050068	0.000000	0.000000	0.000000	0.000000	0.000000	0.000000
950	1	2	150.265778	0.000000	150.265778	2.302585	115	0.169841	0.063332	0.000000	0.000000	0.000000	0.000000	0.000000	0.000000
960	5	2	149.385742	0.000000	149.385742	2.302585	115	0.232300	0.047350	0.000000	0.000000	0.000000	0.000000	0.000000	0.000000
490	4	2	147.171967	0.000000	147.171967	2.302585	115	0.229254	0.064185	0.000000	0.000000	0.000000	0.000000	0.000000	0.000000
520	2	2	163.145920	0.000000	163.145920	2.302585	115	0.235679	0.040052	0.000000	0.000000	0.000000	0.000000	0.000000	0.000000
970	5	2	150.496231	0.000000	150.496231	2.302585	115	0.238732	0.047979	0.000000	0.000000	0.000000	0.000000	0.000000	0.000000
500	3	2	211.036270	0.000000	211.036270	2.302585	115	0.071910	0.014672	0.000000	0.000000	0.000000	0.000000	0.000000	0.000000
960	1	2	144.568054	0.000000	144.568054	2.302585	115	0.203237	0.071793	0.000000	0.000000	0.000000	0.000000	0.000000	0.000000
500	4	2	146.804001	0.000000	146.804001	2.302585	115	0.227305	0.039694	0.000000	0.000000	0.000000	0.000000	0.000000	0.000000
510	3	2	216.019943	0.000000	216.019943	2.302585	115	0.070029	0.017255	0.000000	0.000000	0.000000	0.000000	0.000000	0.000000
980	5	2	155.080780	0.000000	155.080780	2.302585	115	0.230528	0.045566	0.000000	0.000000	0.000000	0.000000	0.000000	0.000000
530	2	2	163.463226	0.000000	163.463226	2.302585	115	0.236017	0.046550	0.000000	0.000000	0.000000	0.000000	0.000000	0.000000
970	1	2	145.608978	0.000000	145.608978	2.302585	115	0.209003	0.048935	0.000000	0.000000	0.000000	0.000000	0.000000	0.000000
510	4	2	146.270691	0.000000	146.270691	2.302585	115	0.235977	0.076008	0.000000	0.000000	0.000000	0.000000	0.000000	0.000000
520	3	2	218.191406	0.000000	218.191406	2.302585	115	0.070553	0.017779	0.000000	0.000000	0.000000	0.000000	0.000000	0.000000
990	5	2	155.323257	0.000000	155.323257	2.302585	115	0.229800	0.043469	0.000000	0.000000	0.000000	0.000000	0.000000	0.000000
980	1	2	151.255539	0.000000	151.255539	2.302585	115	0.165080	0.051682	0.000000	0.000000	0.000000	0.000000	0.000000	0.000000
540	2	2	162.271301	0.000000	162.271301	2.302585	115	0.234471	0.049246	0.000000	0.000000	0.000000	0.000000	0.000000	0.000000
520	4	2	145.155807	0.000000	145.155807	2.302585	115	0.237509	0.055965	0.000000	0.000000	0.000000	0.000000	0.000000	0.000000
530	3	2	221.331818	0.000000	221.331818	2.302585	115	0.068598	0.013485	0.000000	0.000000	0.000000	0.000000	0.000000	0.000000
990	1	2	151.632492	0.000000	151.632492	2.302585	115	0.161180	0.041500	0.000000	0.000000	0.000000	0.000000	0.000000	0.000000
550	2	2	160.014252	0.000000	160.014252	2.302585	115	0.273811	0.051341	0.000000	0.000000	0.000000	0.000000	0.000000	0.000000
1000	5	2	156.043640	0.000000	156.043640	2.302585	115	0.229410	0.047689	0.000000	0.000000	0.000000	0.000000	0.000000	0.000000
530	4	2	145.123505	0.000000	145.123505	2.302585	115	0.221383	0.072136	0.000000	0.000000	0.000000	0.000000	0.000000	0.000000
1000	1	2	153.262695	0.000000	153.262695	2.302585	115	0.159093	0.043929	0.000000	0.000000	0.000000	0.000000	0.000000	0.000000
540	3	2	220.631027	0.000000	220.631027	2.302585	115	0.072169	0.016561	0.000000	0.000000	0.000000	0.000000	0.000000	0.000000
1010	5	2	157.829361	0.000000	157.829361	2.302585	115	0.228721	0.053181	0.000000	0.000000	0.000000	0.000000	0.000000	0.000000
560	2	2	158.275757	0.000000	158.275757	2.302585	115	0.274823	0.043954	0.000000	0.000000	0.000000	0.000000	0.000000	0.000000
540	4	2	149.122604	0.000000	149.122604	2.302585	115	0.222889	0.048702	0.000000	0.000000	0.000000	0.000000	0.000000	0.000000
1010	1	2	153.088501	0.000000	153.088501	2.302585	115	0.161215	0.044935	0.000000	0.000000	0.000000	0.000000	0.000000	0.000000
550	3	2	218.550247	0.000000	218.550247	2.302585	115	0.081034	0.018167	0.000000	0.000000	0.000000	0.000000	0.000000	0.000000
1020	5	2	159.072296	0.000000	159.072296	2.302585	115	0.224289	0.047622	0.000000	0.000000	0.000000	0.000000	0.000000	0.000000
570	2	2	155.627975	0.000000	155.627975	2.302585	115	0.274149	0.063448	0.000000	0.000000	0.000000	0.000000	0.000000	0.000000
550	4	2	149.172241	0.000000	149.172241	2.302585	115	0.219085	0.054251	0.000000	0.000000	0.000000	0.000000	0.000000	0.000000
1030	5	2	158.875473	0.000000	158.875473	2.302585	115	0.225261	0.046559	0.000000	0.000000	0.000000	0.000000	0.000000	0.000000
560	3	2	221.528320	0.000000	221.528320	2.302585	115	0.077204	0.018190	0.000000	0.000000	0.000000	0.000000	0.000000	0.000000
1020	1	2	155.308533	0.000000	155.308533	2.302585	115	0.161538	0.046579	0.000000	0.000000	0.000000	0.000000	0.000000	0.000000
580	2	2	152.672211	0.000000	152.672211	2.302585	115	0.288052	0.047394	0.000000	0.000000	0.000000	0.000000	0.000000	0.000000
560	4	2	146.370041	0.000000	146.370041	2.302585	115	0.263120	0.057976	0.000000	0.000000	0.000000	0.000000	0.000000	0.000000
1040	5	2	154.623856	0.000000	154.623856	2.302585	115	0.227249	0.056929	0.000000	0.000000	0.000000	0.000000	0.000000	0.000000
1030	1	2	155.358932	0.000000	155.358932	2.302585	115	0.134641	0.063086	0.000000	0.000000	0.000000	0.000000	0.000000	0.000000
570	3	2	218.899307	0.000000	218.899307	2.302585	115	0.078416	0.016964	0.000000	0.000000	0.000000	0.000000	0.000000	0.000000
590	2	2	150.654404	0.000000	150.654404	2.302585	115	0.289325	0.056209	0.000000	0.000000	0.000000	0.000000	0.000000	0.000000
570	4	2	144.682098	0.000000	144.682098	2.302585	115	0.263475	0.066480	0.000000	0.000000	0.000000	0.000000	0.000000	0.000000
1050	5	2	152.829758	0.000000	152.829758	2.302585	115	0.231118	0.052238	0.000000	0.000000	0.000000	0.000000	0.000000	0.000000
1040	1	2	156.631317	0.000000	156.631317	2.302585	115	0.133370	0.056383	0.000000	0.000000	0.000000	0.000000	0.000000	0.000000
600	2	2	150.738144	0.000000	150.738144	2.302585	115	0.295536	0.055726	0.000000	0.000000	0.000000	0.000000	0.000000	0.000000
580	3	2	210.405685	0.000000	210.405685	2.302585	115	0.082734	0.012633	0.000000	0.000000	0.000000	0.000000	0.000000	0.000000
580	4	2	143.918610	0.000000	143.918610	2.302585	115	0.269435	0.063022	0.000000	0.000000	0.000000	0.000000	0.000000	0.000000
1060	5	2	155.621628	0.000000	155.621628	2.302585	115	0.234246	0.049331	0.000000	0.000000	0.000000	0.000000	0.000000	0.000000
1050	1	2	156.920990	0.000000	156.920990	2.302585	115	0.133658	0.042878	0.000000	0.000000	0.000000	0.000000	0.000000	0.000000
590	3	2	212.817078	0.000000	212.817078	2.302585	115	0.082437	0.019068	0.000000	0.000000	0.000000	0.000000	0.000000	0.000000
610	2	2	145.642273	0.000000	145.642273	2.302585	115	0.308779	0.066235	0.000000	0.000000	0.000000	0.000000	0.000000	0.000000
590	4	2	141.125534	0.000000	141.125534	2.302585	115	0.275346	0.070082	0.000000	0.000000	0.000000	0.000000	0.000000	0.000000
1070	5	2	150.937408	0.000000	150.937408	2.302585	115	0.238590	0.047433	0.000000	0.000000	0.000000	0.000000	0.000000	0.000000
1060	1	2	158.931351	0.000000	158.931351	2.302585	115	0.130435	0.044389	0.000000	0.000000	0.000000	0.000000	0.000000	0.000000
600	3	2	214.183105	0.000000	214.183105	2.302585	115	0.082284	0.017437	0.000000	0.000000	0.000000	0.000000	0.000000	0.000000
620	2	2	150.265030	0.000000	150.265030	2.302585	115	0.296309	0.058224	0.000000	0.000000	0.000000	0.000000	0.000000	0.000000
600	4	2	142.493027	0.000000	142.493027	2.302585	115	0.269077	0.054382	0.000000	0.000000	0.000000	0.000000	0.000000	0.000000
1080	5	2	152.435059	0.000000	152.435059	2.302585	115	0.236723	0.055255	0.000000	0.000000	0.000000	0.000000	0.000000	0.000000
1070	1	2	159.880981	0.000000	159.880981	2.302585	115	0.130287	0.044883	0.000000	0.000000	0.000000	0.000000	0.000000	0.000000
610	3	2	211.602158	0.000000	211.602158	2.302585	115	0.083230	0.020894	0.000000	0.000000	0.000000	0.000000	0.000000	0.000000
630	2	2	145.044037	0.000000	145.044037	2.302585	115	0.302050	0.070605	0.000000	0.000000	0.000000	0.000000	0.000000	0.000000
610	4	2	143.487442	0.000000	143.487442	2.302585	115	0.270611	0.061582	0.000000	0.000000	0.000000	0.000000	0.000000	0.000000
1090	5	2	153.586609	0.000000	153.586609	2.302585	115	0.237531	0.050369	0.000000	0.000000	0.000000	0.000000	0.000000	0.000000
1080	1	2	159.096085	0.000000	159.096085	2.302585	115	0.171923	0.049553	0.000000	0.000000	0.000000	0.000000	0.000000	0.000000
620	3	2	214.980194	0.000000	214.980194	2.302585	115	0.080774	0.017028	0.000000	0.000000	0.000000	0.000000	0.000000	0.000000
640	2	2	145.143372	0.000000	145.143372	2.302585	115	0.302079	0.061081	0.000000	0.000000	0.000000	0.000000	0.000000	0.000000
620	4	2	145.405655	0.000000	145.405655	2.302585	115	0.266690	0.068497	0.000000	0.000000	0.000000	0.000000	0.000000	0.000000
1100	5	2	157.895737	0.000000	157.895737	2.302585	115	0.216730	0.037784	0.000000	0.000000	0.000000	0.000000	0.000000	0.000000
1090	1	2	160.120789	0.000000	160.120789	2.302585	115	0.170133	0.044723	0.000000	0.000000	0.000000	0.000000	0.000000	0.000000
630	3	2	212.901367	0.000000	212.901367	2.302585	115	0.081426	0.018731	0.000000	0.000000	0.000000	0.000000	0.000000	0.000000
650	2	2	146.473297	0.000000	146.473297	2.302585	115	0.301449	0.064001	0.000000	0.000000	0.000000	0.000000	0.000000	0.000000
630	4	2	146.105438	0.000000	146.105438	2.302585	115	0.267978	0.059256	0.000000	0.000000	0.000000	0.000000	0.000000	0.000000
1110	5	2	157.266800	0.000000	157.266800	2.302585	115	0.227807	0.038410	0.000000	0.000000	0.000000	0.000000	0.000000	0.000000
1100	1	2	156.257446	0.000000	156.257446	2.302585	115	0.154853	0.047022	0.000000	0.000000	0.000000	0.000000	0.000000	0.000000
660	2	2	143.722992	0.000000	143.722992	2.302585	115	0.309134	0.059899	0.000000	0.000000	0.000000	0.000000	0.000000	0.000000
640	3	2	214.825836	0.000000	214.825836	2.302585	115	0.084361	0.016376	0.000000	0.000000	0.000000	0.000000	0.000000	0.000000
640	4	2	143.827057	0.000000	143.827057	2.302585	115	0.268633	0.057582	0.000000	0.000000	0.000000	0.000000	0.000000	0.000000
1120	5	2	158.503403	0.000000	158.503403	2.302585	115	0.223091	0.032929	0.000000	0.000000	0.000000	0.000000	0.000000	0.000000
1110	1	2	169.733337	0.000000	169.733337	2.302585	115	0.136906	0.036052	0.000000	0.000000	0.000000	0.000000	0.000000	0.000000
670	2	2	144.384079	0.000000	144.384079	2.302585	115	0.296648	0.069352	0.000000	0.000000	0.000000	0.000000	0.000000	0.000000
650	3	2	207.383682	0.000000	207.383682	2.302585	115	0.085383	0.022101	0.000000	0.000000	0.000000	0.000000	0.000000	0.000000
1120	1	2	171.663239	0.000000	171.663239	2.302585	115	0.132053	0.037569	0.000000	0.000000	0.000000	0.000000	0.000000	0.000000
650	4	2	146.355698	0.000000	146.355698	2.302585	115	0.271016	0.056955	0.000000	0.000000	0.000000	0.000000	0.000000	0.000000
1130	5	2	159.356323	0.000000	159.356323	2.302585	115	0.223789	0.043071	0.000000	0.000000	0.000000	0.000000	0.000000	0.000000
660	3	2	203.846649	0.000000	203.846649	2.302585	115	0.087734	0.017097	0.000000	0.000000	0.000000	0.000000	0.000000	0.000000
680	2	2	142.708466	0.000000	142.708466	2.302585	115	0.299191	0.063989	0.000000	0.000000	0.000000	0.000000	0.000000	0.000000
660	4	2	144.172226	0.000000	144.172226	2.302585	115	0.277363	0.050131	0.000000	0.000000	0.000000	0.000000	0.000000	0.000000
1130	1	2	170.526520	0.000000	170.526520	2.302585	115	0.147923	0.045047	0.000000	0.000000	0.000000	0.000000	0.000000	0.000000
1140	5	2	160.168915	0.000000	160.168915	2.302585	115	0.222369	0.049467	0.000000	0.000000	0.000000	0.000000	0.000000	0.000000
670	3	2	201.619843	0.000000	201.619843	2.302585	115	0.089077	0.019658	0.000000	0.000000	0.000000	0.000000	0.000000	0.000000
690	2	2	143.106049	0.000000	143.106049	2.302585	115	0.297238	0.052294	0.000000	0.000000	0.000000	0.000000	0.000000	0.000000
670	4	2	142.724594	0.000000	142.724594	2.302585	115	0.270690	0.068321	0.000000	0.000000	0.000000	0.000000	0.000000	0.000000
1140	1	2	170.889542	0.000000	170.889542	2.302585	115	0.149542	0.034831	0.000000	0.000000	0.000000	0.000000	0.000000	0.000000
1150	5	2	161.083572	0.000000	161.083572	2.302585	115	0.210557	0.049493	0.000000	0.000000	0.000000	0.000000	0.000000	0.000000
680	3	2	200.459930	0.000000	200.459930	2.302585	115	0.089735	0.017551	0.000000	0.000000	0.000000	0.000000	0.000000	0.000000
700	2	2	142.339386	0.000000	142.339386	2.302585	115	0.295914	0.070351	0.000000	0.000000	0.000000	0.000000	0.000000	0.000000
680	4	2	145.486816	0.000000	145.486816	2.302585	115	0.271739	0.067229	0.000000	0.000000	0.000000	0.000000	0.000000	0.000000
1150	1	2	173.320053	0.000000	173.320053	2.302585	115	0.148711	0.035180	0.000000	0.000000	0.000000	0.000000	0.000000	0.000000
1160	5	2	170.132736	0.000000	170.132736	2.302585	115	0.191064	0.038410	0.000000	0.000000	0.000000	0.000000	0.000000	0.000000
690	3	2	200.707062	0.000000	200.707062	2.302585	115	0.091097	0.022349	0.000000	0.000000	0.000000	0.000000	0.000000	0.000000
710	2	2	150.275299	0.000000	150.275299	2.302585	115	0.288932	0.051751	0.000000	0.000000	0.000000	0.000000	0.000000	0.000000
1160	1	2	172.906052	0.000000	172.906052	2.302585	115	0.150845	0.037208	0.000000	0.000000	0.000000	0.000000	0.000000	0.000000
690	4	2	135.427902	0.000000	135.427902	2.302585	115	0.322638	0.071503	0.000000	0.000000	0.000000	0.000000	0.000000	0.000000
1170	5	2	169.648315	0.000000	169.648315	2.302585	115	0.191371	0.036518	0.000000	0.000000	0.000000	0.000000	0.000000	0.000000
700	3	2	197.533157	0.000000	197.533157	2.302585	115	0.091363	0.024395	0.000000	0.000000	0.000000	0.000000	0.000000	0.000000
720	2	2	152.789825	0.000000	152.789825	2.302585	115	0.282991	0.053984	0.000000	0.000000	0.000000	0.000000	0.000000	0.000000
1170	1	2	173.236511	0.000000	173.236511	2.302585	115	0.150493	0.037668	0.000000	0.000000	0.000000	0.000000	0.000000	0.000000
700	4	2	135.468201	0.000000	135.468201	2.302585	115	0.324121	0.067377	0.000000	0.000000	0.000000	0.000000	0.000000	0.000000
1180	5	2	168.816772	0.000000	168.816772	2.302585	115	0.168103	0.037621	0.000000	0.000000	0.000000	0.000000	0.000000	0.000000
710	3	2	194.179108	0.000000	194.179108	2.302585	115	0.092525	0.022642	0.000000	0.000000	0.000000	0.000000	0.000000	0.000000
730	2	2	157.743195	0.000000	157.743195	2.302585	115	0.291267	0.049517	0.000000	0.000000	0.000000	0.000000	0.000000	0.000000
1180	1	2	171.541656	0.000000	171.541656	2.302585	115	0.150635	0.042328	0.000000	0.000000	0.000000	0.000000	0.000000	0.000000
710	4	2	131.151871	0.000000	131.151871	2.302585	115	0.335049	0.085444	0.000000	0.000000	0.000000	0.000000	0.000000	0.000000
1190	5	2	175.274445	0.000000	175.274445	2.302585	115	0.174503	0.032555	0.000000	0.000000	0.000000	0.000000	0.000000	0.000000
720	3	2	192.751617	0.000000	192.751617	2.302585	115	0.100108	0.029174	0.000000	0.000000	0.000000	0.000000	0.000000	0.000000
740	2	2	158.560715	0.000000	158.560715	2.302585	115	0.290876	0.042660	0.000000	0.000000	0.000000	0.000000	0.000000	0.000000
720	4	2	134.860779	0.000000	134.860779	2.302585	115	0.379755	0.068526	0.000000	0.000000	0.000000	0.000000	0.000000	0.000000
1190	1	2	165.753799	0.000000	165.753799	2.302585	115	0.158409	0.059097	0.000000	0.000000	0.000000	0.000000	0.000000	0.000000
1200	5	2	173.713669	0.000000	173.713669	2.302585	115	0.171168	0.032623	0.000000	0.000000	0.000000	0.000000	0.000000	0.000000
730	3	2	191.838623	0.000000	191.838623	2.302585	115	0.100460	0.025340	0.000000	0.000000	0.000000	0.000000	0.000000	0.000000
750	2	2	158.301422	0.000000	158.301422	2.302585	115	0.275544	0.047869	0.000000	0.000000	0.000000	0.000000	0.000000	0.000000
730	4	2	131.664764	0.000000	131.664764	2.302585	115	0.380274	0.085223	0.000000	0.000000	0.000000	0.000000	0.000000	0.000000
1200	1	2	163.479889	0.000000	163.479889	2.302585	115	0.159012	0.038751	0.000000	0.000000	0.000000	0.000000	0.000000	0.000000
1210	5	2	171.822205	0.000000	171.822205	2.302585	115	0.171799	0.039941	0.000000	0.000000	0.000000	0.000000	0.000000	0.000000
740	3	2	190.423569	0.000000	190.423569	2.302585	115	0.086278	0.026707	0.000000	0.000000	0.000000	0.000000	0.000000	0.000000
760	2	2	162.906265	0.000000	162.906265	2.302585	115	0.265189	0.044220	0.000000	0.000000	0.000000	0.000000	0.000000	0.000000
1210	1	2	172.616608	0.000000	172.616608	2.302585	115	0.153247	0.035606	0.000000	0.000000	0.000000	0.000000	0.000000	0.000000
740	4	2	130.912735	0.000000	130.912735	2.302585	115	0.331990	0.061835	0.000000	0.000000	0.000000	0.000000	0.000000	0.000000
1220	5	2	172.994583	0.000000	172.994583	2.302585	115	0.172870	0.033539	0.000000	0.000000	0.000000	0.000000	0.000000	0.000000
750	3	2	195.597824	0.000000	195.597824	2.302585	115	0.085329	0.025395	0.000000	0.000000	0.000000	0.000000	0.000000	0.000000
770	2	2	164.333099	0.000000	164.333099	2.302585	115	0.239286	0.035934	0.000000	0.000000	0.000000	0.000000	0.000000	0.000000
1220	1	2	172.718903	0.000000	172.718903	2.302585	115	0.151604	0.042681	0.000000	0.000000	0.000000	0.000000	0.000000	0.000000
750	4	2	132.636871	0.000000	132.636871	2.302585	115	0.330908	0.081673	0.000000	0.000000	0.000000	0.000000	0.000000	0.000000
1230	5	2	175.984314	0.000000	175.984314	2.302585	115	0.173840	0.034887	0.000000	0.000000	0.000000	0.000000	0.000000	0.000000
760	3	2	195.208633	0.000000	195.208633	2.302585	115	0.085629	0.024868	0.000000	0.000000	0.000000	0.000000	0.000000	0.000000
780	2	2	168.053055	0.000000	168.053055	2.302585	115	0.150966	0.042704	0.000000	0.000000	0.000000	0.000000	0.000000	0.000000
1230	1	2	168.006577	0.000000	168.006577	2.302585	115	0.157658	0.035000	0.000000	0.000000	0.000000	0.000000	0.000000	0.000000
760	4	2	133.694290	0.000000	133.694290	2.302585	115	0.326805	0.058750	0.000000	0.000000	0.000000	0.000000	0.000000	0.000000
1240	5	2	177.941345	0.000000	177.941345	2.302585	115	0.165012	0.037328	0.000000	0.000000	0.000000	0.000000	0.000000	0.000000
770	3	2	196.308640	0.000000	196.308640	2.302585	115	0.085179	0.024686	0.000000	0.000000	0.000000	0.000000	0.000000	0.000000
790	2	2	164.752319	0.000000	164.752319	2.302585	115	0.152947	0.051946	0.000000	0.000000	0.000000	0.000000	0.000000	0.000000
1240	1	2	167.395294	0.000000	167.395294	2.302585	115	0.157600	0.047307	0.000000	0.000000	0.000000	0.000000	0.000000	0.000000
1250	5	2	181.522141	0.000000	181.522141	2.302585	115	0.165259	0.028246	0.000000	0.000000	0.000000	0.000000	0.000000	0.000000
770	4	2	143.022522	0.000000	143.022522	2.302585	115	0.263202	0.065974	0.000000	0.000000	0.000000	0.000000	0.000000	0.000000
780	3	2	195.908722	0.000000	195.908722	2.302585	115	0.086444	0.026765	0.000000	0.000000	0.000000	0.000000	0.000000	0.000000
1250	1	2	166.565414	0.000000	166.565414	2.302585	115	0.158191	0.031195	0.000000	0.000000	0.000000	0.000000	0.000000	0.000000
800	2	2	164.192642	0.000000	164.192642	2.302585	115	0.173263	0.041442	0.000000	0.000000	0.000000	0.000000	0.000000	0.000000
1260	5	2	181.116959	0.000000	181.116959	2.302585	115	0.165026	0.029282	0.000000	0.000000	0.000000	0.000000	0.000000	0.000000
780	4	2	143.217667	0.000000	143.217667	2.302585	115	0.256583	0.056713	0.000000	0.000000	0.000000	0.000000	0.000000	0.000000
790	3	2	202.000641	0.000000	202.000641	2.302585	115	0.079615	0.022282	0.000000	0.000000	0.000000	0.000000	0.000000	0.000000
1260	1	2	167.106644	0.000000	167.106644	2.302585	115	0.158169	0.046938	0.000000	0.000000	0.000000	0.000000	0.000000	0.000000
810	2	2	163.145020	0.000000	163.145020	2.302585	115	0.170452	0.041793	0.000000	0.000000	0.000000	0.000000	0.000000	0.000000
1270	5	2	184.486984	0.000000	184.486984	2.302585	115	0.162198	0.035354	0.000000	0.000000	0.000000	0.000000	0.000000	0.000000
790	4	2	144.310898	0.000000	144.310898	2.302585	115	0.273562	0.055033	0.000000	0.000000	0.000000	0.000000	0.000000	0.000000
800	3	2	196.556931	0.000000	196.556931	2.302585	115	0.080985	0.023173	0.000000	0.000000	0.000000	0.000000	0.000000	0.000000
1270	1	2	167.810242	0.000000	167.810242	2.302585	115	0.155525	0.029443	0.000000	0.000000	0.000000	0.000000	0.000000	0.000000
800	4	2	139.261093	0.000000	139.261093	2.302585	115	0.275454	0.051571	0.000000	0.000000	0.000000	0.000000	0.000000	0.000000
820	2	2	170.306091	0.000000	170.306091	2.302585	115	0.164807	0.040393	0.000000	0.000000	0.000000	0.000000	0.000000	0.000000
1280	5	2	184.530731	0.000000	184.530731	2.302585	115	0.163199	0.032690	0.000000	0.000000	0.000000	0.000000	0.000000	0.000000
810	3	2	191.752029	0.000000	191.752029	2.302585	115	0.082445	0.022630	0.000000	0.000000	0.000000	0.000000	0.000000	0.000000
1280	1	2	170.055740	0.000000	170.055740	2.302585	115	0.135908	0.042338	0.000000	0.000000	0.000000	0.000000	0.000000	0.000000
1290	5	2	182.047058	0.000000	182.047058	2.302585	115	0.165014	0.031501	0.000000	0.000000	0.000000	0.000000	0.000000	0.000000
810	4	2	142.931717	0.000000	142.931717	2.302585	115	0.272410	0.067270	0.000000	0.000000	0.000000	0.000000	0.000000	0.000000
830	2	2	168.426270	0.000000	168.426270	2.302585	115	0.166047	0.032256	0.000000	0.000000	0.000000	0.000000	0.000000	0.000000
1290	1	2	182.197418	0.000000	182.197418	2.302585	115	0.133485	0.033303	0.000000	0.000000	0.000000	0.000000	0.000000	0.000000
820	3	2	191.291672	0.000000	191.291672	2.302585	115	0.079844	0.033914	0.000000	0.000000	0.000000	0.000000	0.000000	0.000000
1300	5	2	181.235931	0.000000	181.235931	2.302585	115	0.165039	0.024713	0.000000	0.000000	0.000000	0.000000	0.000000	0.000000
840	2	2	172.244324	0.000000	172.244324	2.302585	115	0.163744	0.041504	0.000000	0.000000	0.000000	0.000000	0.000000	0.000000
820	4	2	140.239273	0.000000	140.239273	2.302585	115	0.354760	0.086134	0.000000	0.000000	0.000000	0.000000	0.000000	0.000000
1300	1	2	186.426208	0.000000	186.426208	2.302585	115	0.140135	0.029394	0.000000	0.000000	0.000000	0.000000	0.000000	0.000000
1310	5	2	182.681244	0.000000	182.681244	2.302585	115	0.164754	0.031770	0.000000	0.000000	0.000000	0.000000	0.000000	0.000000
830	3	2	191.554382	0.000000	191.554382	2.302585	115	0.082517	0.026465	0.000000	0.000000	0.000000	0.000000	0.000000	0.000000
850	2	2	174.480408	0.000000	174.480408	2.302585	115	0.157745	0.038722	0.000000	0.000000	0.000000	0.000000	0.000000	0.000000
830	4	2	144.312286	0.000000	144.312286	2.302585	115	0.233053	0.061791	0.000000	0.000000	0.000000	0.000000	0.000000	0.000000
1320	5	2	178.390747	0.000000	178.390747	2.302585	115	0.166482	0.026987	0.000000	0.000000	0.000000	0.000000	0.000000	0.000000
840	3	2	190.927246	0.000000	190.927246	2.302585	115	0.082855	0.025379	0.000000	0.000000	0.000000	0.000000	0.000000	0.000000
1310	1	2	188.102509	0.000000	188.102509	2.302585	115	0.137901	0.030514	0.000000	0.000000	0.000000	0.000000	0.000000	0.000000
860	2	2	176.265381	0.000000	176.265381	2.302585	115	0.156947	0.035285	0.000000	0.000000	0.000000	0.000000	0.000000	0.000000
840	4	2	142.451370	0.000000	142.451370	2.302585	115	0.228681	0.077980	0.000000	0.000000	0.000000	0.000000	0.000000	0.000000
1330	5	2	179.407578	0.000000	179.407578	2.302585	115	0.168115	0.029289	0.000000	0.000000	0.000000	0.000000	0.000000	0.000000
1320	1	2	189.310699	0.000000	189.310699	2.302585	115	0.114678	0.024465	0.000000	0.000000	0.000000	0.000000	0.000000	0.000000
850	3	2	191.326889	0.000000	191.326889	2.302585	115	0.080317	0.034685	0.000000	0.000000	0.000000	0.000000	0.000000	0.000000
870	2	2	170.242966	0.000000	170.242966	2.302585	115	0.161450	0.040355	0.000000	0.000000	0.000000	0.000000	0.000000	0.000000
850	4	2	141.222076	0.000000	141.222076	2.302585	115	0.230681	0.072986	0.000000	0.000000	0.000000	0.000000	0.000000	0.000000
1330	1	2	183.023727	0.000000	183.023727	2.302585	115	0.118728	0.035623	0.000000	0.000000	0.000000	0.000000	0.000000	0.000000
1340	5	2	178.938263	0.000000	178.938263	2.302585	115	0.167176	0.033279	0.000000	0.000000	0.000000	0.000000	0.000000	0.000000
860	3	2	196.057983	0.000000	196.057983	2.302585	115	0.078987	0.024071	0.000000	0.000000	0.000000	0.000000	0.000000	0.000000
880	2	2	175.703506	0.000000	175.703506	2.302585	115	0.161541	0.034264	0.000000	0.000000	0.000000	0.000000	0.000000	0.000000
860	4	2	142.064941	0.000000	142.064941	2.302585	115	0.230955	0.059819	0.000000	0.000000	0.000000	0.000000	0.000000	0.000000
870	3	2	195.119034	0.000000	195.119034	2.302585	115	0.078196	0.032682	0.000000	0.000000	0.000000	0.000000	0.000000	0.000000
1340	1	2	185.573944	0.000000	185.573944	2.302585	115	0.115342	0.027028	0.000000	0.000000	0.000000	0.000000	0.000000	0.000000
1350	5	2	181.083145	0.000000	181.083145	2.302585	115	0.088207	0.026693	0.000000	0.000000	0.000000	0.000000	0.000000	0.000000
890	2	2	172.184036	0.000000	172.184036	2.302585	115	0.171610	0.035091	0.000000	0.000000	0.000000	0.000000	0.000000	0.000000
870	4	2	140.230591	0.000000	140.230591	2.302585	115	0.236161	0.061739	0.000000	0.000000	0.000000	0.000000	0.000000	0.000000
880	3	2	198.453568	0.000000	198.453568	2.302585	115	0.113437	0.021747	0.000000	0.000000	0.000000	0.000000	0.000000	0.000000
1350	1	2	187.807251	0.000000	187.807251	2.302585	115	0.115043	0.030202	0.000000	0.000000	0.000000	0.000000	0.000000	0.000000
1360	5	2	191.290924	0.000000	191.290924	2.302585	115	0.084801	0.026149	0.000000	0.000000	0.000000	0.000000	0.000000	0.000000
900	2	2	176.075562	0.000000	176.075562	2.302585	115	0.169273	0.034899	0.000000	0.000000	0.000000	0.000000	0.000000	0.000000
880	4	2	146.670547	0.000000	146.670547	2.302585	115	0.265743	0.056625	0.000000	0.000000	0.000000	0.000000	0.000000	0.000000
1360	1	2	185.578659	0.000000	185.578659	2.302585	115	0.117566	0.028144	0.000000	0.000000	0.000000	0.000000	0.000000	0.000000
1370	5	2	188.827515	0.000000	188.827515	2.302585	115	0.086595	0.027078	0.000000	0.000000	0.000000	0.000000	0.000000	0.000000
890	3	2	197.126801	0.000000	197.126801	2.302585	115	0.114505	0.023212	0.000000	0.000000	0.000000	0.000000	0.000000	0.000000
910	2	2	173.822372	0.000000	173.822372	2.302585	115	0.140571	0.034088	0.000000	0.000000	0.000000	0.000000	0.000000	0.000000
890	4	2	145.358826	0.000000	145.358826	2.302585	115	0.270412	0.051295	0.000000	0.000000	0.000000	0.000000	0.000000	0.000000
1380	5	2	189.343353	0.000000	189.343353	2.302585	115	0.086348	0.023178	0.000000	0.000000	0.000000	0.000000	0.000000	0.000000
1370	1	2	180.773163	0.000000	180.773163	2.302585	115	0.120277	0.034382	0.000000	0.000000	0.000000	0.000000	0.000000	0.000000
920	2	2	173.337631	0.000000	173.337631	2.302585	115	0.140858	0.039900	0.000000	0.000000	0.000000	0.000000	0.000000	0.000000
900	3	2	197.237747	0.000000	197.237747	2.302585	115	0.114547	0.020963	0.000000	0.000000	0.000000	0.000000	0.000000	0.000000
900	4	2	134.169708	0.000000	134.169708	2.302585	115	0.410875	0.088139	0.000000	0.000000	0.000000	0.000000	0.000000	0.000000
1380	1	2	185.062012	0.000000	185.062012	2.302585	115	0.115128	0.025850	0.000000	0.000000	0.000000	0.000000	0.000000	0.000000
1390	5	2	195.119598	0.000000	195.119598	2.302585	115	0.080055	0.027859	0.000000	0.000000	0.000000	0.000000	0.000000	0.000000
930	2	2	176.176102	0.000000	176.176102	2.302585	115	0.139185	0.030276	0.000000	0.000000	0.000000	0.000000	0.000000	0.000000
910	3	2	196.469376	0.000000	196.469376	2.302585	115	0.114031	0.019514	0.000000	0.000000	0.000000	0.000000	0.000000	0.000000
910	4	2	125.611588	0.000000	125.611588	2.302585	115	0.458333	0.069804	0.000000	0.000000	0.000000	0.000000	0.000000	0.000000
1400	5	2	200.125381	0.000000	200.125381	2.302585	115	0.076809	0.025783	0.000000	0.000000	0.000000	0.000000	0.000000	0.000000
1390	1	2	185.293213	0.000000	185.293213	2.302585	115	0.113774	0.034394	0.000000	0.000000	0.000000	0.000000	0.000000	0.000000
940	2	2	172.535507	0.000000	172.535507	2.302585	115	0.142545	0.038251	0.000000	0.000000	0.000000	0.000000	0.000000	0.000000
920	3	2	198.416489	0.000000	198.416489	2.302585	115	0.114128	0.021701	0.000000	0.000000	0.000000	0.000000	0.000000	0.000000
1410	5	2	200.739334	0.000000	200.739334	2.302585	115	0.079397	0.021807	0.000000	0.000000	0.000000	0.000000	0.000000	0.000000
920	4	2	131.299957	0.000000	131.299957	2.302585	115	0.445081	0.083962	0.000000	0.000000	0.000000	0.000000	0.000000	0.000000
1400	1	2	192.224167	0.000000	192.224167	2.302585	115	0.110119	0.027524	0.000000	0.000000	0.000000	0.000000	0.000000	0.000000
930	3	2	198.204178	0.000000	198.204178	2.302585	115	0.113594	0.026975	0.000000	0.000000	0.000000	0.000000	0.000000	0.000000
950	2	2	175.403366	0.000000	175.403366	2.302585	115	0.139779	0.029383	0.000000	0.000000	0.000000	0.000000	0.000000	0.000000
1420	5	2	196.475906	0.000000	196.475906	2.302585	115	0.083347	0.026040	0.000000	0.000000	0.000000	0.000000	0.000000	0.000000
1410	1	2	189.110001	0.000000	189.110001	2.302585	115	0.114483	0.035602	0.000000	0.000000	0.000000	0.000000	0.000000	0.000000
930	4	2	129.905838	0.000000	129.905838	2.302585	115	0.442492	0.074864	0.000000	0.000000	0.000000	0.000000	0.000000	0.000000
940	3	2	193.891159	0.000000	193.891159	2.302585	115	0.134143	0.030403	0.000000	0.000000	0.000000	0.000000	0.000000	0.000000
960	2	2	176.915482	0.000000	176.915482	2.302585	115	0.138640	0.034463	0.000000	0.000000	0.000000	0.000000	0.000000	0.000000
1430	5	2	191.059998	0.000000	191.059998	2.302585	115	0.078655	0.020714	0.000000	0.000000	0.000000	0.000000	0.000000	0.000000
1420	1	2	184.131744	0.000000	184.131744	2.302585	115	0.119876	0.032023	0.000000	0.000000	0.000000	0.000000	0.000000	0.000000
940	4	2	128.182800	0.000000	128.182800	2.302585	115	0.445526	0.079253	0.000000	0.000000	0.000000	0.000000	0.000000	0.000000
1440	5	2	189.768967	0.000000	189.768967	2.302585	115	0.078941	0.029273	0.000000	0.000000	0.000000	0.000000	0.000000	0.000000
950	3	2	192.994186	0.000000	192.994186	2.302585	115	0.138695	0.021298	0.000000	0.000000	0.000000	0.000000	0.000000	0.000000
970	2	2	176.722641	0.000000	176.722641	2.302585	115	0.130631	0.032244	0.000000	0.000000	0.000000	0.000000	0.000000	0.000000
950	4	2	130.898972	0.000000	130.898972	2.302585	115	0.429305	0.072734	0.000000	0.000000	0.000000	0.000000	0.000000	0.000000
1430	1	2	186.636063	0.000000	186.636063	2.302585	115	0.117259	0.029151	0.000000	0.000000	0.000000	0.000000	0.000000	0.000000
1450	5	2	193.570053	0.000000	193.570053	2.302585	115	0.074446	0.020810	0.000000	0.000000	0.000000	0.000000	0.000000	0.000000
960	3	2	195.906998	0.000000	195.906998	2.302585	115	0.140880	0.028002	0.000000	0.000000	0.000000	0.000000	0.000000	0.000000
980	2	2	177.565765	0.000000	177.565765	2.302585	115	0.131847	0.037573	0.000000	0.000000	0.000000	0.000000	0.000000	0.000000
960	4	2	122.942055	0.000000	122.942055	2.302585	115	0.458506	0.077651	0.000000	0.000000	0.000000	0.000000	0.000000	0.000000
1440	1	2	184.267899	0.000000	184.267899	2.302585	115	0.119604	0.024129	0.000000	0.000000	0.000000	0.000000	0.000000	0.000000
1460	5	2	195.195633	0.000000	195.195633	2.302585	115	0.074891	0.023875	0.000000	0.000000	0.000000	0.000000	0.000000	0.000000
990	2	2	176.674683	0.000000	176.674683	2.302585	115	0.132588	0.034727	0.000000	0.000000	0.000000	0.000000	0.000000	0.000000
970	3	2	190.542160	0.000000	190.542160	2.302585	115	0.108557	0.026110	0.000000	0.000000	0.000000	0.000000	0.000000	0.000000
1450	1	2	185.673889	0.000000	185.673889	2.302585	115	0.120315	0.026336	0.000000	0.000000	0.000000	0.000000	0.000000	0.000000
970	4	2	124.785347	0.000000	124.785347	2.302585	115	0.455235	0.082029	0.000000	0.000000	0.000000	0.000000	0.000000	0.000000
1470	5	2	191.660782	0.000000	191.660782	2.302585	115	0.077814	0.027294	0.000000	0.000000	0.000000	0.000000	0.000000	0.000000
1000	2	2	172.682480	0.000000	172.682480	2.302585	115	0.138652	0.038531	0.000000	0.000000	0.000000	0.000000	0.000000	0.000000
980	3	2	192.569290	0.000000	192.569290	2.302585	115	0.112283	0.021644	0.000000	0.000000	0.000000	0.000000	0.000000	0.000000
1460	1	2	178.894653	0.000000	178.894653	2.302585	115	0.125443	0.030773	0.000000	0.000000	0.000000	0.000000	0.000000	0.000000
980	4	2	124.703903	0.000000	124.703903	2.302585	115	0.449969	0.083729	0.000000	0.000000	0.000000	0.000000	0.000000	0.000000
1480	5	2	190.644302	0.000000	190.644302	2.302585	115	0.077870	0.025528	0.000000	0.000000	0.000000	0.000000	0.000000	0.000000
990	3	2	181.623489	0.000000	181.623489	2.302585	115	0.179405	0.023800	0.000000	0.000000	0.000000	0.000000	0.000000	0.000000
1470	1	2	172.374603	0.000000	172.374603	2.302585	115	0.126840	0.048190	0.000000	0.000000	0.000000	0.000000	0.000000	0.000000
1010	2	2	173.173584	0.000000	173.173584	2.302585	115	0.134660	0.037585	0.000000	0.000000	0.000000	0.000000	0.000000	0.000000
990	4	2	121.293083	0.000000	121.293083	2.302585	115	0.455706	0.084442	0.000000	0.000000	0.000000	0.000000	0.000000	0.000000
1480	1	2	169.925827	0.000000	169.925827	2.302585	115	0.159718	0.046427	0.000000	0.000000	0.000000	0.000000	0.000000	0.000000
1490	5	2	188.420944	0.000000	188.420944	2.302585	115	0.104023	0.032156	0.000000	0.000000	0.000000	0.000000	0.000000	0.000000
1000	3	2	185.351807	0.000000	185.351807	2.302585	115	0.131060	0.028296	0.000000	0.000000	0.000000	0.000000	0.000000	0.000000
1000	4	2	121.278282	0.000000	121.278282	2.302585	115	0.455706	0.091431	0.000000	0.000000	0.000000	0.000000	0.000000	0.000000
1020	2	2	176.080856	0.000000	176.080856	2.302585	115	0.137231	0.031700	0.000000	0.000000	0.000000	0.000000	0.000000	0.000000
1490	1	2	165.770172	0.000000	165.770172	2.302585	115	0.162301	0.037249	0.000000	0.000000	0.000000	0.000000	0.000000	0.000000
1010	4	2	121.116005	0.000000	121.116005	2.302585	115	0.456227	0.084027	0.000000	0.000000	0.000000	0.000000	0.000000	0.000000
1500	5	2	188.486969	0.000000	188.486969	2.302585	115	0.103106	0.021765	0.000000	0.000000	0.000000	0.000000	0.000000	0.000000
1010	3	2	190.074554	0.000000	190.074554	2.302585	115	0.137178	0.027351	0.000000	0.000000	0.000000	0.000000	0.000000	0.000000
1030	2	2	172.392365	0.000000	172.392365	2.302585	115	0.138544	0.035297	0.000000	0.000000	0.000000	0.000000	0.000000	0.000000
1510	5	2	184.716949	0.000000	184.716949	2.302585	115	0.117639	0.021779	0.000000	0.000000	0.000000	0.000000	0.000000	0.000000
1500	1	2	168.193756	0.000000	168.193756	2.302585	115	0.159624	0.033541	0.000000	0.000000	0.000000	0.000000	0.000000	0.000000
1020	4	2	124.337013	0.000000	124.337013	2.302585	115	0.454022	0.090174	0.000000	0.000000	0.000000	0.000000	0.000000	0.000000
1020	3	2	186.388260	0.000000	186.388260	2.302585	115	0.139723	0.032049	0.000000	0.000000	0.000000	0.000000	0.000000	0.000000
1040	2	2	178.307159	0.000000	178.307159	2.302585	115	0.131511	0.033372	0.000000	0.000000	0.000000	0.000000	0.000000	0.000000
1030	4	2	123.256905	0.000000	123.256905	2.302585	115	0.449372	0.094136	0.000000	0.000000	0.000000	0.000000	0.000000	0.000000
1520	5	2	191.777252	0.000000	191.777252	2.302585	115	0.113765	0.024313	0.000000	0.000000	0.000000	0.000000	0.000000	0.000000
1510	1	2	171.124908	0.000000	171.124908	2.302585	115	0.156242	0.036223	0.000000	0.000000	0.000000	0.000000	0.000000	0.000000
1030	3	2	192.920715	0.000000	192.920715	2.302585	115	0.134922	0.024466	0.000000	0.000000	0.000000	0.000000	0.000000	0.000000
1050	2	2	177.314774	0.000000	177.314774	2.302585	115	0.131689	0.038329	0.000000	0.000000	0.000000	0.000000	0.000000	0.000000
1520	1	2	171.010483	0.000000	171.010483	2.302585	115	0.156399	0.036510	0.000000	0.000000	0.000000	0.000000	0.000000	0.000000
1040	4	2	119.781738	0.000000	119.781738	2.302585	115	0.458873	0.095874	0.000000	0.000000	0.000000	0.000000	0.000000	0.000000
1530	5	2	190.395081	0.000000	190.395081	2.302585	115	0.113093	0.031119	0.000000	0.000000	0.000000	0.000000	0.000000	0.000000
1040	3	2	189.270172	0.000000	189.270172	2.302585	115	0.137568	0.034384	0.000000	0.000000	0.000000	0.000000	0.000000	0.000000
1060	2	2	181.399063	0.000000	181.399063	2.302585	115	0.129310	0.027392	0.000000	0.000000	0.000000	0.000000	0.000000	0.000000
1050	4	2	120.413383	0.000000	120.413383	2.302585	115	0.456971	0.080167	0.000000	0.000000	0.000000	0.000000	0.000000	0.000000
1530	1	2	169.886414	0.000000	169.886414	2.302585	115	0.153045	0.035537	0.000000	0.000000	0.000000	0.000000	0.000000	0.000000
1540	5	2	188.628693	0.000000	188.628693	2.302585	115	0.116674	0.026377	0.000000	0.000000	0.000000	0.000000	0.000000	0.000000
1050	3	2	186.557678	0.000000	186.557678	2.302585	115	0.144199	0.027860	0.000000	0.000000	0.000000	0.000000	0.000000	0.000000
1070	2	2	176.847595	0.000000	176.847595	2.302585	115	0.130364	0.045894	0.000000	0.000000	0.000000	0.000000	0.000000	0.000000
1060	4	2	128.076736	0.000000	128.076736	2.302585	115	0.319785	0.076939	0.000000	0.000000	0.000000	0.000000	0.000000	0.000000
1540	1	2	165.375488	0.000000	165.375488	2.302585	115	0.155148	0.049453	0.000000	0.000000	0.000000	0.000000	0.000000	0.000000
1550	5	2	185.541336	0.000000	185.541336	2.302585	115	0.120619	0.029880	0.000000	0.000000	0.000000	0.000000	0.000000	0.000000
1080	2	2	177.872833	0.000000	177.872833	2.302585	115	0.131487	0.038715	0.000000	0.000000	0.000000	0.000000	0.000000	0.000000
1060	3	2	179.829895	0.000000	179.829895	2.302585	115	0.148369	0.028373	0.000000	0.000000	0.000000	0.000000	0.000000	0.000000
1070	4	2	126.386147	0.000000	126.386147	2.302585	115	0.321419	0.075640	0.000000	0.000000	0.000000	0.000000	0.000000	0.000000
1550	1	2	169.731689	0.000000	169.731689	2.302585	115	0.152696	0.042147	0.000000	0.000000	0.000000	0.000000	0.000000	0.000000
1560	5	2	187.495453	0.000000	187.495453	2.302585	115	0.117253	0.028064	0.000000	0.000000	0.000000	0.000000	0.000000	0.000000
1090	2	2	179.287430	0.000000	179.287430	2.302585	115	0.127826	0.033582	0.000000	0.000000	0.000000	0.000000	0.000000	0.000000
1080	4	2	122.296509	0.000000	122.296509	2.302585	115	0.325757	0.072250	0.000000	0.000000	0.000000	0.000000	0.000000	0.000000
1070	3	2	183.563736	0.000000	183.563736	2.302585	115	0.122696	0.031598	0.000000	0.000000	0.000000	0.000000	0.000000	0.000000
1560	1	2	171.659668	0.000000	171.659668	2.302585	115	0.150618	0.034119	0.000000	0.000000	0.000000	0.000000	0.000000	0.000000
1570	5	2	191.056595	0.000000	191.056595	2.302585	115	0.110811	0.029359	0.000000	0.000000	0.000000	0.000000	0.000000	0.000000
1100	2	2	175.909073	0.000000	175.909073	2.302585	115	0.130548	0.029659	0.000000	0.000000	0.000000	0.000000	0.000000	0.000000
1090	4	2	125.996956	0.000000	125.996956	2.302585	115	0.227209	0.096197	0.000000	0.000000	0.000000	0.000000	0.000000	0.000000
1080	3	2	183.945007	0.000000	183.945007	2.302585	115	0.123279	0.026421	0.000000	0.000000	0.000000	0.000000	0.000000	0.000000
1570	1	2	172.625229	0.000000	172.625229	2.302585	115	0.148045	0.040699	0.000000	0.000000	0.000000	0.000000	0.000000	0.000000
1110	2	2	174.378555	0.000000	174.378555	2.302585	115	0.135635	0.035472	0.000000	0.000000	0.000000	0.000000	0.000000	0.000000
1580	5	2	190.374969	0.000000	190.374969	2.302585	115	0.107696	0.024871	0.000000	0.000000	0.000000	0.000000	0.000000	0.000000
1100	4	2	130.469910	0.000000	130.469910	2.302585	115	0.325020	0.085401	0.000000	0.000000	0.000000	0.000000	0.000000	0.000000
1090	3	2	185.110764	0.000000	185.110764	2.302585	115	0.117448	0.025648	0.000000	0.000000	0.000000	0.000000	0.000000	0.000000
1580	1	2	172.873383	0.000000	172.873383	2.302585	115	0.151525	0.039625	0.000000	0.000000	0.000000	0.000000	0.000000	0.000000
1120	2	2	172.272354	0.000000	172.272354	2.302585	115	0.134621	0.040582	0.000000	0.000000	0.000000	0.000000	0.000000	0.000000
1590	5	2	188.407440	0.000000	188.407440	2.302585	115	0.109230	0.026760	0.000000	0.000000	0.000000	0.000000	0.000000	0.000000
1110	4	2	131.024567	0.000000	131.024567	2.302585	115	0.314693	0.071900	0.000000	0.000000	0.000000	0.000000	0.000000	0.000000
1100	3	2	185.238785	0.000000	185.238785	2.302585	115	0.116279	0.040434	0.000000	0.000000	0.000000	0.000000	0.000000	0.000000
1590	1	2	166.623276	0.000000	166.623276	2.302585	115	0.162950	0.047160	0.000000	0.000000	0.000000	0.000000	0.000000	0.000000
1130	2	2	171.285355	0.000000	171.285355	2.302585	115	0.135126	0.032322	0.000000	0.000000	0.000000	0.000000	0.000000	0.000000
1600	5	2	185.323196	0.000000	185.323196	2.302585	115	0.110127	0.021194	0.000000	0.000000	0.000000	0.000000	0.000000	0.000000
1120	4	2	130.389511	0.000000	130.389511	2.302585	115	0.315473	0.082266	0.000000	0.000000	0.000000	0.000000	0.000000	0.000000
1110	3	2	189.564743	0.000000	189.564743	2.302585	115	0.116293	0.028899	0.000000	0.000000	0.000000	0.000000	0.000000	0.000000
1600	1	2	168.821503	0.000000	168.821503	2.302585	115	0.161172	0.036793	0.000000	0.000000	0.000000	0.000000	0.000000	0.000000
1140	2	2	162.843338	0.000000	162.843338	2.302585	115	0.139730	0.054379	0.000000	0.000000	0.000000	0.000000	0.000000	0.000000
1610	5	2	191.517914	0.000000	191.517914	2.302585	115	0.108153	0.025954	0.000000	0.000000	0.000000	0.000000	0.000000	0.000000
1130	4	2	128.148590	0.000000	128.148590	2.302585	115	0.325258	0.088746	0.000000	0.000000	0.000000	0.000000	0.000000	0.000000
1120	3	2	188.310379	0.000000	188.310379	2.302585	115	0.118448	0.026223	0.000000	0.000000	0.000000	0.000000	0.000000	0.000000
1610	1	2	166.975693	0.000000	166.975693	2.302585	115	0.169385	0.041797	0.000000	0.000000	0.000000	0.000000	0.000000	0.000000
1620	5	2	192.596710	0.000000	192.596710	2.302585	115	0.083084	0.022837	0.000000	0.000000	0.000000	0.000000	0.000000	0.000000
1150	2	2	164.148376	0.000000	164.148376	2.302585	115	0.160743	0.048855	0.000000	0.000000	0.000000	0.000000	0.000000	0.000000
1140	4	2	127.722313	0.000000	127.722313	2.302585	115	0.325640	0.081044	0.000000	0.000000	0.000000	0.000000	0.000000	0.000000
1620	1	2	163.532349	0.000000	163.532349	2.302585	115	0.175794	0.044398	0.000000	0.000000	0.000000	0.000000	0.000000	0.000000
1130	3	2	188.315659	0.000000	188.315659	2.302585	115	0.119296	0.027065	0.000000	0.000000	0.000000	0.000000	0.000000	0.000000
1630	5	2	189.965515	0.000000	189.965515	2.302585	115	0.084090	0.028617	0.000000	0.000000	0.000000	0.000000	0.000000	0.000000
1160	2	2	152.663681	0.000000	152.663681	2.302585	115	0.155262	0.046633	0.000000	0.000000	0.000000	0.000000	0.000000	0.000000
1150	4	2	127.732246	0.000000	127.732246	2.302585	115	0.345563	0.080607	0.000000	0.000000	0.000000	0.000000	0.000000	0.000000
1630	1	2	160.444382	0.000000	160.444382	2.302585	115	0.186995	0.042982	0.000000	0.000000	0.000000	0.000000	0.000000	0.000000
1140	3	2	179.106125	0.000000	179.106125	2.302585	115	0.125939	0.044958	0.000000	0.000000	0.000000	0.000000	0.000000	0.000000
1640	5	2	191.032471	0.000000	191.032471	2.302585	115	0.081185	0.026469	0.000000	0.000000	0.000000	0.000000	0.000000	0.000000
1170	2	2	152.944687	0.000000	152.944687	2.302585	115	0.158208	0.044742	0.000000	0.000000	0.000000	0.000000	0.000000	0.000000
1160	4	2	126.413872	0.000000	126.413872	2.302585	115	0.312073	0.082347	0.000000	0.000000	0.000000	0.000000	0.000000	0.000000
1640	1	2	159.958160	0.000000	159.958160	2.302585	115	0.191777	0.047126	0.000000	0.000000	0.000000	0.000000	0.000000	0.000000
1150	3	2	179.544815	0.000000	179.544815	2.302585	115	0.126663	0.022510	0.000000	0.000000	0.000000	0.000000	0.000000	0.000000
1650	5	2	188.609329	0.000000	188.609329	2.302585	115	0.082684	0.030554	0.000000	0.000000	0.000000	0.000000	0.000000	0.000000
1170	4	2	127.402000	0.000000	127.402000	2.302585	115	0.306271	0.082183	0.000000	0.000000	0.000000	0.000000	0.000000	0.000000
1180	2	2	154.077789	0.000000	154.077789	2.302585	115	0.252081	0.049715	0.000000	0.000000	0.000000	0.000000	0.000000	0.000000
1650	1	2	158.974136	0.000000	158.974136	2.302585	115	0.193649	0.049522	0.000000	0.000000	0.000000	0.000000	0.000000	0.000000
1660	5	2	189.498764	0.000000	189.498764	2.302585	115	0.080764	0.024497	0.000000	0.000000	0.000000	0.000000	0.000000	0.000000
1160	3	2	185.721924	0.000000	185.721924	2.302585	115	0.132117	0.029337	0.000000	0.000000	0.000000	0.000000	0.000000	0.000000
1190	2	2	154.442947	0.000000	154.442947	2.302585	115	0.250136	0.045331	0.000000	0.000000	0.000000	0.000000	0.000000	0.000000
1180	4	2	124.671753	0.000000	124.671753	2.302585	115	0.310584	0.077197	0.000000	0.000000	0.000000	0.000000	0.000000	0.000000
1670	5	2	188.768875	0.000000	188.768875	2.302585	115	0.089746	0.023988	0.000000	0.000000	0.000000	0.000000	0.000000	0.000000
1660	1	2	155.060272	0.000000	155.060272	2.302585	115	0.193226	0.043668	0.000000	0.000000	0.000000	0.000000	0.000000	0.000000
1170	3	2	178.630249	0.000000	178.630249	2.302585	115	0.131636	0.026796	0.000000	0.000000	0.000000	0.000000	0.000000	0.000000
1200	2	2	156.269669	0.000000	156.269669	2.302585	115	0.247919	0.038922	0.000000	0.000000	0.000000	0.000000	0.000000	0.000000
1190	4	2	124.561623	0.000000	124.561623	2.302585	115	0.308615	0.064728	0.000000	0.000000	0.000000	0.000000	0.000000	0.000000
1680	5	2	185.339462	0.000000	185.339462	2.302585	115	0.103198	0.031031	0.000000	0.000000	0.000000	0.000000	0.000000	0.000000
1670	1	2	151.086777	0.000000	151.086777	2.302585	115	0.256944	0.056120	0.000000	0.000000	0.000000	0.000000	0.000000	0.000000
1180	3	2	180.377960	0.000000	180.377960	2.302585	115	0.135088	0.027413	0.000000	0.000000	0.000000	0.000000	0.000000	0.000000
1210	2	2	158.090836	0.000000	158.090836	2.302585	115	0.200811	0.048436	0.000000	0.000000	0.000000	0.000000	0.000000	0.000000
1200	4	2	130.376511	0.000000	130.376511	2.302585	115	0.236384	0.075639	0.000000	0.000000	0.000000	0.000000	0.000000	0.000000
1690	5	2	178.808807	0.000000	178.808807	2.302585	115	0.120982	0.040082	0.000000	0.000000	0.000000	0.000000	0.000000	0.000000
1680	1	2	142.878799	0.000000	142.878799	2.302585	115	0.288428	0.068392	0.000000	0.000000	0.000000	0.000000	0.000000	0.000000
1190	3	2	173.511749	0.000000	173.511749	2.302585	115	0.143635	0.027537	0.000000	0.000000	0.000000	0.000000	0.000000	0.000000
1220	2	2	158.885361	0.000000	158.885361	2.302585	115	0.202785	0.037902	0.000000	0.000000	0.000000	0.000000	0.000000	0.000000
1700	5	2	179.148026	0.000000	179.148026	2.302585	115	0.130459	0.032153	0.000000	0.000000	0.000000	0.000000	0.000000	0.000000
1210	4	2	129.996872	0.000000	129.996872	2.302585	115	0.252198	0.072852	0.000000	0.000000	0.000000	0.000000	0.000000	0.000000
1690	1	2	139.092239	0.000000	139.092239	2.302585	115	0.297226	0.070901	0.000000	0.000000	0.000000	0.000000	0.000000	0.000000
1230	2	2	153.380905	0.000000	153.380905	2.302585	115	0.230711	0.058013	0.000000	0.000000	0.000000	0.000000	0.000000	0.000000
1220	4	2	126.574867	0.000000	126.574867	2.302585	115	0.277934	0.090762	0.000000	0.000000	0.000000	0.000000	0.000000	0.000000
1200	3	2	173.490158	0.000000	173.490158	2.302585	115	0.144767	0.036622	0.000000	0.000000	0.000000	0.000000	0.000000	0.000000
1710	5	2	178.914795	0.000000	178.914795	2.302585	115	0.119040	0.032013	0.000000	0.000000	0.000000	0.000000	0.000000	0.000000
1700	1	2	137.652084	0.000000	137.652084	2.302585	115	0.308789	0.063788	0.000000	0.000000	0.000000	0.000000	0.000000	0.000000
1240	2	2	151.455566	0.000000	151.455566	2.302585	115	0.241313	0.062019	0.000000	0.000000	0.000000	0.000000	0.000000	0.000000
1720	5	2	177.109024	0.000000	177.109024	2.302585	115	0.121802	0.033428	0.000000	0.000000	0.000000	0.000000	0.000000	0.000000
1230	4	2	129.001190	0.000000	129.001190	2.302585	115	0.252788	0.089023	0.000000	0.000000	0.000000	0.000000	0.000000	0.000000
1210	3	2	171.913544	0.000000	171.913544	2.302585	115	0.145103	0.031373	0.000000	0.000000	0.000000	0.000000	0.000000	0.000000
1240	4	2	131.061096	0.000000	131.061096	2.302585	115	0.243093	0.069928	0.000000	0.000000	0.000000	0.000000	0.000000	0.000000
1710	1	2	132.014633	0.000000	132.014633	2.302585	115	0.324686	0.086821	0.000000	0.000000	0.000000	0.000000	0.000000	0.000000
1250	2	2	150.458817	0.000000	150.458817	2.302585	115	0.246935	0.055224	0.000000	0.000000	0.000000	0.000000	0.000000	0.000000
1730	5	2	174.925278	0.000000	174.925278	2.302585	115	0.120430	0.026592	0.000000	0.000000	0.000000	0.000000	0.000000	0.000000
1220	3	2	167.612411	0.000000	167.612411	2.302585	115	0.154897	0.038334	0.000000	0.000000	0.000000	0.000000	0.000000	0.000000
1250	4	2	132.360184	0.000000	132.360184	2.302585	115	0.239576	0.065775	0.000000	0.000000	0.000000	0.000000	0.000000	0.000000
1720	1	2	130.860031	0.000000	130.860031	2.302585	115	0.331449	0.064038	0.000000	0.000000	0.000000	0.000000	0.000000	0.000000
1740	5	2	178.383453	0.000000	178.383453	2.302585	115	0.117504	0.036390	0.000000	0.000000	0.000000	0.000000	0.000000	0.000000
1260	2	2	150.043655	0.000000	150.043655	2.302585	115	0.248880	0.050751	0.000000	0.000000	0.000000	0.000000	0.000000	0.000000
1230	3	2	168.487915	0.000000	168.487915	2.302585	115	0.148547	0.030418	0.000000	0.000000	0.000000	0.000000	0.000000	0.000000
1260	4	2	132.225983	0.000000	132.225983	2.302585	115	0.240593	0.084323	0.000000	0.000000	0.000000	0.000000	0.000000	0.000000
1730	1	2	134.108994	0.000000	134.108994	2.302585	115	0.324678	0.072703	0.000000	0.000000	0.000000	0.000000	0.000000	0.000000
1750	5	2	178.561188	0.000000	178.561188	2.302585	115	0.120728	0.031775	0.000000	0.000000	0.000000	0.000000	0.000000	0.000000
1270	2	2	154.828354	0.000000	154.828354	2.302585	115	0.241919	0.049134	0.000000	0.000000	0.000000	0.000000	0.000000	0.000000
1240	3	2	173.801437	0.000000	173.801437	2.302585	115	0.142569	0.031325	0.000000	0.000000	0.000000	0.000000	0.000000	0.000000
1740	1	2	135.087357	0.000000	135.087357	2.302585	115	0.307971	0.078639	0.000000	0.000000	0.000000	0.000000	0.000000	0.000000
1270	4	2	132.597168	0.000000	132.597168	2.302585	115	0.237335	0.078872	0.000000	0.000000	0.000000	0.000000	0.000000	0.000000
1280	2	2	152.689270	0.000000	152.689270	2.302585	115	0.246356	0.046837	0.000000	0.000000	0.000000	0.000000	0.000000	0.000000
1760	5	2	174.998001	0.000000	174.998001	2.302585	115	0.133629	0.036614	0.000000	0.000000	0.000000	0.000000	0.000000	0.000000
1250	3	2	169.299179	0.000000	169.299179	2.302585	115	0.145906	0.051195	0.000000	0.000000	0.000000	0.000000	0.000000	0.000000
1750	1	2	138.548080	0.000000	138.548080	2.302585	115	0.302609	0.071331	0.000000	0.000000	0.000000	0.000000	0.000000	0.000000
1280	4	2	131.209686	0.000000	131.209686	2.302585	115	0.241123	0.079647	0.000000	0.000000	0.000000	0.000000	0.000000	0.000000
1290	2	2	153.461411	0.000000	153.461411	2.302585	115	0.241635	0.053226	0.000000	0.000000	0.000000	0.000000	0.000000	0.000000
1770	5	2	174.690994	0.000000	174.690994	2.302585	115	0.133179	0.034810	0.000000	0.000000	0.000000	0.000000	0.000000	0.000000
1260	3	2	173.591217	0.000000	173.591217	2.302585	115	0.144272	0.031788	0.000000	0.000000	0.000000	0.000000	0.000000	0.000000
1760	1	2	145.049713	0.000000	145.049713	2.302585	115	0.285576	0.055526	0.000000	0.000000	0.000000	0.000000	0.000000	0.000000
1290	4	2	129.112640	0.000000	129.112640	2.302585	115	0.219150	0.077772	0.000000	0.000000	0.000000	0.000000	0.000000	0.000000
1300	2	2	154.438736	0.000000	154.438736	2.302585	115	0.240041	0.055846	0.000000	0.000000	0.000000	0.000000	0.000000	0.000000
1270	3	2	170.138535	0.000000	170.138535	2.302585	115	0.156021	0.033594	0.000000	0.000000	0.000000	0.000000	0.000000	0.000000
1780	5	2	175.081192	0.000000	175.081192	2.302585	115	0.133945	0.035083	0.000000	0.000000	0.000000	0.000000	0.000000	0.000000
1770	1	2	148.490311	0.000000	148.490311	2.302585	115	0.274031	0.061078	0.000000	0.000000	0.000000	0.000000	0.000000	0.000000
1300	4	2	128.657913	0.000000	128.657913	2.302585	115	0.218454	0.098046	0.000000	0.000000	0.000000	0.000000	0.000000	0.000000
1310	2	2	155.237259	0.000000	155.237259	2.302585	115	0.236463	0.049269	0.000000	0.000000	0.000000	0.000000	0.000000	0.000000
1280	3	2	173.255600	0.000000	173.255600	2.302585	115	0.154464	0.034774	0.000000	0.000000	0.000000	0.000000	0.000000	0.000000
1790	5	2	170.913620	0.000000	170.913620	2.302585	115	0.142238	0.048045	0.000000	0.000000	0.000000	0.000000	0.000000	0.000000
1780	1	2	149.894485	0.000000	149.894485	2.302585	115	0.273860	0.056797	0.000000	0.000000	0.000000	0.000000	0.000000	0.000000
1320	2	2	151.560211	0.000000	151.560211	2.302585	115	0.238486	0.050934	0.000000	0.000000	0.000000	0.000000	0.000000	0.000000
1310	4	2	132.008423	0.000000	132.008423	2.302585	115	0.237469	0.080718	0.000000	0.000000	0.000000	0.000000	0.000000	0.000000
1800	5	2	172.531342	0.000000	172.531342	2.302585	115	0.134683	0.038770	0.000000	0.000000	0.000000	0.000000	0.000000	0.000000
1290	3	2	172.597076	0.000000	172.597076	2.302585	115	0.185747	0.033927	0.000000	0.000000	0.000000	0.000000	0.000000	0.000000
1790	1	2	147.811813	0.000000	147.811813	2.302585	115	0.274508	0.057146	0.000000	0.000000	0.000000	0.000000	0.000000	0.000000
1330	2	2	150.997498	0.000000	150.997498	2.302585	115	0.217913	0.063962	0.000000	0.000000	0.000000	0.000000	0.000000	0.000000
1320	4	2	129.056961	0.000000	129.056961	2.302585	115	0.242577	0.068889	0.000000	0.000000	0.000000	0.000000	0.000000	0.000000
1810	5	2	174.629318	0.000000	174.629318	2.302585	115	0.136512	0.025507	0.000000	0.000000	0.000000	0.000000	0.000000	0.000000
1300	3	2	165.583908	0.000000	165.583908	2.302585	115	0.192192	0.047437	0.000000	0.000000	0.000000	0.000000	0.000000	0.000000
1800	1	2	149.325653	0.000000	149.325653	2.302585	115	0.274811	0.054703	0.000000	0.000000	0.000000	0.000000	0.000000	0.000000
1340	2	2	154.860794	0.000000	154.860794	2.302585	115	0.211944	0.053617	0.000000	0.000000	0.000000	0.000000	0.000000	0.000000
1330	4	2	121.755493	0.000000	121.755493	2.302585	115	0.249550	0.054756	0.000000	0.000000	0.000000	0.000000	0.000000	0.000000
1810	1	2	150.676804	0.000000	150.676804	2.302585	115	0.272607	0.054629	0.000000	0.000000	0.000000	0.000000	0.000000	0.000000
1820	5	2	177.117737	0.000000	177.117737	2.302585	115	0.136797	0.035159	0.000000	0.000000	0.000000	0.000000	0.000000	0.000000
1310	3	2	167.227631	0.000000	167.227631	2.302585	115	0.258756	0.037498	0.000000	0.000000	0.000000	0.000000	0.000000	0.000000
1340	4	2	126.254997	0.000000	126.254997	2.302585	115	0.248019	0.081225	0.000000	0.000000	0.000000	0.000000	0.000000	0.000000
1350	2	2	149.573349	0.000000	149.573349	2.302585	115	0.290143	0.041308	0.000000	0.000000	0.000000	0.000000	0.000000	0.000000
1830	5	2	179.360840	0.000000	179.360840	2.302585	115	0.134724	0.033419	0.000000	0.000000	0.000000	0.000000	0.000000	0.000000
1820	1	2	147.620758	0.000000	147.620758	2.302585	115	0.271912	0.065699	0.000000	0.000000	0.000000	0.000000	0.000000	0.000000
1320	3	2	170.543243	0.000000	170.543243	2.302585	115	0.253711	0.037193	0.000000	0.000000	0.000000	0.000000	0.000000	0.000000
1350	4	2	128.154144	0.000000	128.154144	2.302585	115	0.223456	0.085773	0.000000	0.000000	0.000000	0.000000	0.000000	0.000000
1360	2	2	148.947571	0.000000	148.947571	2.302585	115	0.291304	0.060846	0.000000	0.000000	0.000000	0.000000	0.000000	0.000000
1330	3	2	170.275391	0.000000	170.275391	2.302585	115	0.257148	0.040189	0.000000	0.000000	0.000000	0.000000	0.000000	0.000000
1840	5	2	177.019714	0.000000	177.019714	2.302585	115	0.137240	0.037278	0.000000	0.000000	0.000000	0.000000	0.000000	0.000000
1830	1	2	151.456299	0.000000	151.456299	2.302585	115	0.260907	0.061354	0.000000	0.000000	0.000000	0.000000	0.000000	0.000000
1360	4	2	128.142685	0.000000	128.142685	2.302585	115	0.225046	0.069726	0.000000	0.000000	0.000000	0.000000	0.000000	0.000000
1840	1	2	153.206070	0.000000	153.206070	2.302585	115	0.258370	0.050035	0.000000	0.000000	0.000000	0.000000	0.000000	0.000000
1340	3	2	166.119156	0.000000	166.119156	2.302585	115	0.260406	0.042618	0.000000	0.000000	0.000000	0.000000	0.000000	0.000000
1370	2	2	150.810272	0.000000	150.810272	2.302585	115	0.290071	0.053578	0.000000	0.000000	0.000000	0.000000	0.000000	0.000000
1850	5	2	174.968658	0.000000	174.968658	2.302585	115	0.137552	0.036990	0.000000	0.000000	0.000000	0.000000	0.000000	0.000000
1370	4	2	123.308266	0.000000	123.308266	2.302585	115	0.248875	0.069487	0.000000	0.000000	0.000000	0.000000	0.000000	0.000000
1850	1	2	154.797638	0.000000	154.797638	2.302585	115	0.260005	0.049497	0.000000	0.000000	0.000000	0.000000	0.000000	0.000000
1860	5	2	176.852539	0.000000	176.852539	2.302585	115	0.139320	0.036777	0.000000	0.000000	0.000000	0.000000	0.000000	0.000000
1380	2	2	151.984329	0.000000	151.984329	2.302585	115	0.289419	0.049290	0.000000	0.000000	0.000000	0.000000	0.000000	0.000000
1350	3	2	161.051193	0.000000	161.051193	2.302585	115	0.264390	0.051536	0.000000	0.000000	0.000000	0.000000	0.000000	0.000000
1380	4	2	120.908501	0.000000	120.908501	2.302585	115	0.254213	0.092352	0.000000	0.000000	0.000000	0.000000	0.000000	0.000000
1870	5	2	174.218216	0.000000	174.218216	2.302585	115	0.139320	0.031520	0.000000	0.000000	0.000000	0.000000	0.000000	0.000000
1360	3	2	164.400085	0.000000	164.400085	2.302585	115	0.259968	0.047977	0.000000	0.000000	0.000000	0.000000	0.000000	0.000000
1390	2	2	155.055756	0.000000	155.055756	2.302585	115	0.265307	0.055261	0.000000	0.000000	0.000000	0.000000	0.000000	0.000000
1860	1	2	153.242157	0.000000	153.242157	2.302585	115	0.259014	0.050598	0.000000	0.000000	0.000000	0.000000	0.000000	0.000000
1390	4	2	120.406548	0.000000	120.406548	2.302585	115	0.250579	0.078022	0.000000	0.000000	0.000000	0.000000	0.000000	0.000000
1880	5	2	177.081116	0.000000	177.081116	2.302585	115	0.125028	0.037943	0.000000	0.000000	0.000000	0.000000	0.000000	0.000000
1400	2	2	156.442780	0.000000	156.442780	2.302585	115	0.264650	0.045282	0.000000	0.000000	0.000000	0.000000	0.000000	0.000000
1370	3	2	156.845932	0.000000	156.845932	2.302585	115	0.298149	0.050509	0.000000	0.000000	0.000000	0.000000	0.000000	0.000000
1870	1	2	152.381134	0.000000	152.381134	2.302585	115	0.267075	0.061056	0.000000	0.000000	0.000000	0.000000	0.000000	0.000000
1400	4	2	127.602036	0.000000	127.602036	2.302585	115	0.241193	0.068227	0.000000	0.000000	0.000000	0.000000	0.000000	0.000000
1380	3	2	156.600952	0.000000	156.600952	2.302585	115	0.323032	0.043727	0.000000	0.000000	0.000000	0.000000	0.000000	0.000000
1880	1	2	149.995346	0.000000	149.995346	2.302585	115	0.268636	0.057348	0.000000	0.000000	0.000000	0.000000	0.000000	0.000000
1890	5	2	176.163757	0.000000	176.163757	2.302585	115	0.133781	0.028468	0.000000	0.000000	0.000000	0.000000	0.000000	0.000000
1410	2	2	146.227661	0.000000	146.227661	2.302585	115	0.271282	0.078709	0.000000	0.000000	0.000000	0.000000	0.000000	0.000000
1410	4	2	128.822021	0.000000	128.822021	2.302585	115	0.225927	0.083565	0.000000	0.000000	0.000000	0.000000	0.000000	0.000000
1420	2	2	150.903168	0.000000	150.903168	2.302585	115	0.264920	0.058263	0.000000	0.000000	0.000000	0.000000	0.000000	0.000000
1390	3	2	148.704025	0.000000	148.704025	2.302585	115	0.322355	0.065171	0.000000	0.000000	0.000000	0.000000	0.000000	0.000000
1890	1	2	147.566956	0.000000	147.566956	2.302585	115	0.264363	0.062811	0.000000	0.000000	0.000000	0.000000	0.000000	0.000000
1900	5	2	168.617386	0.000000	168.617386	2.302585	115	0.137142	0.035429	0.000000	0.000000	0.000000	0.000000	0.000000	0.000000
1420	4	2	132.578003	0.000000	132.578003	2.302585	115	0.223372	0.079301	0.000000	0.000000	0.000000	0.000000	0.000000	0.000000
1430	2	2	152.740814	0.000000	152.740814	2.302585	115	0.263066	0.051901	0.000000	0.000000	0.000000	0.000000	0.000000	0.000000
1900	1	2	148.911163	0.000000	148.911163	2.302585	115	0.267268	0.055925	0.000000	0.000000	0.000000	0.000000	0.000000	0.000000
1400	3	2	151.123032	0.000000	151.123032	2.302585	115	0.298125	0.045796	0.000000	0.000000	0.000000	0.000000	0.000000	0.000000
1910	5	2	172.676453	0.000000	172.676453	2.302585	115	0.126955	0.033612	0.000000	0.000000	0.000000	0.000000	0.000000	0.000000
1430	4	2	137.565033	0.000000	137.565033	2.302585	115	0.218990	0.062273	0.000000	0.000000	0.000000	0.000000	0.000000	0.000000
1440	2	2	149.287155	0.000000	149.287155	2.302585	115	0.269427	0.056843	0.000000	0.000000	0.000000	0.000000	0.000000	0.000000
1410	3	2	157.069824	0.000000	157.069824	2.302585	115	0.284284	0.037162	0.000000	0.000000	0.000000	0.000000	0.000000	0.000000
1910	1	2	147.145340	0.000000	147.145340	2.302585	115	0.265386	0.051218	0.000000	0.000000	0.000000	0.000000	0.000000	0.000000
1920	5	2	172.757263	0.000000	172.757263	2.302585	115	0.126580	0.034119	0.000000	0.000000	0.000000	0.000000	0.000000	0.000000
1440	4	2	133.357407	0.000000	133.357407	2.302585	115	0.217720	0.090105	0.000000	0.000000	0.000000	0.000000	0.000000	0.000000
1450	2	2	151.600510	0.000000	151.600510	2.302585	115	0.263337	0.055548	0.000000	0.000000	0.000000	0.000000	0.000000	0.000000
1420	3	2	155.159744	0.000000	155.159744	2.302585	115	0.293504	0.051516	0.000000	0.000000	0.000000	0.000000	0.000000	0.000000
1920	1	2	141.599258	0.000000	141.599258	2.302585	115	0.271236	0.060350	0.000000	0.000000	0.000000	0.000000	0.000000	0.000000
1930	5	2	166.783524	0.000000	166.783524	2.302585	115	0.157830	0.044958	0.000000	0.000000	0.000000	0.000000	0.000000	0.000000
1450	4	2	136.807114	0.000000	136.807114	2.302585	115	0.219433	0.066137	0.000000	0.000000	0.000000	0.000000	0.000000	0.000000
1460	2	2	151.661621	0.000000	151.661621	2.302585	115	0.265190	0.053427	0.000000	0.000000	0.000000	0.000000	0.000000	0.000000
1430	3	2	161.589508	0.000000	161.589508	2.302585	115	0.270825	0.038540	0.000000	0.000000	0.000000	0.000000	0.000000	0.000000
1930	1	2	138.236481	0.000000	138.236481	2.302585	115	0.273459	0.075561	0.000000	0.000000	0.000000	0.000000	0.000000	0.000000
1940	5	2	167.207230	0.000000	167.207230	2.302585	115	0.155045	0.039869	0.000000	0.000000	0.000000	0.000000	0.000000	0.000000
1460	4	2	132.327805	0.000000	132.327805	2.302585	115	0.229701	0.069891	0.000000	0.000000	0.000000	0.000000	0.000000	0.000000
1440	3	2	162.580276	0.000000	162.580276	2.302585	115	0.269465	0.042738	0.000000	0.000000	0.000000	0.000000	0.000000	0.000000
1470	2	2	150.226761	0.000000	150.226761	2.302585	115	0.260031	0.055839	0.000000	0.000000	0.000000	0.000000	0.000000	0.000000
1940	1	2	137.967087	0.000000	137.967087	2.302585	115	0.239808	0.064511	0.000000	0.000000	0.000000	0.000000	0.000000	0.000000
1470	4	2	130.168243	0.000000	130.168243	2.302585	115	0.231254	0.079101	0.000000	0.000000	0.000000	0.000000	0.000000	0.000000
1950	5	2	168.922379	0.000000	168.922379	2.302585	115	0.155330	0.035876	0.000000	0.000000	0.000000	0.000000	0.000000	0.000000
1450	3	2	158.760437	0.000000	158.760437	2.302585	115	0.276308	0.045535	0.000000	0.000000	0.000000	0.000000	0.000000	0.000000
1950	1	2	142.370331	0.000000	142.370331	2.302585	115	0.231966	0.060030	0.000000	0.000000	0.000000	0.000000	0.000000	0.000000
1480	2	2	148.274002	0.000000	148.274002	2.302585	115	0.261460	0.070777	0.000000	0.000000	0.000000	0.000000	0.000000	0.000000
1960	5	2	167.511261	0.000000	167.511261	2.302585	115	0.155935	0.047862	0.000000	0.000000	0.000000	0.000000	0.000000	0.000000
1480	4	2	127.225258	0.000000	127.225258	2.302585	115	0.243585	0.096947	0.000000	0.000000	0.000000	0.000000	0.000000	0.000000
1460	3	2	158.088150	0.000000	158.088150	2.302585	115	0.271861	0.053742	0.000000	0.000000	0.000000	0.000000	0.000000	0.000000
1960	1	2	143.528381	0.000000	143.528381	2.302585	115	0.234536	0.052659	0.000000	0.000000	0.000000	0.000000	0.000000	0.000000
1490	2	2	150.871918	0.000000	150.871918	2.302585	115	0.259787	0.050701	0.000000	0.000000	0.000000	0.000000	0.000000	0.000000
1490	4	2	126.275108	0.000000	126.275108	2.302585	115	0.264686	0.078915	0.000000	0.000000	0.000000	0.000000	0.000000	0.000000
1970	5	2	171.594162	0.000000	171.594162	2.302585	115	0.154900	0.037746	0.000000	0.000000	0.000000	0.000000	0.000000	0.000000
1470	3	2	156.506271	0.000000	156.506271	2.302585	115	0.274278	0.048461	0.000000	0.000000	0.000000	0.000000	0.000000	0.000000
1970	1	2	141.259918	0.000000	141.259918	2.302585	115	0.237264	0.075032	0.000000	0.000000	0.000000	0.000000	0.000000	0.000000
1500	4	2	126.363152	0.000000	126.363152	2.302585	115	0.270640	0.075417	0.000000	0.000000	0.000000	0.000000	0.000000	0.000000
1500	2	2	156.964600	0.000000	156.964600	2.302585	115	0.254110	0.050903	0.000000	0.000000	0.000000	0.000000	0.000000	0.000000
1980	5	2	176.171097	0.000000	176.171097	2.302585	115	0.143976	0.036602	0.000000	0.000000	0.000000	0.000000	0.000000	0.000000
1480	3	2	151.033463	0.000000	151.033463	2.302585	115	0.278730	0.050621	0.000000	0.000000	0.000000	0.000000	0.000000	0.000000
1980	1	2	142.038025	0.000000	142.038025	2.302585	115	0.237250	0.069344	0.000000	0.000000	0.000000	0.000000	0.000000	0.000000
1510	4	2	129.930435	0.000000	129.930435	2.302585	115	0.257167	0.064478	0.000000	0.000000	0.000000	0.000000	0.000000	0.000000
1990	5	2	177.786224	0.000000	177.786224	2.302585	115	0.139151	0.034303	0.000000	0.000000	0.000000	0.000000	0.000000	0.000000
1510	2	2	158.879288	0.000000	158.879288	2.302585	115	0.135203	0.038536	0.000000	0.000000	0.000000	0.000000	0.000000	0.000000
1990	1	2	143.160812	0.000000	143.160812	2.302585	115	0.236631	0.065792	0.000000	0.000000	0.000000	0.000000	0.000000	0.000000
1490	3	2	154.494492	0.000000	154.494492	2.302585	115	0.273780	0.059149	0.000000	0.000000	0.000000	0.000000	0.000000	0.000000
1520	4	2	128.714935	0.000000	128.714935	2.302585	115	0.262536	0.079666	0.000000	0.000000	0.000000	0.000000	0.000000	0.000000
2000	5	2	183.764999	0.000000	183.764999	2.302585	115	0.133590	0.022451	0.000000	0.000000	0.000000	0.000000	0.000000	0.000000
1520	2	2	153.419189	0.000000	153.419189	2.302585	115	0.149740	0.067348	0.000000	0.000000	0.000000	0.000000	0.000000	0.000000
2000	1	2	140.806686	0.000000	140.806686	2.302585	115	0.257460	0.058240	0.000000	0.000000	0.000000	0.000000	0.000000	0.000000
1500	3	2	154.144043	0.000000	154.144043	2.302585	115	0.278567	0.043788	0.000000	0.000000	0.000000	0.000000	0.000000	0.000000
1530	4	2	131.301865	0.000000	131.301865	2.302585	115	0.252241	0.072393	0.000000	0.000000	0.000000	0.000000	0.000000	0.000000
1530	2	2	156.960617	0.000000	156.960617	2.302585	115	0.149934	0.057495	0.000000	0.000000	0.000000	0.000000	0.000000	0.000000
2010	5	2	179.394699	0.000000	179.394699	2.302585	115	0.154769	0.026816	0.000000	0.000000	0.000000	0.000000	0.000000	0.000000
2010	1	2	140.655045	0.000000	140.655045	2.302585	115	0.257726	0.071525	0.000000	0.000000	0.000000	0.000000	0.000000	0.000000
1510	3	2	153.394119	0.000000	153.394119	2.302585	115	0.277800	0.052400	0.000000	0.000000	0.000000	0.000000	0.000000	0.000000
1540	4	2	131.328445	0.000000	131.328445	2.302585	115	0.246742	0.085895	0.000000	0.000000	0.000000	0.000000	0.000000	0.000000
1540	2	2	159.120224	0.000000	159.120224	2.302585	115	0.143147	0.056227	0.000000	0.000000	0.000000	0.000000	0.000000	0.000000
2020	5	2	180.181686	0.000000	180.181686	2.302585	115	0.111255	0.032335	0.000000	0.000000	0.000000	0.000000	0.000000	0.000000
1520	3	2	150.685349	0.000000	150.685349	2.302585	115	0.294470	0.049896	0.000000	0.000000	0.000000	0.000000	0.000000	0.000000
2020	1	2	136.476959	0.000000	136.476959	2.302585	115	0.262641	0.087715	0.000000	0.000000	0.000000	0.000000	0.000000	0.000000
1550	2	2	163.431244	0.000000	163.431244	2.302585	115	0.140346	0.045517	0.000000	0.000000	0.000000	0.000000	0.000000	0.000000
1550	4	2	138.035919	0.000000	138.035919	2.302585	115	0.241714	0.079855	0.000000	0.000000	0.000000	0.000000	0.000000	0.000000
2030	5	2	190.454498	0.000000	190.454498	2.302585	115	0.107984	0.028986	0.000000	0.000000	0.000000	0.000000	0.000000	0.000000
1530	3	2	144.864120	0.000000	144.864120	2.302585	115	0.299461	0.062930	0.000000	0.000000	0.000000	0.000000	0.000000	0.000000
2030	1	2	138.306732	0.000000	138.306732	2.302585	115	0.260598	0.068463	0.000000	0.000000	0.000000	0.000000	0.000000	0.000000
1560	2	2	164.207016	0.000000	164.207016	2.302585	115	0.140251	0.042757	0.000000	0.000000	0.000000	0.000000	0.000000	0.000000
1560	4	2	134.191971	0.000000	134.191971	2.302585	115	0.246388	0.074465	0.000000	0.000000	0.000000	0.000000	0.000000	0.000000
2040	5	2	188.869919	0.000000	188.869919	2.302585	115	0.110281	0.033102	0.000000	0.000000	0.000000	0.000000	0.000000	0.000000
1540	3	2	142.801926	0.000000	142.801926	2.302585	115	0.298257	0.071581	0.000000	0.000000	0.000000	0.000000	0.000000	0.000000
2040	1	2	139.321075	0.000000	139.321075	2.302585	115	0.258961	0.062878	0.000000	0.000000	0.000000	0.000000	0.000000	0.000000
1570	2	2	159.702637	0.000000	159.702637	2.302585	115	0.149774	0.044779	0.000000	0.000000	0.000000	0.000000	0.000000	0.000000
1570	4	2	130.091492	0.000000	130.091492	2.302585	115	0.253619	0.068143	0.000000	0.000000	0.000000	0.000000	0.000000	0.000000
2050	5	2	195.476227	0.000000	195.476227	2.302585	115	0.103837	0.026700	0.000000	0.000000	0.000000	0.000000	0.000000	0.000000
1550	3	2	144.210251	0.000000	144.210251	2.302585	115	0.293470	0.070413	0.000000	0.000000	0.000000	0.000000	0.000000	0.000000
2050	1	2	134.897324	0.000000	134.897324	2.302585	115	0.261759	0.070084	0.000000	0.000000	0.000000	0.000000	0.000000	0.000000
1580	4	2	127.227005	0.000000	127.227005	2.302585	115	0.271508	0.063604	0.000000	0.000000	0.000000	0.000000	0.000000	0.000000
1580	2	2	161.996704	0.000000	161.996704	2.302585	115	0.125390	0.051182	0.000000	0.000000	0.000000	0.000000	0.000000	0.000000
2060	5	2	196.032013	0.000000	196.032013	2.302585	115	0.103313	0.022864	0.000000	0.000000	0.000000	0.000000	0.000000	0.000000
1560	3	2	140.621841	0.000000	140.621841	2.302585	115	0.290155	0.061509	0.000000	0.000000	0.000000	0.000000	0.000000	0.000000
2060	1	2	132.840973	0.000000	132.840973	2.302585	115	0.313603	0.080565	0.000000	0.000000	0.000000	0.000000	0.000000	0.000000
1590	4	2	128.846863	0.000000	128.846863	2.302585	115	0.268464	0.075295	0.000000	0.000000	0.000000	0.000000	0.000000	0.000000
1590	2	2	160.543152	0.000000	160.543152	2.302585	115	0.227189	0.050892	0.000000	0.000000	0.000000	0.000000	0.000000	0.000000
1570	3	2	140.731934	0.000000	140.731934	2.302585	115	0.245092	0.065353	0.000000	0.000000	0.000000	0.000000	0.000000	0.000000
2070	1	2	138.333572	0.000000	138.333572	2.302585	115	0.305109	0.056378	0.000000	0.000000	0.000000	0.000000	0.000000	0.000000
2070	5	2	200.195175	0.000000	200.195175	2.302585	115	0.100653	0.022623	0.000000	0.000000	0.000000	0.000000	0.000000	0.000000
1600	4	2	127.127411	0.000000	127.127411	2.302585	115	0.273494	0.087335	0.000000	0.000000	0.000000	0.000000	0.000000	0.000000
1600	2	2	156.751495	0.000000	156.751495	2.302585	115	0.222477	0.051309	0.000000	0.000000	0.000000	0.000000	0.000000	0.000000
1580	3	2	138.746063	0.000000	138.746063	2.302585	115	0.242976	0.072233	0.000000	0.000000	0.000000	0.000000	0.000000	0.000000
2080	1	2	139.129944	0.000000	139.129944	2.302585	115	0.305211	0.070579	0.000000	0.000000	0.000000	0.000000	0.000000	0.000000
2080	5	2	200.601669	0.000000	200.601669	2.302585	115	0.107607	0.019854	0.000000	0.000000	0.000000	0.000000	0.000000	0.000000
1610	4	2	126.310280	0.000000	126.310280	2.302585	115	0.272432	0.085446	0.000000	0.000000	0.000000	0.000000	0.000000	0.000000
1590	3	2	138.457291	0.000000	138.457291	2.302585	115	0.242649	0.052629	0.000000	0.000000	0.000000	0.000000	0.000000	0.000000
1610	2	2	156.195465	0.000000	156.195465	2.302585	115	0.222876	0.054838	0.000000	0.000000	0.000000	0.000000	0.000000	0.000000
2090	1	2	140.787476	0.000000	140.787476	2.302585	115	0.304577	0.069906	0.000000	0.000000	0.000000	0.000000	0.000000	0.000000
2090	5	2	196.377945	0.000000	196.377945	2.302585	115	0.109198	0.029197	0.000000	0.000000	0.000000	0.000000	0.000000	0.000000
1620	4	2	126.591095	0.000000	126.591095	2.302585	115	0.272481	0.081497	0.000000	0.000000	0.000000	0.000000	0.000000	0.000000
1600	3	2	139.835342	0.000000	139.835342	2.302585	115	0.244126	0.056160	0.000000	0.000000	0.000000	0.000000	0.000000	0.000000
1620	2	2	157.410309	0.000000	157.410309	2.302585	115	0.228538	0.044690	0.000000	0.000000	0.000000	0.000000	0.000000	0.000000
2100	5	2	195.653320	0.000000	195.653320	2.302585	115	0.110793	0.025016	0.000000	0.000000	0.000000	0.000000	0.000000	0.000000
2100	1	2	139.631912	0.000000	139.631912	2.302585	115	0.290349	0.064554	0.000000	0.000000	0.000000	0.000000	0.000000	0.000000
1630	4	2	119.947845	0.000000	119.947845	2.302585	115	0.296552	0.095181	0.000000	0.000000	0.000000	0.000000	0.000000	0.000000
2110	5	2	196.100632	0.000000	196.100632	2.302585	115	0.114184	0.019811	0.000000	0.000000	0.000000	0.000000	0.000000	0.000000
1630	2	2	153.585815	0.000000	153.585815	2.302585	115	0.236625	0.051015	0.000000	0.000000	0.000000	0.000000	0.000000	0.000000
1610	3	2	135.699753	0.000000	135.699753	2.302585	115	0.270077	0.069930	0.000000	0.000000	0.000000	0.000000	0.000000	0.000000
2110	1	2	139.673462	0.000000	139.673462	2.302585	115	0.292702	0.067192	0.000000	0.000000	0.000000	0.000000	0.000000	0.000000
1640	4	2	115.154282	0.000000	115.154282	2.302585	115	0.327317	0.084341	0.000000	0.000000	0.000000	0.000000	0.000000	0.000000
2120	5	2	196.025162	0.000000	196.025162	2.302585	115	0.113558	0.024298	0.000000	0.000000	0.000000	0.000000	0.000000	0.000000
2120	1	2	134.708054	0.000000	134.708054	2.302585	115	0.297340	0.061534	0.000000	0.000000	0.000000	0.000000	0.000000	0.000000
1640	2	2	149.458847	0.000000	149.458847	2.302585	115	0.239488	0.036779	0.000000	0.000000	0.000000	0.000000	0.000000	0.000000
1620	3	2	131.127487	0.000000	131.127487	2.302585	115	0.281894	0.069659	0.000000	0.000000	0.000000	0.000000	0.000000	0.000000
1650	4	2	118.844513	0.000000	118.844513	2.302585	115	0.378011	0.090752	0.000000	0.000000	0.000000	0.000000	0.000000	0.000000
1630	3	2	128.199310	0.000000	128.199310	2.302585	115	0.292601	0.070585	0.000000	0.000000	0.000000	0.000000	0.000000	0.000000
2130	5	2	193.898849	0.000000	193.898849	2.302585	115	0.117356	0.027123	0.000000	0.000000	0.000000	0.000000	0.000000	0.000000
2130	1	2	130.783783	0.000000	130.783783	2.302585	115	0.312331	0.075117	0.000000	0.000000	0.000000	0.000000	0.000000	0.000000
1650	2	2	151.857941	0.000000	151.857941	2.302585	115	0.236424	0.045899	0.000000	0.000000	0.000000	0.000000	0.000000	0.000000
1660	4	2	120.713753	0.000000	120.713753	2.302585	115	0.375289	0.079200	0.000000	0.000000	0.000000	0.000000	0.000000	0.000000
2140	1	2	139.118073	0.000000	139.118073	2.302585	115	0.295437	0.056122	0.000000	0.000000	0.000000	0.000000	0.000000	0.000000
2140	5	2	196.088760	0.000000	196.088760	2.302585	115	0.114951	0.022465	0.000000	0.000000	0.000000	0.000000	0.000000	0.000000
1640	3	2	126.308365	0.000000	126.308365	2.302585	115	0.291360	0.099305	0.000000	0.000000	0.000000	0.000000	0.000000	0.000000
1660	2	2	153.480713	0.000000	153.480713	2.302585	115	0.233932	0.055599	0.000000	0.000000	0.000000	0.000000	0.000000	0.000000
1670	4	2	119.580330	0.000000	119.580330	2.302585	115	0.368131	0.080871	0.000000	0.000000	0.000000	0.000000	0.000000	0.000000
2150	1	2	139.408127	0.000000	139.408127	2.302585	115	0.297564	0.058883	0.000000	0.000000	0.000000	0.000000	0.000000	0.000000
2150	5	2	194.106522	0.000000	194.106522	2.302585	115	0.127024	0.028541	0.000000	0.000000	0.000000	0.000000	0.000000	0.000000
1650	3	2	129.259232	0.000000	129.259232	2.302585	115	0.276863	0.094987	0.000000	0.000000	0.000000	0.000000	0.000000	0.000000
1670	2	2	153.948151	0.000000	153.948151	2.302585	115	0.230490	0.051437	0.000000	0.000000	0.000000	0.000000	0.000000	0.000000
1680	4	2	118.464218	0.000000	118.464218	2.302585	115	0.404368	0.078870	0.000000	0.000000	0.000000	0.000000	0.000000	0.000000
2160	1	2	132.323547	0.000000	132.323547	2.302585	115	0.348263	0.068575	0.000000	0.000000	0.000000	0.000000	0.000000	0.000000
2160	5	2	193.869614	0.000000	193.869614	2.302585	115	0.114655	0.026561	0.000000	0.000000	0.000000	0.000000	0.000000	0.000000
1660	3	2	128.037338	0.000000	128.037338	2.302585	115	0.287011	0.079107	0.000000	0.000000	0.000000	0.000000	0.000000	0.000000
1680	2	2	156.966736	0.000000	156.966736	2.302585	115	0.230049	0.035759	0.000000	0.000000	0.000000	0.000000	0.000000	0.000000
1690	4	2	120.097542	0.000000	120.097542	2.302585	115	0.378988	0.067131	0.000000	0.000000	0.000000	0.000000	0.000000	0.000000
2170	5	2	194.091324	0.000000	194.091324	2.302585	115	0.114036	0.027707	0.000000	0.000000	0.000000	0.000000	0.000000	0.000000
2170	1	2	132.826004	0.000000	132.826004	2.302585	115	0.346021	0.076348	0.000000	0.000000	0.000000	0.000000	0.000000	0.000000
1670	3	2	130.562073	0.000000	130.562073	2.302585	115	0.278611	0.092581	0.000000	0.000000	0.000000	0.000000	0.000000	0.000000
1690	2	2	159.506851	0.000000	159.506851	2.302585	115	0.194393	0.042896	0.000000	0.000000	0.000000	0.000000	0.000000	0.000000
1700	4	2	122.684883	0.000000	122.684883	2.302585	115	0.348062	0.080774	0.000000	0.000000	0.000000	0.000000	0.000000	0.000000
2180	5	2	196.564850	0.000000	196.564850	2.302585	115	0.114586	0.024433	0.000000	0.000000	0.000000	0.000000	0.000000	0.000000
2180	1	2	128.459000	0.000000	128.459000	2.302585	115	0.340124	0.091465	0.000000	0.000000	0.000000	0.000000	0.000000	0.000000
1680	3	2	133.323624	0.000000	133.323624	2.302585	115	0.275478	0.065128	0.000000	0.000000	0.000000	0.000000	0.000000	0.000000
1700	2	2	159.362686	0.000000	159.362686	2.302585	115	0.191111	0.048714	0.000000	0.000000	0.000000	0.000000	0.000000	0.000000
1710	4	2	124.644501	0.000000	124.644501	2.302585	115	0.347419	0.080174	0.000000	0.000000	0.000000	0.000000	0.000000	0.000000
2190	1	2	137.940613	0.000000	137.940613	2.302585	115	0.328647	0.060816	0.000000	0.000000	0.000000	0.000000	0.000000	0.000000
2190	5	2	193.412125	0.000000	193.412125	2.302585	115	0.117381	0.024699	0.000000	0.000000	0.000000	0.000000	0.000000	0.000000
1690	3	2	136.186859	0.000000	136.186859	2.302585	115	0.265537	0.072991	0.000000	0.000000	0.000000	0.000000	0.000000	0.000000
1710	2	2	156.034866	0.000000	156.034866	2.302585	115	0.226371	0.053955	0.000000	0.000000	0.000000	0.000000	0.000000	0.000000
1720	4	2	119.336189	0.000000	119.336189	2.302585	115	0.353069	0.074592	0.000000	0.000000	0.000000	0.000000	0.000000	0.000000
1700	3	2	141.457474	0.000000	141.457474	2.302585	115	0.242337	0.070391	0.000000	0.000000	0.000000	0.000000	0.000000	0.000000
2200	1	2	136.247650	0.000000	136.247650	2.302585	115	0.340209	0.076091	0.000000	0.000000	0.000000	0.000000	0.000000	0.000000
2200	5	2	196.731491	0.000000	196.731491	2.302585	115	0.121326	0.025844	0.000000	0.000000	0.000000	0.000000	0.000000	0.000000
1720	2	2	156.930298	0.000000	156.930298	2.302585	115	0.227887	0.052876	0.000000	0.000000	0.000000	0.000000	0.000000	0.000000
1730	4	2	119.576073	0.000000	119.576073	2.302585	115	0.354378	0.097873	0.000000	0.000000	0.000000	0.000000	0.000000	0.000000
1710	3	2	136.538040	0.000000	136.538040	2.302585	115	0.290126	0.067556	0.000000	0.000000	0.000000	0.000000	0.000000	0.000000
2210	1	2	134.387833	0.000000	134.387833	2.302585	115	0.380571	0.076527	0.000000	0.000000	0.000000	0.000000	0.000000	0.000000
2210	5	2	192.649338	0.000000	192.649338	2.302585	115	0.120134	0.029117	0.000000	0.000000	0.000000	0.000000	0.000000	0.000000
1730	2	2	148.955368	0.000000	148.955368	2.302585	115	0.294092	0.063308	0.000000	0.000000	0.000000	0.000000	0.000000	0.000000
1740	4	2	119.370926	0.000000	119.370926	2.302585	115	0.354299	0.087318	0.000000	0.000000	0.000000	0.000000	0.000000	0.000000
1720	3	2	137.435165	0.000000	137.435165	2.302585	115	0.297595	0.067309	0.000000	0.000000	0.000000	0.000000	0.000000	0.000000
2220	1	2	133.263824	0.000000	133.263824	2.302585	115	0.382850	0.084999	0.000000	0.000000	0.000000	0.000000	0.000000	0.000000
2220	5	2	192.356842	0.000000	192.356842	2.302585	115	0.124476	0.025684	0.000000	0.000000	0.000000	0.000000	0.000000	0.000000
1740	2	2	144.417908	0.000000	144.417908	2.302585	115	0.255587	0.068019	0.000000	0.000000	0.000000	0.000000	0.000000	0.000000
1750	4	2	118.547760	0.000000	118.547760	2.302585	115	0.352573	0.095299	0.000000	0.000000	0.000000	0.000000	0.000000	0.000000
2230	1	2	142.768219	0.000000	142.768219	2.302585	115	0.265702	0.062016	0.000000	0.000000	0.000000	0.000000	0.000000	0.000000
1730	3	2	138.821594	0.000000	138.821594	2.302585	115	0.287706	0.064916	0.000000	0.000000	0.000000	0.000000	0.000000	0.000000
2230	5	2	191.136459	0.000000	191.136459	2.302585	115	0.124674	0.031229	0.000000	0.000000	0.000000	0.000000	0.000000	0.000000
1750	2	2	149.992264	0.000000	149.992264	2.302585	115	0.177165	0.050374	0.000000	0.000000	0.000000	0.000000	0.000000	0.000000
1760	4	2	120.234207	0.000000	120.234207	2.302585	115	0.351266	0.073745	0.000000	0.000000	0.000000	0.000000	0.000000	0.000000
2240	1	2	139.222076	0.000000	139.222076	2.302585	115	0.304559	0.078356	0.000000	0.000000	0.000000	0.000000	0.000000	0.000000
1740	3	2	134.849442	0.000000	134.849442	2.302585	115	0.287030	0.070684	0.000000	0.000000	0.000000	0.000000	0.000000	0.000000
2240	5	2	185.998764	0.000000	185.998764	2.302585	115	0.129921	0.026663	0.000000	0.000000	0.000000	0.000000	0.000000	0.000000
1760	2	2	153.613632	0.000000	153.613632	2.302585	115	0.173719	0.059326	0.000000	0.000000	0.000000	0.000000	0.000000	0.000000
2250	1	2	142.334885	0.000000	142.334885	2.302585	115	0.272713	0.065767	0.000000	0.000000	0.000000	0.000000	0.000000	0.000000
1770	4	2	119.423531	0.000000	119.423531	2.302585	115	0.354042	0.091996	0.000000	0.000000	0.000000	0.000000	0.000000	0.000000
1750	3	2	131.460709	0.000000	131.460709	2.302585	115	0.303895	0.064746	0.000000	0.000000	0.000000	0.000000	0.000000	0.000000
2250	5	2	186.195694	0.000000	186.195694	2.302585	115	0.129848	0.029788	0.000000	0.000000	0.000000	0.000000	0.000000	0.000000
1780	4	2	117.492592	0.000000	117.492592	2.302585	115	0.358878	0.086153	0.000000	0.000000	0.000000	0.000000	0.000000	0.000000
1770	2	2	154.664291	0.000000	154.664291	2.302585	115	0.144426	0.042416	0.000000	0.000000	0.000000	0.000000	0.000000	0.000000
2260	1	2	148.979599	0.000000	148.979599	2.302585	115	0.270025	0.057911	0.000000	0.000000	0.000000	0.000000	0.000000	0.000000
1760	3	2	130.887558	0.000000	130.887558	2.302585	115	0.305383	0.085168	0.000000	0.000000	0.000000	0.000000	0.000000	0.000000
2260	5	2	181.289612	0.000000	181.289612	2.302585	115	0.132004	0.041293	0.000000	0.000000	0.000000	0.000000	0.000000	0.000000
1790	4	2	116.527885	0.000000	116.527885	2.302585	115	0.368561	0.096093	0.000000	0.000000	0.000000	0.000000	0.000000	0.000000
1780	2	2	161.014893	0.000000	161.014893	2.302585	115	0.129267	0.046278	0.000000	0.000000	0.000000	0.000000	0.000000	0.000000
2270	1	2	149.383041	0.000000	149.383041	2.302585	115	0.275514	0.059067	0.000000	0.000000	0.000000	0.000000	0.000000	0.000000
1770	3	2	129.495926	0.000000	129.495926	2.302585	115	0.308661	0.081651	0.000000	0.000000	0.000000	0.000000	0.000000	0.000000
2270	5	2	187.710495	0.000000	187.710495	2.302585	115	0.130418	0.029049	0.000000	0.000000	0.000000	0.000000	0.000000	0.000000
1800	4	2	117.996284	0.000000	117.996284	2.302585	115	0.372328	0.098649	0.000000	0.000000	0.000000	0.000000	0.000000	0.000000
2280	1	2	149.330048	0.000000	149.330048	2.302585	115	0.289006	0.056332	0.000000	0.000000	0.000000	0.000000	0.000000	0.000000
1790	2	2	158.803085	0.000000	158.803085	2.302585	115	0.126829	0.039746	0.000000	0.000000	0.000000	0.000000	0.000000	0.000000
1780	3	2	131.382111	0.000000	131.382111	2.302585	115	0.304713	0.058893	0.000000	0.000000	0.000000	0.000000	0.000000	0.000000
2280	5	2	184.389053	0.000000	184.389053	2.302585	115	0.131213	0.031976	0.000000	0.000000	0.000000	0.000000	0.000000	0.000000
1810	4	2	115.490372	0.000000	115.490372	2.302585	115	0.362195	0.099908	0.000000	0.000000	0.000000	0.000000	0.000000	0.000000
1800	2	2	163.416809	0.000000	163.416809	2.302585	115	0.126738	0.042272	0.000000	0.000000	0.000000	0.000000	0.000000	0.000000
2290	1	2	147.082077	0.000000	147.082077	2.302585	115	0.288314	0.055764	0.000000	0.000000	0.000000	0.000000	0.000000	0.000000
1790	3	2	131.338364	0.000000	131.338364	2.302585	115	0.308094	0.082843	0.000000	0.000000	0.000000	0.000000	0.000000	0.000000
2290	5	2	187.695084	0.000000	187.695084	2.302585	115	0.129637	0.028100	0.000000	0.000000	0.000000	0.000000	0.000000	0.000000
1820	4	2	115.126076	0.000000	115.126076	2.302585	115	0.363394	0.096401	0.000000	0.000000	0.000000	0.000000	0.000000	0.000000
2300	1	2	146.375183	0.000000	146.375183	2.302585	115	0.289474	0.065808	0.000000	0.000000	0.000000	0.000000	0.000000	0.000000
1810	2	2	164.864944	0.000000	164.864944	2.302585	115	0.124420	0.047271	0.000000	0.000000	0.000000	0.000000	0.000000	0.000000
1800	3	2	128.145523	0.000000	128.145523	2.302585	115	0.303510	0.076140	0.000000	0.000000	0.000000	0.000000	0.000000	0.000000
2300	5	2	182.250320	0.000000	182.250320	2.302585	115	0.137407	0.035936	0.000000	0.000000	0.000000	0.000000	0.000000	0.000000
1820	2	2	162.584518	0.000000	162.584518	2.302585	115	0.126040	0.049760	0.000000	0.000000	0.000000	0.000000	0.000000	0.000000
1830	4	2	109.251678	0.000000	109.251678	2.302585	115	0.388620	0.080027	0.000000	0.000000	0.000000	0.000000	0.000000	0.000000
2310	1	2	143.149490	0.000000	143.149490	2.302585	115	0.291212	0.073113	0.000000	0.000000	0.000000	0.000000	0.000000	0.000000
1810	3	2	132.242554	0.000000	132.242554	2.302585	115	0.301570	0.057572	0.000000	0.000000	0.000000	0.000000	0.000000	0.000000
2310	5	2	184.469086	0.000000	184.469086	2.302585	115	0.122948	0.028053	0.000000	0.000000	0.000000	0.000000	0.000000	0.000000
2320	1	2	141.273209	0.000000	141.273209	2.302585	115	0.308284	0.076163	0.000000	0.000000	0.000000	0.000000	0.000000	0.000000
1830	2	2	155.390869	0.000000	155.390869	2.302585	115	0.189199	0.059081	0.000000	0.000000	0.000000	0.000000	0.000000	0.000000
1840	4	2	107.539703	0.000000	107.539703	2.302585	115	0.360754	0.099152	0.000000	0.000000	0.000000	0.000000	0.000000	0.000000
1820	3	2	133.368744	0.000000	133.368744	2.302585	115	0.301550	0.061981	0.000000	0.000000	0.000000	0.000000	0.000000	0.000000
2320	5	2	186.918335	0.000000	186.918335	2.302585	115	0.122785	0.028741	0.000000	0.000000	0.000000	0.000000	0.000000	0.000000
2330	1	2	143.074921	0.000000	143.074921	2.302585	115	0.308956	0.061219	0.000000	0.000000	0.000000	0.000000	0.000000	0.000000
1850	4	2	106.084465	0.000000	106.084465	2.302585	115	0.371596	0.088771	0.000000	0.000000	0.000000	0.000000	0.000000	0.000000
1840	2	2	154.259659	0.000000	154.259659	2.302585	115	0.185043	0.055280	0.000000	0.000000	0.000000	0.000000	0.000000	0.000000
1830	3	2	128.909393	0.000000	128.909393	2.302585	115	0.396414	0.071140	0.000000	0.000000	0.000000	0.000000	0.000000	0.000000
2330	5	2	188.744324	0.000000	188.744324	2.302585	115	0.114960	0.024190	0.000000	0.000000	0.000000	0.000000	0.000000	0.000000
1850	2	2	157.408142	0.000000	157.408142	2.302585	115	0.184880	0.036969	0.000000	0.000000	0.000000	0.000000	0.000000	0.000000
2340	1	2	143.416855	0.000000	143.416855	2.302585	115	0.312101	0.062497	0.000000	0.000000	0.000000	0.000000	0.000000	0.000000
1860	4	2	110.772621	0.000000	110.772621	2.302585	115	0.350716	0.094718	0.000000	0.000000	0.000000	0.000000	0.000000	0.000000
1840	3	2	127.787262	0.000000	127.787262	2.302585	115	0.396077	0.077741	0.000000	0.000000	0.000000	0.000000	0.000000	0.000000
2340	5	2	188.727020	0.000000	188.727020	2.302585	115	0.133908	0.029259	0.000000	0.000000	0.000000	0.000000	0.000000	0.000000
1860	2	2	156.984711	0.000000	156.984711	2.302585	115	0.189834	0.048558	0.000000	0.000000	0.000000	0.000000	0.000000	0.000000
2350	1	2	144.047348	0.000000	144.047348	2.302585	115	0.307266	0.053403	0.000000	0.000000	0.000000	0.000000	0.000000	0.000000
1870	4	2	113.269035	0.000000	113.269035	2.302585	115	0.341952	0.098910	0.000000	0.000000	0.000000	0.000000	0.000000	0.000000
1850	3	2	128.354477	0.000000	128.354477	2.302585	115	0.381769	0.086924	0.000000	0.000000	0.000000	0.000000	0.000000	0.000000
2350	5	2	180.446243	0.000000	180.446243	2.302585	115	0.135331	0.034226	0.000000	0.000000	0.000000	0.000000	0.000000	0.000000
1870	2	2	157.443130	0.000000	157.443130	2.302585	115	0.189067	0.053698	0.000000	0.000000	0.000000	0.000000	0.000000	0.000000
2360	1	2	140.750305	0.000000	140.750305	2.302585	115	0.314081	0.056812	0.000000	0.000000	0.000000	0.000000	0.000000	0.000000
1880	4	2	112.542122	0.000000	112.542122	2.302585	115	0.342108	0.094953	0.000000	0.000000	0.000000	0.000000	0.000000	0.000000
1860	3	2	128.762314	0.000000	128.762314	2.302585	115	0.381498	0.086431	0.000000	0.000000	0.000000	0.000000	0.000000	0.000000
2360	5	2	180.003723	0.000000	180.003723	2.302585	115	0.135470	0.035659	0.000000	0.000000	0.000000	0.000000	0.000000	0.000000
1880	2	2	159.297958	0.000000	159.297958	2.302585	115	0.205472	0.044871	0.000000	0.000000	0.000000	0.000000	0.000000	0.000000
2370	1	2	143.040833	0.000000	143.040833	2.302585	115	0.308852	0.068036	0.000000	0.000000	0.000000	0.000000	0.000000	0.000000
1890	4	2	115.525246	0.000000	115.525246	2.302585	115	0.331710	0.089931	0.000000	0.000000	0.000000	0.000000	0.000000	0.000000
1870	3	2	128.573410	0.000000	128.573410	2.302585	115	0.381498	0.067530	0.000000	0.000000	0.000000	0.000000	0.000000	0.000000
2370	5	2	178.986374	0.000000	178.986374	2.302585	115	0.153734	0.041384	0.000000	0.000000	0.000000	0.000000	0.000000	0.000000
2380	1	2	136.286163	0.000000	136.286163	2.302585	115	0.335444	0.066181	0.000000	0.000000	0.000000	0.000000	0.000000	0.000000
1890	2	2	162.914108	0.000000	162.914108	2.302585	115	0.200847	0.045328	0.000000	0.000000	0.000000	0.000000	0.000000	0.000000
1900	4	2	115.057030	0.000000	115.057030	2.302585	115	0.331994	0.088329	0.000000	0.000000	0.000000	0.000000	0.000000	0.000000
1880	3	2	128.344009	0.000000	128.344009	2.302585	115	0.381432	0.077439	0.000000	0.000000	0.000000	0.000000	0.000000	0.000000
2380	5	2	178.823318	0.000000	178.823318	2.302585	115	0.151369	0.034967	0.000000	0.000000	0.000000	0.000000	0.000000	0.000000
2390	1	2	132.702255	0.000000	132.702255	2.302585	115	0.338765	0.066920	0.000000	0.000000	0.000000	0.000000	0.000000	0.000000
1900	2	2	163.841934	0.000000	163.841934	2.302585	115	0.197146	0.050430	0.000000	0.000000	0.000000	0.000000	0.000000	0.000000
1910	4	2	113.129967	0.000000	113.129967	2.302585	115	0.328620	0.087470	0.000000	0.000000	0.000000	0.000000	0.000000	0.000000
1890	3	2	130.211716	0.000000	130.211716	2.302585	115	0.369128	0.070083	0.000000	0.000000	0.000000	0.000000	0.000000	0.000000
2390	5	2	176.428360	0.000000	176.428360	2.302585	115	0.134207	0.043824	0.000000	0.000000	0.000000	0.000000	0.000000	0.000000
2400	1	2	129.390106	0.000000	129.390106	2.302585	115	0.347877	0.071636	0.000000	0.000000	0.000000	0.000000	0.000000	0.000000
1910	2	2	165.870819	0.000000	165.870819	2.302585	115	0.196381	0.042619	0.000000	0.000000	0.000000	0.000000	0.000000	0.000000
1920	4	2	119.215836	0.000000	119.215836	2.302585	115	0.324269	0.086760	0.000000	0.000000	0.000000	0.000000	0.000000	0.000000
1900	3	2	129.920837	0.000000	129.920837	2.302585	115	0.371092	0.088510	0.000000	0.000000	0.000000	0.000000	0.000000	0.000000
2400	5	2	180.163269	0.000000	180.163269	2.302585	115	0.128810	0.030589	0.000000	0.000000	0.000000	0.000000	0.000000	0.000000
2410	1	2	127.952988	0.000000	127.952988	2.302585	115	0.349400	0.079001	0.000000	0.000000	0.000000	0.000000	0.000000	0.000000
1930	4	2	120.689919	0.000000	120.689919	2.302585	115	0.302529	0.073690	0.000000	0.000000	0.000000	0.000000	0.000000	0.000000
1920	2	2	160.553787	0.000000	160.553787	2.302585	115	0.217843	0.042943	0.000000	0.000000	0.000000	0.000000	0.000000	0.000000
1910	3	2	131.051575	0.000000	131.051575	2.302585	115	0.361523	0.070422	0.000000	0.000000	0.000000	0.000000	0.000000	0.000000
2410	5	2	178.049225	0.000000	178.049225	2.302585	115	0.132698	0.041894	0.000000	0.000000	0.000000	0.000000	0.000000	0.000000
1930	2	2	160.028839	0.000000	160.028839	2.302585	115	0.219016	0.038853	0.000000	0.000000	0.000000	0.000000	0.000000	0.000000
1940	4	2	120.158310	0.000000	120.158310	2.302585	115	0.320675	0.089091	0.000000	0.000000	0.000000	0.000000	0.000000	0.000000
2420	1	2	135.925201	0.000000	135.925201	2.302585	115	0.325050	0.074351	0.000000	0.000000	0.000000	0.000000	0.000000	0.000000
1920	3	2	132.345535	0.000000	132.345535	2.302585	115	0.361779	0.076311	0.000000	0.000000	0.000000	0.000000	0.000000	0.000000
2420	5	2	181.368317	0.000000	181.368317	2.302585	115	0.128513	0.026215	0.000000	0.000000	0.000000	0.000000	0.000000	0.000000
1950	4	2	121.861183	0.000000	121.861183	2.302585	115	0.313859	0.081222	0.000000	0.000000	0.000000	0.000000	0.000000	0.000000
1940	2	2	159.886749	0.000000	159.886749	2.302585	115	0.218369	0.048704	0.000000	0.000000	0.000000	0.000000	0.000000	0.000000
1930	3	2	131.567688	0.000000	131.567688	2.302585	115	0.363949	0.078791	0.000000	0.000000	0.000000	0.000000	0.000000	0.000000
2430	1	2	138.481796	0.000000	138.481796	2.302585	115	0.285473	0.055047	0.000000	0.000000	0.000000	0.000000	0.000000	0.000000
2430	5	2	183.490082	0.000000	183.490082	2.302585	115	0.127099	0.032744	0.000000	0.000000	0.000000	0.000000	0.000000	0.000000
1960	4	2	119.250961	0.000000	119.250961	2.302585	115	0.337065	0.077133	0.000000	0.000000	0.000000	0.000000	0.000000	0.000000
1950	2	2	158.835983	0.000000	158.835983	2.302585	115	0.222568	0.043342	0.000000	0.000000	0.000000	0.000000	0.000000	0.000000
2440	1	2	143.090027	0.000000	143.090027	2.302585	115	0.283116	0.055904	0.000000	0.000000	0.000000	0.000000	0.000000	0.000000
1940	3	2	130.990005	0.000000	130.990005	2.302585	115	0.369536	0.077621	0.000000	0.000000	0.000000	0.000000	0.000000	0.000000
1970	4	2	116.093925	0.000000	116.093925	2.302585	115	0.350706	0.090476	0.000000	0.000000	0.000000	0.000000	0.000000	0.000000
2440	5	2	179.976059	0.000000	179.976059	2.302585	115	0.124746	0.023458	0.000000	0.000000	0.000000	0.000000	0.000000	0.000000
1960	2	2	155.888992	0.000000	155.888992	2.302585	115	0.227277	0.047587	0.000000	0.000000	0.000000	0.000000	0.000000	0.000000
2450	1	2	143.011551	0.000000	143.011551	2.302585	115	0.288341	0.065802	0.000000	0.000000	0.000000	0.000000	0.000000	0.000000
1950	3	2	131.099152	0.000000	131.099152	2.302585	115	0.366228	0.080889	0.000000	0.000000	0.000000	0.000000	0.000000	0.000000
1980	4	2	119.980766	0.000000	119.980766	2.302585	115	0.341707	0.077367	0.000000	0.000000	0.000000	0.000000	0.000000	0.000000
1970	2	2	156.295227	0.000000	156.295227	2.302585	115	0.226844	0.047541	0.000000	0.000000	0.000000	0.000000	0.000000	0.000000
2450	5	2	183.639435	0.000000	183.639435	2.302585	115	0.123792	0.022262	0.000000	0.000000	0.000000	0.000000	0.000000	0.000000
2460	1	2	144.448441	0.000000	144.448441	2.302585	115	0.262961	0.060596	0.000000	0.000000	0.000000	0.000000	0.000000	0.000000
1960	3	2	136.763580	0.000000	136.763580	2.302585	115	0.361904	0.065701	0.000000	0.000000	0.000000	0.000000	0.000000	0.000000
1990	4	2	119.268700	0.000000	119.268700	2.302585	115	0.364798	0.097412	0.000000	0.000000	0.000000	0.000000	0.000000	0.000000
2460	5	2	183.452072	0.000000	183.452072	2.302585	115	0.125235	0.035924	0.000000	0.000000	0.000000	0.000000	0.000000	0.000000
1980	2	2	154.082733	0.000000	154.082733	2.302585	115	0.226672	0.035783	0.000000	0.000000	0.000000	0.000000	0.000000	0.000000
2470	1	2	143.929688	0.000000	143.929688	2.302585	115	0.268523	0.060546	0.000000	0.000000	0.000000	0.000000	0.000000	0.000000
1970	3	2	132.330460	0.000000	132.330460	2.302585	115	0.366518	0.078386	0.000000	0.000000	0.000000	0.000000	0.000000	0.000000
2000	4	2	117.601730	0.000000	117.601730	2.302585	115	0.371784	0.088842	0.000000	0.000000	0.000000	0.000000	0.000000	0.000000
2470	5	2	189.316605	0.000000	189.316605	2.302585	115	0.111199	0.026719	0.000000	0.000000	0.000000	0.000000	0.000000	0.000000
1990	2	2	153.631134	0.000000	153.631134	2.302585	115	0.213108	0.051139	0.000000	0.000000	0.000000	0.000000	0.000000	0.000000
2480	1	2	143.072556	0.000000	143.072556	2.302585	115	0.268837	0.065303	0.000000	0.000000	0.000000	0.000000	0.000000	0.000000
1980	3	2	124.124710	0.000000	124.124710	2.302585	115	0.415869	0.083542	0.000000	0.000000	0.000000	0.000000	0.000000	0.000000
2010	4	2	119.968384	0.000000	119.968384	2.302585	115	0.368749	0.092914	0.000000	0.000000	0.000000	0.000000	0.000000	0.000000
2000	2	2	161.500092	0.000000	161.500092	2.302585	115	0.207886	0.051140	0.000000	0.000000	0.000000	0.000000	0.000000	0.000000
2480	5	2	191.646667	0.000000	191.646667	2.302585	115	0.112877	0.024432	0.000000	0.000000	0.000000	0.000000	0.000000	0.000000
2490	1	2	144.070114	0.000000	144.070114	2.302585	115	0.278927	0.061260	0.000000	0.000000	0.000000	0.000000	0.000000	0.000000
1990	3	2	118.386589	0.000000	118.386589	2.302585	115	0.449779	0.075991	0.000000	0.000000	0.000000	0.000000	0.000000	0.000000
2020	4	2	120.990929	0.000000	120.990929	2.302585	115	0.369591	0.078459	0.000000	0.000000	0.000000	0.000000	0.000000	0.000000
2490	5	2	196.336319	0.000000	196.336319	2.302585	115	0.108854	0.026821	0.000000	0.000000	0.000000	0.000000	0.000000	0.000000
2010	2	2	159.889908	0.000000	159.889908	2.302585	115	0.215939	0.047119	0.000000	0.000000	0.000000	0.000000	0.000000	0.000000
2500	1	2	132.243195	0.000000	132.243195	2.302585	115	0.334618	0.066113	0.000000	0.000000	0.000000	0.000000	0.000000	0.000000
2000	3	2	118.303833	0.000000	118.303833	2.302585	115	0.448527	0.095289	0.000000	0.000000	0.000000	0.000000	0.000000	0.000000
2500	5	2	197.245377	0.000000	197.245377	2.302585	115	0.108591	0.020454	0.000000	0.000000	0.000000	0.000000	0.000000	0.000000
2020	2	2	159.612228	0.000000	159.612228	2.302585	115	0.213185	0.049941	0.000000	0.000000	0.000000	0.000000	0.000000	0.000000
2030	4	2	117.986526	0.000000	117.986526	2.302585	115	0.464272	0.094575	0.000000	0.000000	0.000000	0.000000	0.000000	0.000000
2510	1	2	136.018311	0.000000	136.018311	2.302585	115	0.317862	0.066184	0.000000	0.000000	0.000000	0.000000	0.000000	0.000000
2010	3	2	114.914070	0.000000	114.914070	2.302585	115	0.456798	0.079963	0.000000	0.000000	0.000000	0.000000	0.000000	0.000000
2510	5	2	198.790451	0.000000	198.790451	2.302585	115	0.108213	0.020543	0.000000	0.000000	0.000000	0.000000	0.000000	0.000000
2030	2	2	165.565567	0.000000	165.565567	2.302585	115	0.208168	0.040719	0.000000	0.000000	0.000000	0.000000	0.000000	0.000000
2040	4	2	119.703918	0.000000	119.703918	2.302585	115	0.465268	0.097045	0.000000	0.000000	0.000000	0.000000	0.000000	0.000000
2520	1	2	137.960739	0.000000	137.960739	2.302585	115	0.315291	0.065877	0.000000	0.000000	0.000000	0.000000	0.000000	0.000000
2020	3	2	114.181290	0.000000	114.181290	2.302585	115	0.457198	0.092550	0.000000	0.000000	0.000000	0.000000	0.000000	0.000000
2520	5	2	197.814774	0.000000	197.814774	2.302585	115	0.108498	0.020754	0.000000	0.000000	0.000000	0.000000	0.000000	0.000000
2050	4	2	118.759911	0.000000	118.759911	2.302585	115	0.466614	0.093927	0.000000	0.000000	0.000000	0.000000	0.000000	0.000000
2040	2	2	164.819168	0.000000	164.819168	2.302585	115	0.227518	0.040002	0.000000	0.000000	0.000000	0.000000	0.000000	0.000000
2530	1	2	136.557205	0.000000	136.557205	2.302585	115	0.314792	0.084566	0.000000	0.000000	0.000000	0.000000	0.000000	0.000000
2030	3	2	113.106598	0.000000	113.106598	2.302585	115	0.455188	0.099632	0.000000	0.000000	0.000000	0.000000	0.000000	0.000000
2530	5	2	197.255188	0.000000	197.255188	2.302585	115	0.109687	0.025966	0.000000	0.000000	0.000000	0.000000	0.000000	0.000000
2060	4	2	123.790413	0.000000	123.790413	2.302585	115	0.430450	0.073750	0.000000	0.000000	0.000000	0.000000	0.000000	0.000000
2050	2	2	159.264359	0.000000	159.264359	2.302585	115	0.237293	0.044091	0.000000	0.000000	0.000000	0.000000	0.000000	0.000000
2540	1	2	134.324265	0.000000	134.324265	2.302585	115	0.315043	0.052406	0.000000	0.000000	0.000000	0.000000	0.000000	0.000000
2040	3	2	114.825592	0.000000	114.825592	2.302585	115	0.453699	0.096574	0.000000	0.000000	0.000000	0.000000	0.000000	0.000000
2540	5	2	193.044876	0.000000	193.044876	2.302585	115	0.111232	0.023721	0.000000	0.000000	0.000000	0.000000	0.000000	0.000000
2070	4	2	124.549088	0.000000	124.549088	2.302585	115	0.422688	0.083820	0.000000	0.000000	0.000000	0.000000	0.000000	0.000000
2060	2	2	161.458786	0.000000	161.458786	2.302585	115	0.221840	0.044535	0.000000	0.000000	0.000000	0.000000	0.000000	0.000000
2050	3	2	117.833969	0.000000	117.833969	2.302585	115	0.448995	0.089581	0.000000	0.000000	0.000000	0.000000	0.000000	0.000000
2550	1	2	141.033096	0.000000	141.033096	2.302585	115	0.311107	0.057814	0.000000	0.000000	0.000000	0.000000	0.000000	0.000000
2080	4	2	122.033302	0.000000	122.033302	2.302585	115	0.425979	0.089173	0.000000	0.000000	0.000000	0.000000	0.000000	0.000000
2550	5	2	194.301590	0.000000	194.301590	2.302585	115	0.101659	0.022503	0.000000	0.000000	0.000000	0.000000	0.000000	0.000000
2070	2	2	161.215866	0.000000	161.215866	2.302585	115	0.221894	0.042597	0.000000	0.000000	0.000000	0.000000	0.000000	0.000000
2060	3	2	118.605507	0.000000	118.605507	2.302585	115	0.444996	0.094568	0.000000	0.000000	0.000000	0.000000	0.000000	0.000000
2560	1	2	141.884323	0.000000	141.884323	2.302585	115	0.309699	0.052303	0.000000	0.000000	0.000000	0.000000	0.000000	0.000000
2560	5	2	192.333008	0.000000	192.333008	2.302585	115	0.081030	0.029047	0.000000	0.000000	0.000000	0.000000	0.000000	0.000000
2080	2	2	162.177048	0.000000	162.177048	2.302585	115	0.221767	0.041564	0.000000	0.000000	0.000000	0.000000	0.000000	0.000000
2090	4	2	127.931435	0.000000	127.931435	2.302585	115	0.382915	0.078053	0.000000	0.000000	0.000000	0.000000	0.000000	0.000000
2070	3	2	118.370094	0.000000	118.370094	2.302585	115	0.444848	0.072983	0.000000	0.000000	0.000000	0.000000	0.000000	0.000000
2570	1	2	142.422516	0.000000	142.422516	2.302585	115	0.308344	0.073132	0.000000	0.000000	0.000000	0.000000	0.000000	0.000000
2570	5	2	183.447144	0.000000	183.447144	2.302585	115	0.089844	0.035466	0.000000	0.000000	0.000000	0.000000	0.000000	0.000000
2100	4	2	127.639145	0.000000	127.639145	2.302585	115	0.371969	0.076588	0.000000	0.000000	0.000000	0.000000	0.000000	0.000000
2090	2	2	167.459015	0.000000	167.459015	2.302585	115	0.208549	0.031586	0.000000	0.000000	0.000000	0.000000	0.000000	0.000000
2080	3	2	118.171249	0.000000	118.171249	2.302585	115	0.446048	0.090818	0.000000	0.000000	0.000000	0.000000	0.000000	0.000000
2580	1	2	149.812759	0.000000	149.812759	2.302585	115	0.294701	0.053374	0.000000	0.000000	0.000000	0.000000	0.000000	0.000000
2110	4	2	126.155373	0.000000	126.155373	2.302585	115	0.373562	0.072106	0.000000	0.000000	0.000000	0.000000	0.000000	0.000000
2580	5	2	182.630692	0.000000	182.630692	2.302585	115	0.100690	0.027586	0.000000	0.000000	0.000000	0.000000	0.000000	0.000000
2100	2	2	170.202652	0.000000	170.202652	2.302585	115	0.236091	0.043924	0.000000	0.000000	0.000000	0.000000	0.000000	0.000000
2590	1	2	147.722183	0.000000	147.722183	2.302585	115	0.214273	0.053314	0.000000	0.000000	0.000000	0.000000	0.000000	0.000000
2090	3	2	118.527115	0.000000	118.527115	2.302585	115	0.433581	0.069859	0.000000	0.000000	0.000000	0.000000	0.000000	0.000000
2120	4	2	126.950623	0.000000	126.950623	2.302585	115	0.374077	0.083378	0.000000	0.000000	0.000000	0.000000	0.000000	0.000000
2590	5	2	183.548920	0.000000	183.548920	2.302585	115	0.123713	0.026356	0.000000	0.000000	0.000000	0.000000	0.000000	0.000000
2110	2	2	169.255493	0.000000	169.255493	2.302585	115	0.242655	0.045449	0.000000	0.000000	0.000000	0.000000	0.000000	0.000000
2600	1	2	150.369766	0.000000	150.369766	2.302585	115	0.230744	0.047092	0.000000	0.000000	0.000000	0.000000	0.000000	0.000000
2100	3	2	119.316101	0.000000	119.316101	2.302585	115	0.439281	0.094133	0.000000	0.000000	0.000000	0.000000	0.000000	0.000000
2130	4	2	126.510056	0.000000	126.510056	2.302585	115	0.376651	0.081337	0.000000	0.000000	0.000000	0.000000	0.000000	0.000000
2600	5	2	180.941238	0.000000	180.941238	2.302585	115	0.127224	0.028549	0.000000	0.000000	0.000000	0.000000	0.000000	0.000000
2120	2	2	166.596817	0.000000	166.596817	2.302585	115	0.247593	0.040733	0.000000	0.000000	0.000000	0.000000	0.000000	0.000000
2610	1	2	151.718796	0.000000	151.718796	2.302585	115	0.223854	0.045995	0.000000	0.000000	0.000000	0.000000	0.000000	0.000000
2110	3	2	112.816124	0.000000	112.816124	2.302585	115	0.464431	0.089320	0.000000	0.000000	0.000000	0.000000	0.000000	0.000000
2140	4	2	123.334282	0.000000	123.334282	2.302585	115	0.386447	0.084408	0.000000	0.000000	0.000000	0.000000	0.000000	0.000000
2130	2	2	166.684753	0.000000	166.684753	2.302585	115	0.249102	0.035108	0.000000	0.000000	0.000000	0.000000	0.000000	0.000000
2610	5	2	177.024567	0.000000	177.024567	2.302585	115	0.130396	0.034238	0.000000	0.000000	0.000000	0.000000	0.000000	0.000000
2620	1	2	150.124481	0.000000	150.124481	2.302585	115	0.223843	0.053497	0.000000	0.000000	0.000000	0.000000	0.000000	0.000000
2120	3	2	112.273705	0.000000	112.273705	2.302585	115	0.467114	0.099230	0.000000	0.000000	0.000000	0.000000	0.000000	0.000000
2150	4	2	122.986313	0.000000	122.986313	2.302585	115	0.370580	0.082866	0.000000	0.000000	0.000000	0.000000	0.000000	0.000000
2620	5	2	179.388779	0.000000	179.388779	2.302585	115	0.131652	0.031416	0.000000	0.000000	0.000000	0.000000	0.000000	0.000000
2140	2	2	172.199448	0.000000	172.199448	2.302585	115	0.223697	0.033221	0.000000	0.000000	0.000000	0.000000	0.000000	0.000000
2130	3	2	111.630219	0.000000	111.630219	2.302585	115	0.467794	0.088902	0.000000	0.000000	0.000000	0.000000	0.000000	0.000000
2630	1	2	148.400696	0.000000	148.400696	2.302585	115	0.226328	0.065236	0.000000	0.000000	0.000000	0.000000	0.000000	0.000000
2160	4	2	127.405724	0.000000	127.405724	2.302585	115	0.368274	0.061802	0.000000	0.000000	0.000000	0.000000	0.000000	0.000000
2150	2	2	169.761932	0.000000	169.761932	2.302585	115	0.235374	0.038499	0.000000	0.000000	0.000000	0.000000	0.000000	0.000000
2630	5	2	178.191788	0.000000	178.191788	2.302585	115	0.131751	0.031723	0.000000	0.000000	0.000000	0.000000	0.000000	0.000000
2140	3	2	111.987045	0.000000	111.987045	2.302585	115	0.467717	0.096481	0.000000	0.000000	0.000000	0.000000	0.000000	0.000000
2640	1	2	150.946579	0.000000	150.946579	2.302585	115	0.222562	0.046318	0.000000	0.000000	0.000000	0.000000	0.000000	0.000000
2170	4	2	128.945602	0.000000	128.945602	2.302585	115	0.367689	0.079695	0.000000	0.000000	0.000000	0.000000	0.000000	0.000000
2160	2	2	161.090805	0.000000	161.090805	2.302585	115	0.238396	0.040621	0.000000	0.000000	0.000000	0.000000	0.000000	0.000000
2640	5	2	179.020889	0.000000	179.020889	2.302585	115	0.129233	0.036163	0.000000	0.000000	0.000000	0.000000	0.000000	0.000000
2150	3	2	113.054626	0.000000	113.054626	2.302585	115	0.465532	0.097430	0.000000	0.000000	0.000000	0.000000	0.000000	0.000000
2650	1	2	150.375717	0.000000	150.375717	2.302585	115	0.221861	0.063924	0.000000	0.000000	0.000000	0.000000	0.000000	0.000000
2180	4	2	127.692261	0.000000	127.692261	2.302585	115	0.362827	0.061264	0.000000	0.000000	0.000000	0.000000	0.000000	0.000000
2650	5	2	180.275085	0.000000	180.275085	2.302585	115	0.128561	0.033415	0.000000	0.000000	0.000000	0.000000	0.000000	0.000000
2170	2	2	161.280029	0.000000	161.280029	2.302585	115	0.237254	0.041314	0.000000	0.000000	0.000000	0.000000	0.000000	0.000000
2160	3	2	116.817841	0.000000	116.817841	2.302585	115	0.453375	0.084952	0.000000	0.000000	0.000000	0.000000	0.000000	0.000000
2660	1	2	153.790695	0.000000	153.790695	2.302585	115	0.219950	0.053559	0.000000	0.000000	0.000000	0.000000	0.000000	0.000000
2190	4	2	131.881546	0.000000	131.881546	2.302585	115	0.259361	0.086235	0.000000	0.000000	0.000000	0.000000	0.000000	0.000000
2660	5	2	179.649216	0.000000	179.649216	2.302585	115	0.132414	0.026308	0.000000	0.000000	0.000000	0.000000	0.000000	0.000000
2170	3	2	116.292389	0.000000	116.292389	2.302585	115	0.453719	0.086088	0.000000	0.000000	0.000000	0.000000	0.000000	0.000000
2180	2	2	160.633972	0.000000	160.633972	2.302585	115	0.217737	0.041885	0.000000	0.000000	0.000000	0.000000	0.000000	0.000000
2670	1	2	148.378708	0.000000	148.378708	2.302585	115	0.227027	0.053248	0.000000	0.000000	0.000000	0.000000	0.000000	0.000000
2200	4	2	128.237930	0.000000	128.237930	2.302585	115	0.267593	0.083260	0.000000	0.000000	0.000000	0.000000	0.000000	0.000000
2680	1	2	147.092941	0.000000	147.092941	2.302585	115	0.224304	0.048462	0.000000	0.000000	0.000000	0.000000	0.000000	0.000000
2190	2	2	164.277328	0.000000	164.277328	2.302585	115	0.217223	0.048343	0.000000	0.000000	0.000000	0.000000	0.000000	0.000000
2180	3	2	119.512924	0.000000	119.512924	2.302585	115	0.418875	0.093722	0.000000	0.000000	0.000000	0.000000	0.000000	0.000000
2670	5	2	179.298782	0.000000	179.298782	2.302585	115	0.126533	0.031766	0.000000	0.000000	0.000000	0.000000	0.000000	0.000000
2210	4	2	129.161560	0.000000	129.161560	2.302585	115	0.267261	0.068165	0.000000	0.000000	0.000000	0.000000	0.000000	0.000000
2690	1	2	152.274231	0.000000	152.274231	2.302585	115	0.213782	0.054829	0.000000	0.000000	0.000000	0.000000	0.000000	0.000000
2680	5	2	175.158478	0.000000	175.158478	2.302585	115	0.125717	0.040906	0.000000	0.000000	0.000000	0.000000	0.000000	0.000000
2190	3	2	123.812111	0.000000	123.812111	2.302585	115	0.406397	0.073784	0.000000	0.000000	0.000000	0.000000	0.000000	0.000000
2200	2	2	164.388229	0.000000	164.388229	2.302585	115	0.217184	0.045040	0.000000	0.000000	0.000000	0.000000	0.000000	0.000000
2220	4	2	125.725014	0.000000	125.725014	2.302585	115	0.269337	0.093726	0.000000	0.000000	0.000000	0.000000	0.000000	0.000000
2700	1	2	156.031525	0.000000	156.031525	2.302585	115	0.205454	0.053908	0.000000	0.000000	0.000000	0.000000	0.000000	0.000000
2690	5	2	178.015854	0.000000	178.015854	2.302585	115	0.126279	0.031725	0.000000	0.000000	0.000000	0.000000	0.000000	0.000000
2210	2	2	165.248688	0.000000	165.248688	2.302585	115	0.219024	0.039138	0.000000	0.000000	0.000000	0.000000	0.000000	0.000000
2200	3	2	118.132965	0.000000	118.132965	2.302585	115	0.417879	0.079035	0.000000	0.000000	0.000000	0.000000	0.000000	0.000000
2230	4	2	125.754730	0.000000	125.754730	2.302585	115	0.270233	0.074456	0.000000	0.000000	0.000000	0.000000	0.000000	0.000000
2710	1	2	158.467346	0.000000	158.467346	2.302585	115	0.188184	0.049801	0.000000	0.000000	0.000000	0.000000	0.000000	0.000000
2700	5	2	180.973389	0.000000	180.973389	2.302585	115	0.126952	0.025968	0.000000	0.000000	0.000000	0.000000	0.000000	0.000000
2220	2	2	162.955017	0.000000	162.955017	2.302585	115	0.171342	0.049260	0.000000	0.000000	0.000000	0.000000	0.000000	0.000000
2210	3	2	120.442596	0.000000	120.442596	2.302585	115	0.445795	0.091735	0.000000	0.000000	0.000000	0.000000	0.000000	0.000000
2240	4	2	124.799408	0.000000	124.799408	2.302585	115	0.273639	0.084513	0.000000	0.000000	0.000000	0.000000	0.000000	0.000000
2720	1	2	157.853287	0.000000	157.853287	2.302585	115	0.205345	0.050503	0.000000	0.000000	0.000000	0.000000	0.000000	0.000000
2710	5	2	183.194244	0.000000	183.194244	2.302585	115	0.123199	0.031387	0.000000	0.000000	0.000000	0.000000	0.000000	0.000000
2230	2	2	160.499374	0.000000	160.499374	2.302585	115	0.175490	0.042237	0.000000	0.000000	0.000000	0.000000	0.000000	0.000000
2220	3	2	118.074783	0.000000	118.074783	2.302585	115	0.446838	0.098274	0.000000	0.000000	0.000000	0.000000	0.000000	0.000000
2730	1	2	158.105652	0.000000	158.105652	2.302585	115	0.202805	0.049792	0.000000	0.000000	0.000000	0.000000	0.000000	0.000000
2250	4	2	120.339500	0.000000	120.339500	2.302585	115	0.280538	0.091869	0.000000	0.000000	0.000000	0.000000	0.000000	0.000000
2720	5	2	187.809555	0.000000	187.809555	2.302585	115	0.102710	0.024839	0.000000	0.000000	0.000000	0.000000	0.000000	0.000000
2240	2	2	161.455307	0.000000	161.455307	2.302585	115	0.210079	0.051024	0.000000	0.000000	0.000000	0.000000	0.000000	0.000000
2230	3	2	121.090866	0.000000	121.090866	2.302585	115	0.444212	0.082172	0.000000	0.000000	0.000000	0.000000	0.000000	0.000000
2740	1	2	156.346313	0.000000	156.346313	2.302585	115	0.204667	0.053557	0.000000	0.000000	0.000000	0.000000	0.000000	0.000000
2730	5	2	182.793472	0.000000	182.793472	2.302585	115	0.107008	0.035429	0.000000	0.000000	0.000000	0.000000	0.000000	0.000000
2260	4	2	123.502266	0.000000	123.502266	2.302585	115	0.269853	0.086623	0.000000	0.000000	0.000000	0.000000	0.000000	0.000000
2250	2	2	158.714966	0.000000	158.714966	2.302585	115	0.215687	0.045965	0.000000	0.000000	0.000000	0.000000	0.000000	0.000000
2240	3	2	119.696205	0.000000	119.696205	2.302585	115	0.447145	0.091369	0.000000	0.000000	0.000000	0.000000	0.000000	0.000000
2750	1	2	153.851791	0.000000	153.851791	2.302585	115	0.206081	0.051825	0.000000	0.000000	0.000000	0.000000	0.000000	0.000000
2270	4	2	126.244156	0.000000	126.244156	2.302585	115	0.269241	0.072732	0.000000	0.000000	0.000000	0.000000	0.000000	0.000000
2260	2	2	160.051071	0.000000	160.051071	2.302585	115	0.213003	0.038195	0.000000	0.000000	0.000000	0.000000	0.000000	0.000000
2250	3	2	120.934769	0.000000	120.934769	2.302585	115	0.445220	0.087641	0.000000	0.000000	0.000000	0.000000	0.000000	0.000000
2740	5	2	188.068893	0.000000	188.068893	2.302585	115	0.099319	0.025364	0.000000	0.000000	0.000000	0.000000	0.000000	0.000000
2760	1	2	154.458099	0.000000	154.458099	2.302585	115	0.206802	0.055752	0.000000	0.000000	0.000000	0.000000	0.000000	0.000000
2280	4	2	121.673386	0.000000	121.673386	2.302585	115	0.339963	0.094151	0.000000	0.000000	0.000000	0.000000	0.000000	0.000000
2270	2	2	159.152359	0.000000	159.152359	2.302585	115	0.243853	0.057951	0.000000	0.000000	0.000000	0.000000	0.000000	0.000000
2260	3	2	118.900070	0.000000	118.900070	2.302585	115	0.448040	0.089616	0.000000	0.000000	0.000000	0.000000	0.000000	0.000000
2750	5	2	182.255096	0.000000	182.255096	2.302585	115	0.101476	0.022389	0.000000	0.000000	0.000000	0.000000	0.000000	0.000000
2290	4	2	120.273819	0.000000	120.273819	2.302585	115	0.340308	0.086732	0.000000	0.000000	0.000000	0.000000	0.000000	0.000000
2270	3	2	111.926781	0.000000	111.926781	2.302585	115	0.469380	0.086060	0.000000	0.000000	0.000000	0.000000	0.000000	0.000000
2770	1	2	157.127686	0.000000	157.127686	2.302585	115	0.127010	0.043222	0.000000	0.000000	0.000000	0.000000	0.000000	0.000000
2280	2	2	151.077637	0.000000	151.077637	2.302585	115	0.242940	0.066537	0.000000	0.000000	0.000000	0.000000	0.000000	0.000000
2760	5	2	182.107773	0.000000	182.107773	2.302585	115	0.103331	0.032198	0.000000	0.000000	0.000000	0.000000	0.000000	0.000000
2780	1	2	156.208038	0.000000	156.208038	2.302585	115	0.127010	0.044330	0.000000	0.000000	0.000000	0.000000	0.000000	0.000000
2300	4	2	123.083626	0.000000	123.083626	2.302585	115	0.334644	0.076502	0.000000	0.000000	0.000000	0.000000	0.000000	0.000000
2290	2	2	155.307114	0.000000	155.307114	2.302585	115	0.231418	0.045154	0.000000	0.000000	0.000000	0.000000	0.000000	0.000000
2280	3	2	114.260376	0.000000	114.260376	2.302585	115	0.460503	0.084088	0.000000	0.000000	0.000000	0.000000	0.000000	0.000000
2770	5	2	177.509369	0.000000	177.509369	2.302585	115	0.104235	0.033381	0.000000	0.000000	0.000000	0.000000	0.000000	0.000000
2790	1	2	150.637589	0.000000	150.637589	2.302585	115	0.201347	0.048488	0.000000	0.000000	0.000000	0.000000	0.000000	0.000000
2290	3	2	112.641052	0.000000	112.641052	2.302585	115	0.464114	0.089950	0.000000	0.000000	0.000000	0.000000	0.000000	0.000000
2300	2	2	154.929688	0.000000	154.929688	2.302585	115	0.203091	0.046458	0.000000	0.000000	0.000000	0.000000	0.000000	0.000000
2310	4	2	123.410629	0.000000	123.410629	2.302585	115	0.332267	0.083698	0.000000	0.000000	0.000000	0.000000	0.000000	0.000000
2780	5	2	179.503372	0.000000	179.503372	2.302585	115	0.130919	0.034650	0.000000	0.000000	0.000000	0.000000	0.000000	0.000000
2800	1	2	148.534775	0.000000	148.534775	2.302585	115	0.205475	0.057896	0.000000	0.000000	0.000000	0.000000	0.000000	0.000000
2300	3	2	112.899864	0.000000	112.899864	2.302585	115	0.464757	0.095480	0.000000	0.000000	0.000000	0.000000	0.000000	0.000000
2790	5	2	175.518967	0.000000	175.518967	2.302585	115	0.136004	0.033393	0.000000	0.000000	0.000000	0.000000	0.000000	0.000000
2320	4	2	122.574844	0.000000	122.574844	2.302585	115	0.303426	0.083192	0.000000	0.000000	0.000000	0.000000	0.000000	0.000000
2310	2	2	154.090134	0.000000	154.090134	2.302585	115	0.204579	0.057094	0.000000	0.000000	0.000000	0.000000	0.000000	0.000000
2810	1	2	148.869507	0.000000	148.869507	2.302585	115	0.205369	0.064838	0.000000	0.000000	0.000000	0.000000	0.000000	0.000000
2310	3	2	114.502007	0.000000	114.502007	2.302585	115	0.403556	0.089821	0.000000	0.000000	0.000000	0.000000	0.000000	0.000000
2320	2	2	152.674591	0.000000	152.674591	2.302585	115	0.206023	0.052263	0.000000	0.000000	0.000000	0.000000	0.000000	0.000000
2330	4	2	120.944588	0.000000	120.944588	2.302585	115	0.314704	0.091940	0.000000	0.000000	0.000000	0.000000	0.000000	0.000000
2800	5	2	172.729568	0.000000	172.729568	2.302585	115	0.135493	0.036283	0.000000	0.000000	0.000000	0.000000	0.000000	0.000000
2820	1	2	150.462982	0.000000	150.462982	2.302585	115	0.209140	0.055657	0.000000	0.000000	0.000000	0.000000	0.000000	0.000000
2330	2	2	151.362732	0.000000	151.362732	2.302585	115	0.259705	0.040971	0.000000	0.000000	0.000000	0.000000	0.000000	0.000000
2320	3	2	111.060745	0.000000	111.060745	2.302585	115	0.408490	0.095969	0.000000	0.000000	0.000000	0.000000	0.000000	0.000000
2340	4	2	121.689659	0.000000	121.689659	2.302585	115	0.304095	0.085396	0.000000	0.000000	0.000000	0.000000	0.000000	0.000000
2810	5	2	170.593597	0.000000	170.593597	2.302585	115	0.138066	0.034486	0.000000	0.000000	0.000000	0.000000	0.000000	0.000000
2830	1	2	146.712280	0.000000	146.712280	2.302585	115	0.212160	0.057792	0.000000	0.000000	0.000000	0.000000	0.000000	0.000000
2330	3	2	106.415985	0.000000	106.415985	2.302585	115	0.413118	0.080138	0.000000	0.000000	0.000000	0.000000	0.000000	0.000000
2350	4	2	121.272507	0.000000	121.272507	2.302585	115	0.300841	0.080439	0.000000	0.000000	0.000000	0.000000	0.000000	0.000000
2340	2	2	150.353485	0.000000	150.353485	2.302585	115	0.255148	0.070277	0.000000	0.000000	0.000000	0.000000	0.000000	0.000000
2820	5	2	170.362701	0.000000	170.362701	2.302585	115	0.143935	0.033206	0.000000	0.000000	0.000000	0.000000	0.000000	0.000000
2840	1	2	141.050446	0.000000	141.050446	2.302585	115	0.213130	0.086577	0.000000	0.000000	0.000000	0.000000	0.000000	0.000000
2360	4	2	122.413986	0.000000	122.413986	2.302585	115	0.296431	0.085320	0.000000	0.000000	0.000000	0.000000	0.000000	0.000000
2340	3	2	112.129913	0.000000	112.129913	2.302585	115	0.398557	0.087575	0.000000	0.000000	0.000000	0.000000	0.000000	0.000000
2350	2	2	155.494537	0.000000	155.494537	2.302585	115	0.255052	0.047871	0.000000	0.000000	0.000000	0.000000	0.000000	0.000000
2830	5	2	169.266083	0.000000	169.266083	2.302585	115	0.142510	0.036734	0.000000	0.000000	0.000000	0.000000	0.000000	0.000000
2370	4	2	126.851395	0.000000	126.851395	2.302585	115	0.282646	0.087103	0.000000	0.000000	0.000000	0.000000	0.000000	0.000000
2850	1	2	140.782043	0.000000	140.782043	2.302585	115	0.225227	0.052898	0.000000	0.000000	0.000000	0.000000	0.000000	0.000000
2360	2	2	159.870697	0.000000	159.870697	2.302585	115	0.251194	0.041804	0.000000	0.000000	0.000000	0.000000	0.000000	0.000000
2840	5	2	173.432526	0.000000	173.432526	2.302585	115	0.166604	0.035918	0.000000	0.000000	0.000000	0.000000	0.000000	0.000000
2350	3	2	116.316170	0.000000	116.316170	2.302585	115	0.390572	0.095365	0.000000	0.000000	0.000000	0.000000	0.000000	0.000000
2380	4	2	129.256546	0.000000	129.256546	2.302585	115	0.287043	0.076830	0.000000	0.000000	0.000000	0.000000	0.000000	0.000000
2850	5	2	169.866364	0.000000	169.866364	2.302585	115	0.174170	0.040968	0.000000	0.000000	0.000000	0.000000	0.000000	0.000000
2860	1	2	145.313583	0.000000	145.313583	2.302585	115	0.223041	0.051230	0.000000	0.000000	0.000000	0.000000	0.000000	0.000000
2370	2	2	158.168533	0.000000	158.168533	2.302585	115	0.254238	0.040362	0.000000	0.000000	0.000000	0.000000	0.000000	0.000000
2360	3	2	118.060371	0.000000	118.060371	2.302585	115	0.387381	0.092306	0.000000	0.000000	0.000000	0.000000	0.000000	0.000000
2390	4	2	130.789490	0.000000	130.789490	2.302585	115	0.282842	0.066163	0.000000	0.000000	0.000000	0.000000	0.000000	0.000000
2870	1	2	146.116699	0.000000	146.116699	2.302585	115	0.223241	0.060540	0.000000	0.000000	0.000000	0.000000	0.000000	0.000000
2380	2	2	157.749695	0.000000	157.749695	2.302585	115	0.260422	0.048371	0.000000	0.000000	0.000000	0.000000	0.000000	0.000000
2370	3	2	117.848221	0.000000	117.848221	2.302585	115	0.354828	0.078307	0.000000	0.000000	0.000000	0.000000	0.000000	0.000000
2860	5	2	164.460632	0.000000	164.460632	2.302585	115	0.177933	0.050150	0.000000	0.000000	0.000000	0.000000	0.000000	0.000000
2400	4	2	136.014252	0.000000	136.014252	2.302585	115	0.275761	0.062798	0.000000	0.000000	0.000000	0.000000	0.000000	0.000000
2390	2	2	155.798492	0.000000	155.798492	2.302585	115	0.260563	0.054169	0.000000	0.000000	0.000000	0.000000	0.000000	0.000000
2380	3	2	117.065758	0.000000	117.065758	2.302585	115	0.356940	0.079323	0.000000	0.000000	0.000000	0.000000	0.000000	0.000000
2880	1	2	145.204315	0.000000	145.204315	2.302585	115	0.227846	0.060323	0.000000	0.000000	0.000000	0.000000	0.000000	0.000000
2870	5	2	158.569992	0.000000	158.569992	2.302585	115	0.189153	0.045346	0.000000	0.000000	0.000000	0.000000	0.000000	0.000000
2410	4	2	140.826492	0.000000	140.826492	2.302585	115	0.256944	0.068207	0.000000	0.000000	0.000000	0.000000	0.000000	0.000000
2390	3	2	119.241333	0.000000	119.241333	2.302585	115	0.361491	0.092840	0.000000	0.000000	0.000000	0.000000	0.000000	0.000000
2400	2	2	162.093399	0.000000	162.093399	2.302585	115	0.150304	0.042417	0.000000	0.000000	0.000000	0.000000	0.000000	0.000000
2880	5	2	162.449738	0.000000	162.449738	2.302585	115	0.190391	0.040429	0.000000	0.000000	0.000000	0.000000	0.000000	0.000000
2890	1	2	144.747162	0.000000	144.747162	2.302585	115	0.232635	0.060501	0.000000	0.000000	0.000000	0.000000	0.000000	0.000000
2420	4	2	142.597626	0.000000	142.597626	2.302585	115	0.254267	0.060583	0.000000	0.000000	0.000000	0.000000	0.000000	0.000000
2410	2	2	168.617676	0.000000	168.617676	2.302585	115	0.148264	0.033206	0.000000	0.000000	0.000000	0.000000	0.000000	0.000000
2900	1	2	146.781418	0.000000	146.781418	2.302585	115	0.212796	0.054961	0.000000	0.000000	0.000000	0.000000	0.000000	0.000000
2400	3	2	113.211807	0.000000	113.211807	2.302585	115	0.399659	0.098493	0.000000	0.000000	0.000000	0.000000	0.000000	0.000000
2890	5	2	163.023148	0.000000	163.023148	2.302585	115	0.183724	0.036145	0.000000	0.000000	0.000000	0.000000	0.000000	0.000000
2420	2	2	171.839493	0.000000	171.839493	2.302585	115	0.143214	0.032954	0.000000	0.000000	0.000000	0.000000	0.000000	0.000000
2430	4	2	136.982742	0.000000	136.982742	2.302585	115	0.426279	0.082814	0.000000	0.000000	0.000000	0.000000	0.000000	0.000000
2910	1	2	142.654938	0.000000	142.654938	2.302585	115	0.220017	0.052386	0.000000	0.000000	0.000000	0.000000	0.000000	0.000000
2410	3	2	114.352699	0.000000	114.352699	2.302585	115	0.397848	0.082624	0.000000	0.000000	0.000000	0.000000	0.000000	0.000000
2900	5	2	161.300644	0.000000	161.300644	2.302585	115	0.184901	0.040599	0.000000	0.000000	0.000000	0.000000	0.000000	0.000000
2430	2	2	172.096542	0.000000	172.096542	2.302585	115	0.141314	0.035734	0.000000	0.000000	0.000000	0.000000	0.000000	0.000000
2440	4	2	137.122421	0.000000	137.122421	2.302585	115	0.427043	0.069651	0.000000	0.000000	0.000000	0.000000	0.000000	0.000000
2920	1	2	142.345642	0.000000	142.345642	2.302585	115	0.220884	0.064812	0.000000	0.000000	0.000000	0.000000	0.000000	0.000000
2420	3	2	111.626266	0.000000	111.626266	2.302585	115	0.395267	0.084906	0.000000	0.000000	0.000000	0.000000	0.000000	0.000000
2910	5	2	159.982391	0.000000	159.982391	2.302585	115	0.220657	0.040385	0.000000	0.000000	0.000000	0.000000	0.000000	0.000000
2440	2	2	169.286560	0.000000	169.286560	2.302585	115	0.143213	0.040691	0.000000	0.000000	0.000000	0.000000	0.000000	0.000000
2450	4	2	131.580963	0.000000	131.580963	2.302585	115	0.430229	0.097896	0.000000	0.000000	0.000000	0.000000	0.000000	0.000000
2930	1	2	139.230286	0.000000	139.230286	2.302585	115	0.285199	0.056409	0.000000	0.000000	0.000000	0.000000	0.000000	0.000000
2430	3	2	110.693642	0.000000	110.693642	2.302585	115	0.401984	0.098326	0.000000	0.000000	0.000000	0.000000	0.000000	0.000000
2920	5	2	160.751190	0.000000	160.751190	2.302585	115	0.205125	0.042204	0.000000	0.000000	0.000000	0.000000	0.000000	0.000000
2450	2	2	167.007858	0.000000	167.007858	2.302585	115	0.144763	0.040578	0.000000	0.000000	0.000000	0.000000	0.000000	0.000000
2460	4	2	129.129959	0.000000	129.129959	2.302585	115	0.437138	0.083896	0.000000	0.000000	0.000000	0.000000	0.000000	0.000000
2940	1	2	137.751694	0.000000	137.751694	2.302585	115	0.285869	0.071457	0.000000	0.000000	0.000000	0.000000	0.000000	0.000000
2930	5	2	162.867157	0.000000	162.867157	2.302585	115	0.203152	0.038713	0.000000	0.000000	0.000000	0.000000	0.000000	0.000000
2440	3	2	109.024521	0.000000	109.024521	2.302585	115	0.401623	0.096863	0.000000	0.000000	0.000000	0.000000	0.000000	0.000000
2460	2	2	162.632126	0.000000	162.632126	2.302585	115	0.165709	0.044923	0.000000	0.000000	0.000000	0.000000	0.000000	0.000000
2470	4	2	129.340271	0.000000	129.340271	2.302585	115	0.459086	0.083978	0.000000	0.000000	0.000000	0.000000	0.000000	0.000000
2940	5	2	159.059738	0.000000	159.059738	2.302585	115	0.206656	0.041202	0.000000	0.000000	0.000000	0.000000	0.000000	0.000000
2950	1	2	138.797241	0.000000	138.797241	2.302585	115	0.284062	0.076364	0.000000	0.000000	0.000000	0.000000	0.000000	0.000000
2450	3	2	111.199883	0.000000	111.199883	2.302585	115	0.410746	0.091499	0.000000	0.000000	0.000000	0.000000	0.000000	0.000000
2470	2	2	162.153229	0.000000	162.153229	2.302585	115	0.166061	0.040441	0.000000	0.000000	0.000000	0.000000	0.000000	0.000000
2480	4	2	131.361679	0.000000	131.361679	2.302585	115	0.309877	0.076398	0.000000	0.000000	0.000000	0.000000	0.000000	0.000000
2950	5	2	158.854523	0.000000	158.854523	2.302585	115	0.197949	0.043924	0.000000	0.000000	0.000000	0.000000	0.000000	0.000000
2960	1	2	142.902603	0.000000	142.902603	2.302585	115	0.278512	0.063061	0.000000	0.000000	0.000000	0.000000	0.000000	0.000000
2460	3	2	111.657806	0.000000	111.657806	2.302585	115	0.403167	0.078329	0.000000	0.000000	0.000000	0.000000	0.000000	0.000000
2480	2	2	159.874771	0.000000	159.874771	2.302585	115	0.171224	0.041033	0.000000	0.000000	0.000000	0.000000	0.000000	0.000000
2490	4	2	131.851944	0.000000	131.851944	2.302585	115	0.303261	0.076314	0.000000	0.000000	0.000000	0.000000	0.000000	0.000000
2970	1	2	141.810944	0.000000	141.810944	2.302585	115	0.281259	0.062778	0.000000	0.000000	0.000000	0.000000	0.000000	0.000000
2960	5	2	165.270035	0.000000	165.270035	2.302585	115	0.193617	0.039485	0.000000	0.000000	0.000000	0.000000	0.000000	0.000000
2470	3	2	110.448540	0.000000	110.448540	2.302585	115	0.406369	0.083559	0.000000	0.000000	0.000000	0.000000	0.000000	0.000000
2490	2	2	159.315125	0.000000	159.315125	2.302585	115	0.154586	0.051663	0.000000	0.000000	0.000000	0.000000	0.000000	0.000000
2500	4	2	131.799561	0.000000	131.799561	2.302585	115	0.306456	0.077055	0.000000	0.000000	0.000000	0.000000	0.000000	0.000000
2980	1	2	139.329071	0.000000	139.329071	2.302585	115	0.280221	0.058641	0.000000	0.000000	0.000000	0.000000	0.000000	0.000000
2970	5	2	164.966492	0.000000	164.966492	2.302585	115	0.192973	0.038749	0.000000	0.000000	0.000000	0.000000	0.000000	0.000000
2510	4	2	130.551041	0.000000	130.551041	2.302585	115	0.307775	0.085749	0.000000	0.000000	0.000000	0.000000	0.000000	0.000000
2480	3	2	109.637520	0.000000	109.637520	2.302585	115	0.396199	0.090683	0.000000	0.000000	0.000000	0.000000	0.000000	0.000000
2990	1	2	140.470795	0.000000	140.470795	2.302585	115	0.279527	0.069166	0.000000	0.000000	0.000000	0.000000	0.000000	0.000000
2500	2	2	158.487793	0.000000	158.487793	2.302585	115	0.153738	0.043641	0.000000	0.000000	0.000000	0.000000	0.000000	0.000000
2980	5	2	163.789169	0.000000	163.789169	2.302585	115	0.192822	0.037173	0.000000	0.000000	0.000000	0.000000	0.000000	0.000000
2490	3	2	111.764778	0.000000	111.764778	2.302585	115	0.398570	0.095757	0.000000	0.000000	0.000000	0.000000	0.000000	0.000000
2510	2	2	161.580521	0.000000	161.580521	2.302585	115	0.149989	0.037954	0.000000	0.000000	0.000000	0.000000	0.000000	0.000000
3000	1	2	141.092926	0.000000	141.092926	2.302585	115	0.282164	0.057960	0.000000	0.000000	0.000000	0.000000	0.000000	0.000000
2520	4	2	129.478149	0.000000	129.478149	2.302585	115	0.288947	0.075006	0.000000	0.000000	0.000000	0.000000	0.000000	0.000000
2990	5	2	161.959076	0.000000	161.959076	2.302585	115	0.196412	0.042844	0.000000	0.000000	0.000000	0.000000	0.000000	0.000000
2520	2	2	165.889023	0.000000	165.889023	2.302585	115	0.145802	0.041125	0.000000	0.000000	0.000000	0.000000	0.000000	0.000000
2500	3	2	109.305618	0.000000	109.305618	2.302585	115	0.407309	0.097709	0.000000	0.000000	0.000000	0.000000	0.000000	0.000000
3010	1	2	138.655777	0.000000	138.655777	2.302585	115	0.286998	0.066234	0.000000	0.000000	0.000000	0.000000	0.000000	0.000000
2530	4	2	131.523895	0.000000	131.523895	2.302585	115	0.284019	0.086693	0.000000	0.000000	0.000000	0.000000	0.000000	0.000000
2530	2	2	161.693130	0.000000	161.693130	2.302585	115	0.158059	0.048203	0.000000	0.000000	0.000000	0.000000	0.000000	0.000000
3000	5	2	158.582382	0.000000	158.582382	2.302585	115	0.201260	0.039876	0.000000	0.000000	0.000000	0.000000	0.000000	0.000000
2510	3	2	109.478760	0.000000	109.478760	2.302585	115	0.402614	0.097228	0.000000	0.000000	0.000000	0.000000	0.000000	0.000000
2540	4	2	131.486420	0.000000	131.486420	2.302585	115	0.286113	0.077164	0.000000	0.000000	0.000000	0.000000	0.000000	0.000000
3020	1	2	141.500244	0.000000	141.500244	2.302585	115	0.284792	0.060403	0.000000	0.000000	0.000000	0.000000	0.000000	0.000000
2540	2	2	161.182541	0.000000	161.182541	2.302585	115	0.165427	0.046460	0.000000	0.000000	0.000000	0.000000	0.000000	0.000000
3010	5	2	157.004562	0.000000	157.004562	2.302585	115	0.206930	0.053487	0.000000	0.000000	0.000000	0.000000	0.000000	0.000000
2520	3	2	110.640625	0.000000	110.640625	2.302585	115	0.399094	0.093104	0.000000	0.000000	0.000000	0.000000	0.000000	0.000000
2550	4	2	132.180710	0.000000	132.180710	2.302585	115	0.285734	0.066686	0.000000	0.000000	0.000000	0.000000	0.000000	0.000000
3030	1	2	142.862671	0.000000	142.862671	2.302585	115	0.283266	0.055489	0.000000	0.000000	0.000000	0.000000	0.000000	0.000000
2550	2	2	158.895325	0.000000	158.895325	2.302585	115	0.168177	0.037257	0.000000	0.000000	0.000000	0.000000	0.000000	0.000000
2530	3	2	109.996040	0.000000	109.996040	2.302585	115	0.400110	0.096474	0.000000	0.000000	0.000000	0.000000	0.000000	0.000000
3020	5	2	152.637100	0.000000	152.637100	2.302585	115	0.208159	0.055032	0.000000	0.000000	0.000000	0.000000	0.000000	0.000000
2560	4	2	133.538544	0.000000	133.538544	2.302585	115	0.309894	0.075496	0.000000	0.000000	0.000000	0.000000	0.000000	0.000000
3040	1	2	139.805359	0.000000	139.805359	2.302585	115	0.281199	0.078890	0.000000	0.000000	0.000000	0.000000	0.000000	0.000000
2560	2	2	159.353119	0.000000	159.353119	2.302585	115	0.166434	0.049726	0.000000	0.000000	0.000000	0.000000	0.000000	0.000000
3030	5	2	153.092514	0.000000	153.092514	2.302585	115	0.203831	0.045728	0.000000	0.000000	0.000000	0.000000	0.000000	0.000000
2540	3	2	111.806068	0.000000	111.806068	2.302585	115	0.412182	0.097636	0.000000	0.000000	0.000000	0.000000	0.000000	0.000000
3050	1	2	137.613190	0.000000	137.613190	2.302585	115	0.258251	0.063579	0.000000	0.000000	0.000000	0.000000	0.000000	0.000000
2570	4	2	124.618484	0.000000	124.618484	2.302585	115	0.317275	0.078109	0.000000	0.000000	0.000000	0.000000	0.000000	0.000000
2570	2	2	167.083145	0.000000	167.083145	2.302585	115	0.133444	0.037060	0.000000	0.000000	0.000000	0.000000	0.000000	0.000000
3040	5	2	152.219543	0.000000	152.219543	2.302585	115	0.205225	0.049333	0.000000	0.000000	0.000000	0.000000	0.000000	0.000000
2550	3	2	115.249001	0.000000	115.249001	2.302585	115	0.405737	0.091790	0.000000	0.000000	0.000000	0.000000	0.000000	0.000000
3060	1	2	138.127808	0.000000	138.127808	2.302585	115	0.259712	0.058516	0.000000	0.000000	0.000000	0.000000	0.000000	0.000000
2580	4	2	123.558296	0.000000	123.558296	2.302585	115	0.319676	0.076326	0.000000	0.000000	0.000000	0.000000	0.000000	0.000000
2580	2	2	168.998932	0.000000	168.998932	2.302585	115	0.130323	0.042960	0.000000	0.000000	0.000000	0.000000	0.000000	0.000000
3050	5	2	151.853348	0.000000	151.853348	2.302585	115	0.207064	0.057584	0.000000	0.000000	0.000000	0.000000	0.000000	0.000000
2560	3	2	121.028442	0.000000	121.028442	2.302585	115	0.385886	0.099113	0.000000	0.000000	0.000000	0.000000	0.000000	0.000000
3070	1	2	143.014099	0.000000	143.014099	2.302585	115	0.247736	0.071766	0.000000	0.000000	0.000000	0.000000	0.000000	0.000000
2590	4	2	121.396072	0.000000	121.396072	2.302585	115	0.340701	0.080883	0.000000	0.000000	0.000000	0.000000	0.000000	0.000000
2590	2	2	169.299988	0.000000	169.299988	2.302585	115	0.124226	0.052768	0.000000	0.000000	0.000000	0.000000	0.000000	0.000000
3060	5	2	155.247925	0.000000	155.247925	2.302585	115	0.175769	0.044947	0.000000	0.000000	0.000000	0.000000	0.000000	0.000000
2570	3	2	119.219849	0.000000	119.219849	2.302585	115	0.395939	0.086219	0.000000	0.000000	0.000000	0.000000	0.000000	0.000000
2600	4	2	121.352493	0.000000	121.352493	2.302585	115	0.340642	0.087493	0.000000	0.000000	0.000000	0.000000	0.000000	0.000000
3080	1	2	142.624115	0.000000	142.624115	2.302585	115	0.276672	0.073365	0.000000	0.000000	0.000000	0.000000	0.000000	0.000000
2600	2	2	175.983917	0.000000	175.983917	2.302585	115	0.123333	0.035883	0.000000	0.000000	0.000000	0.000000	0.000000	0.000000
3070	5	2	152.858032	0.000000	152.858032	2.302585	115	0.177126	0.046345	0.000000	0.000000	0.000000	0.000000	0.000000	0.000000
2580	3	2	118.045692	0.000000	118.045692	2.302585	115	0.397377	0.090102	0.000000	0.000000	0.000000	0.000000	0.000000	0.000000
2610	4	2	123.155167	0.000000	123.155167	2.302585	115	0.336641	0.077930	0.000000	0.000000	0.000000	0.000000	0.000000	0.000000
3090	1	2	142.902176	0.000000	142.902176	2.302585	115	0.275176	0.066668	0.000000	0.000000	0.000000	0.000000	0.000000	0.000000
2610	2	2	173.535950	0.000000	173.535950	2.302585	115	0.124163	0.034323	0.000000	0.000000	0.000000	0.000000	0.000000	0.000000
3080	5	2	152.634216	0.000000	152.634216	2.302585	115	0.177722	0.055763	0.000000	0.000000	0.000000	0.000000	0.000000	0.000000
2590	3	2	120.612892	0.000000	120.612892	2.302585	115	0.356093	0.095955	0.000000	0.000000	0.000000	0.000000	0.000000	0.000000
3100	1	2	143.078400	0.000000	143.078400	2.302585	115	0.272657	0.067832	0.000000	0.000000	0.000000	0.000000	0.000000	0.000000
2620	4	2	125.167992	0.000000	125.167992	2.302585	115	0.315399	0.077547	0.000000	0.000000	0.000000	0.000000	0.000000	0.000000
2620	2	2	173.751175	0.000000	173.751175	2.302585	115	0.124552	0.035749	0.000000	0.000000	0.000000	0.000000	0.000000	0.000000
3090	5	2	153.294449	0.000000	153.294449	2.302585	115	0.168765	0.057595	0.000000	0.000000	0.000000	0.000000	0.000000	0.000000
2600	3	2	123.181633	0.000000	123.181633	2.302585	115	0.354131	0.081726	0.000000	0.000000	0.000000	0.000000	0.000000	0.000000
3110	1	2	143.568848	0.000000	143.568848	2.302585	115	0.272552	0.063097	0.000000	0.000000	0.000000	0.000000	0.000000	0.000000
3100	5	2	152.501450	0.000000	152.501450	2.302585	115	0.175154	0.043459	0.000000	0.000000	0.000000	0.000000	0.000000	0.000000
2610	3	2	127.758484	0.000000	127.758484	2.302585	115	0.315004	0.088828	0.000000	0.000000	0.000000	0.000000	0.000000	0.000000
2630	4	2	124.856705	0.000000	124.856705	2.302585	115	0.309025	0.080552	0.000000	0.000000	0.000000	0.000000	0.000000	0.000000
2630	2	2	173.751175	0.000000	173.751175	2.302585	115	0.124811	0.035749	0.000000	0.000000	0.000000	0.000000	0.000000	0.000000
3120	1	2	143.973236	0.000000	143.973236	2.302585	115	0.274295	0.064370	0.000000	0.000000	0.000000	0.000000	0.000000	0.000000
2640	4	2	128.489883	0.000000	128.489883	2.302585	115	0.306072	0.073772	0.000000	0.000000	0.000000	0.000000	0.000000	0.000000
2620	3	2	127.492935	0.000000	127.492935	2.302585	115	0.317756	0.070992	0.000000	0.000000	0.000000	0.000000	0.000000	0.000000
3110	5	2	152.501450	0.000000	152.501450	2.302585	115	0.163085	0.043459	0.000000	0.000000	0.000000	0.000000	0.000000	0.000000
2640	2	2	172.436127	0.000000	172.436127	2.302585	115	0.121451	0.046735	0.000000	0.000000	0.000000	0.000000	0.000000	0.000000
3130	1	2	144.431458	0.000000	144.431458	2.302585	115	0.272986	0.053105	0.000000	0.000000	0.000000	0.000000	0.000000	0.000000
2650	4	2	129.384842	0.000000	129.384842	2.302585	115	0.303119	0.089307	0.000000	0.000000	0.000000	0.000000	0.000000	0.000000
2630	3	2	130.131699	0.000000	130.131699	2.302585	115	0.303975	0.070819	0.000000	0.000000	0.000000	0.000000	0.000000	0.000000
3120	5	2	157.888184	0.000000	157.888184	2.302585	115	0.161513	0.055536	0.000000	0.000000	0.000000	0.000000	0.000000	0.000000
2650	2	2	179.670593	0.000000	179.670593	2.302585	115	0.106813	0.028145	0.000000	0.000000	0.000000	0.000000	0.000000	0.000000
3140	1	2	143.734619	0.000000	143.734619	2.302585	115	0.293541	0.056485	0.000000	0.000000	0.000000	0.000000	0.000000	0.000000
2660	4	2	131.634644	0.000000	131.634644	2.302585	115	0.300417	0.083513	0.000000	0.000000	0.000000	0.000000	0.000000	0.000000
2640	3	2	133.825439	0.000000	133.825439	2.302585	115	0.304901	0.064236	0.000000	0.000000	0.000000	0.000000	0.000000	0.000000
3130	5	2	155.235962	0.000000	155.235962	2.302585	115	0.167083	0.040980	0.000000	0.000000	0.000000	0.000000	0.000000	0.000000
2660	2	2	178.971756	0.000000	178.971756	2.302585	115	0.111370	0.030533	0.000000	0.000000	0.000000	0.000000	0.000000	0.000000
2670	4	2	132.233856	0.000000	132.233856	2.302585	115	0.290820	0.073792	0.000000	0.000000	0.000000	0.000000	0.000000	0.000000
3140	5	2	155.843430	0.000000	155.843430	2.302585	115	0.165547	0.050040	0.000000	0.000000	0.000000	0.000000	0.000000	0.000000
3150	1	2	146.132141	0.000000	146.132141	2.302585	115	0.275461	0.063407	0.000000	0.000000	0.000000	0.000000	0.000000	0.000000
2650	3	2	134.263275	0.000000	134.263275	2.302585	115	0.304386	0.075535	0.000000	0.000000	0.000000	0.000000	0.000000	0.000000
2670	2	2	180.154297	0.000000	180.154297	2.302585	115	0.110891	0.030255	0.000000	0.000000	0.000000	0.000000	0.000000	0.000000
2680	4	2	134.783188	0.000000	134.783188	2.302585	115	0.284932	0.063174	0.000000	0.000000	0.000000	0.000000	0.000000	0.000000
3150	5	2	153.551941	0.000000	153.551941	2.302585	115	0.172652	0.063995	0.000000	0.000000	0.000000	0.000000	0.000000	0.000000
2660	3	2	132.155685	0.000000	132.155685	2.302585	115	0.307714	0.069978	0.000000	0.000000	0.000000	0.000000	0.000000	0.000000
3160	1	2	150.916443	0.000000	150.916443	2.302585	115	0.265834	0.056475	0.000000	0.000000	0.000000	0.000000	0.000000	0.000000
2680	2	2	180.521606	0.000000	180.521606	2.302585	115	0.111381	0.033754	0.000000	0.000000	0.000000	0.000000	0.000000	0.000000
2690	4	2	136.127518	0.000000	136.127518	2.302585	115	0.258500	0.062651	0.000000	0.000000	0.000000	0.000000	0.000000	0.000000
3160	5	2	157.314178	0.000000	157.314178	2.302585	115	0.172412	0.046446	0.000000	0.000000	0.000000	0.000000	0.000000	0.000000
2670	3	2	131.353317	0.000000	131.353317	2.302585	115	0.307131	0.063675	0.000000	0.000000	0.000000	0.000000	0.000000	0.000000
3170	1	2	149.903259	0.000000	149.903259	2.302585	115	0.282322	0.055405	0.000000	0.000000	0.000000	0.000000	0.000000	0.000000
2690	2	2	183.080231	0.000000	183.080231	2.302585	115	0.107288	0.035141	0.000000	0.000000	0.000000	0.000000	0.000000	0.000000
2700	4	2	135.588959	0.000000	135.588959	2.302585	115	0.262003	0.074421	0.000000	0.000000	0.000000	0.000000	0.000000	0.000000
2680	3	2	135.706650	0.000000	135.706650	2.302585	115	0.298214	0.073948	0.000000	0.000000	0.000000	0.000000	0.000000	0.000000
3170	5	2	156.466858	0.000000	156.466858	2.302585	115	0.214036	0.046037	0.000000	0.000000	0.000000	0.000000	0.000000	0.000000
3180	1	2	145.985825	0.000000	145.985825	2.302585	115	0.282366	0.050051	0.000000	0.000000	0.000000	0.000000	0.000000	0.000000
2700	2	2	182.962784	0.000000	182.962784	2.302585	115	0.107815	0.026934	0.000000	0.000000	0.000000	0.000000	0.000000	0.000000
2710	4	2	135.092575	0.000000	135.092575	2.302585	115	0.261343	0.067224	0.000000	0.000000	0.000000	0.000000	0.000000	0.000000
3180	5	2	153.044296	0.000000	153.044296	2.302585	115	0.201109	0.065782	0.000000	0.000000	0.000000	0.000000	0.000000	0.000000
2690	3	2	137.146973	0.000000	137.146973	2.302585	115	0.293392	0.070701	0.000000	0.000000	0.000000	0.000000	0.000000	0.000000
3190	1	2	141.013031	0.000000	141.013031	2.302585	115	0.267429	0.058366	0.000000	0.000000	0.000000	0.000000	0.000000	0.000000
2710	2	2	182.663940	0.000000	182.663940	2.302585	115	0.102125	0.030701	0.000000	0.000000	0.000000	0.000000	0.000000	0.000000
2720	4	2	135.888382	0.000000	135.888382	2.302585	115	0.256313	0.066480	0.000000	0.000000	0.000000	0.000000	0.000000	0.000000
2700	3	2	129.921463	0.000000	129.921463	2.302585	115	0.337367	0.066625	0.000000	0.000000	0.000000	0.000000	0.000000	0.000000
3190	5	2	149.593658	0.000000	149.593658	2.302585	115	0.208618	0.055413	0.000000	0.000000	0.000000	0.000000	0.000000	0.000000
3200	1	2	143.388000	0.000000	143.388000	2.302585	115	0.331567	0.065532	0.000000	0.000000	0.000000	0.000000	0.000000	0.000000
2720	2	2	180.754272	0.000000	180.754272	2.302585	115	0.103215	0.025054	0.000000	0.000000	0.000000	0.000000	0.000000	0.000000
2730	4	2	138.492645	0.000000	138.492645	2.302585	115	0.248092	0.072505	0.000000	0.000000	0.000000	0.000000	0.000000	0.000000
2710	3	2	134.970673	0.000000	134.970673	2.302585	115	0.282010	0.081166	0.000000	0.000000	0.000000	0.000000	0.000000	0.000000
2730	2	2	177.217850	0.000000	177.217850	2.302585	115	0.122954	0.034063	0.000000	0.000000	0.000000	0.000000	0.000000	0.000000
3210	1	2	142.672470	0.000000	142.672470	2.302585	115	0.331178	0.065627	0.000000	0.000000	0.000000	0.000000	0.000000	0.000000
3200	5	2	144.858124	0.000000	144.858124	2.302585	115	0.249456	0.062794	0.000000	0.000000	0.000000	0.000000	0.000000	0.000000
2740	4	2	142.718948	0.000000	142.718948	2.302585	115	0.246967	0.078616	0.000000	0.000000	0.000000	0.000000	0.000000	0.000000
2720	3	2	131.354065	0.000000	131.354065	2.302585	115	0.318787	0.075742	0.000000	0.000000	0.000000	0.000000	0.000000	0.000000
2740	2	2	175.794952	0.000000	175.794952	2.302585	115	0.123783	0.032497	0.000000	0.000000	0.000000	0.000000	0.000000	0.000000
3220	1	2	142.857056	0.000000	142.857056	2.302585	115	0.330509	0.048787	0.000000	0.000000	0.000000	0.000000	0.000000	0.000000
3210	5	2	139.526016	0.000000	139.526016	2.302585	115	0.277441	0.073905	0.000000	0.000000	0.000000	0.000000	0.000000	0.000000
2750	4	2	140.609406	0.000000	140.609406	2.302585	115	0.279054	0.075419	0.000000	0.000000	0.000000	0.000000	0.000000	0.000000
2730	3	2	135.715317	0.000000	135.715317	2.302585	115	0.305293	0.068135	0.000000	0.000000	0.000000	0.000000	0.000000	0.000000
2750	2	2	177.595108	0.000000	177.595108	2.302585	115	0.121078	0.038280	0.000000	0.000000	0.000000	0.000000	0.000000	0.000000
3230	1	2	143.094299	0.000000	143.094299	2.302585	115	0.341166	0.059104	0.000000	0.000000	0.000000	0.000000	0.000000	0.000000
3220	5	2	136.759766	0.000000	136.759766	2.302585	115	0.388216	0.057173	0.000000	0.000000	0.000000	0.000000	0.000000	0.000000
2760	4	2	141.908127	0.000000	141.908127	2.302585	115	0.247655	0.061096	0.000000	0.000000	0.000000	0.000000	0.000000	0.000000
2760	2	2	176.602875	0.000000	176.602875	2.302585	115	0.122043	0.029948	0.000000	0.000000	0.000000	0.000000	0.000000	0.000000
2740	3	2	137.951996	0.000000	137.951996	2.302585	115	0.287575	0.072584	0.000000	0.000000	0.000000	0.000000	0.000000	0.000000
3240	1	2	139.316116	0.000000	139.316116	2.302585	115	0.337983	0.077660	0.000000	0.000000	0.000000	0.000000	0.000000	0.000000
3230	5	2	131.085968	0.000000	131.085968	2.302585	115	0.401255	0.078842	0.000000	0.000000	0.000000	0.000000	0.000000	0.000000
2770	4	2	141.048477	0.000000	141.048477	2.302585	115	0.248819	0.066445	0.000000	0.000000	0.000000	0.000000	0.000000	0.000000
2770	2	2	175.498917	0.000000	175.498917	2.302585	115	0.122799	0.033433	0.000000	0.000000	0.000000	0.000000	0.000000	0.000000
2750	3	2	137.963699	0.000000	137.963699	2.302585	115	0.287575	0.072440	0.000000	0.000000	0.000000	0.000000	0.000000	0.000000
3250	1	2	134.722458	0.000000	134.722458	2.302585	115	0.355282	0.063478	0.000000	0.000000	0.000000	0.000000	0.000000	0.000000
2780	4	2	141.647217	0.000000	141.647217	2.302585	115	0.247151	0.058271	0.000000	0.000000	0.000000	0.000000	0.000000	0.000000
3240	5	2	129.677338	0.000000	129.677338	2.302585	115	0.401762	0.071591	0.000000	0.000000	0.000000	0.000000	0.000000	0.000000
2780	2	2	174.861191	0.000000	174.861191	2.302585	115	0.126701	0.038178	0.000000	0.000000	0.000000	0.000000	0.000000	0.000000
2760	3	2	140.197525	0.000000	140.197525	2.302585	115	0.274292	0.062067	0.000000	0.000000	0.000000	0.000000	0.000000	0.000000
3260	1	2	130.992783	0.000000	130.992783	2.302585	115	0.359935	0.081736	0.000000	0.000000	0.000000	0.000000	0.000000	0.000000
2790	4	2	141.023560	0.000000	141.023560	2.302585	115	0.254783	0.049473	0.000000	0.000000	0.000000	0.000000	0.000000	0.000000
3250	5	2	126.517723	0.000000	126.517723	2.302585	115	0.405513	0.068048	0.000000	0.000000	0.000000	0.000000	0.000000	0.000000
2790	2	2	173.105515	0.000000	173.105515	2.302585	115	0.132054	0.031910	0.000000	0.000000	0.000000	0.000000	0.000000	0.000000
2770	3	2	146.735077	0.000000	146.735077	2.302585	115	0.272385	0.049569	0.000000	0.000000	0.000000	0.000000	0.000000	0.000000
3270	1	2	134.119873	0.000000	134.119873	2.302585	115	0.354768	0.075955	0.000000	0.000000	0.000000	0.000000	0.000000	0.000000
2800	4	2	149.908188	0.000000	149.908188	2.302585	115	0.244050	0.061376	0.000000	0.000000	0.000000	0.000000	0.000000	0.000000
3260	5	2	125.724915	0.000000	125.724915	2.302585	115	0.411179	0.091841	0.000000	0.000000	0.000000	0.000000	0.000000	0.000000
2780	3	2	147.602234	0.000000	147.602234	2.302585	115	0.268174	0.048591	0.000000	0.000000	0.000000	0.000000	0.000000	0.000000
2800	2	2	167.994080	0.000000	167.994080	2.302585	115	0.135623	0.053876	0.000000	0.000000	0.000000	0.000000	0.000000	0.000000
3280	1	2	125.699471	0.000000	125.699471	2.302585	115	0.375666	0.083878	0.000000	0.000000	0.000000	0.000000	0.000000	0.000000
3270	5	2	126.294441	0.000000	126.294441	2.302585	115	0.273143	0.099835	0.000000	0.000000	0.000000	0.000000	0.000000	0.000000
2810	4	2	144.973465	0.000000	144.973465	2.302585	115	0.256373	0.058332	0.000000	0.000000	0.000000	0.000000	0.000000	0.000000
2790	3	2	147.772568	0.000000	147.772568	2.302585	115	0.266655	0.060957	0.000000	0.000000	0.000000	0.000000	0.000000	0.000000
2810	2	2	168.150070	0.000000	168.150070	2.302585	115	0.139135	0.029342	0.000000	0.000000	0.000000	0.000000	0.000000	0.000000
3290	1	2	123.679153	0.000000	123.679153	2.302585	115	0.385755	0.098845	0.000000	0.000000	0.000000	0.000000	0.000000	0.000000
2820	4	2	142.901962	0.000000	142.901962	2.302585	115	0.249528	0.078701	0.000000	0.000000	0.000000	0.000000	0.000000	0.000000
3280	5	2	125.832176	0.000000	125.832176	2.302585	115	0.278401	0.072003	0.000000	0.000000	0.000000	0.000000	0.000000	0.000000
2800	3	2	142.089508	0.000000	142.089508	2.302585	115	0.284261	0.063546	0.000000	0.000000	0.000000	0.000000	0.000000	0.000000
2820	2	2	168.454788	0.000000	168.454788	2.302585	115	0.132863	0.049978	0.000000	0.000000	0.000000	0.000000	0.000000	0.000000
3300	1	2	121.680283	0.000000	121.680283	2.302585	115	0.451207	0.097687	0.000000	0.000000	0.000000	0.000000	0.000000	0.000000
3290	5	2	124.152313	0.000000	124.152313	2.302585	115	0.280895	0.071547	0.000000	0.000000	0.000000	0.000000	0.000000	0.000000
2830	4	2	141.773651	0.000000	141.773651	2.302585	115	0.252685	0.067086	0.000000	0.000000	0.000000	0.000000	0.000000	0.000000
2810	3	2	140.873444	0.000000	140.873444	2.302585	115	0.285070	0.067294	0.000000	0.000000	0.000000	0.000000	0.000000	0.000000
3310	1	2	121.874199	0.000000	121.874199	2.302585	115	0.450744	0.071923	0.000000	0.000000	0.000000	0.000000	0.000000	0.000000
2830	2	2	172.824493	0.000000	172.824493	2.302585	115	0.131308	0.039363	0.000000	0.000000	0.000000	0.000000	0.000000	0.000000
3300	5	2	124.560928	0.000000	124.560928	2.302585	115	0.281282	0.085416	0.000000	0.000000	0.000000	0.000000	0.000000	0.000000
2840	4	2	141.926788	0.000000	141.926788	2.302585	115	0.264974	0.063700	0.000000	0.000000	0.000000	0.000000	0.000000	0.000000
2820	3	2	137.180099	0.000000	137.180099	2.302585	115	0.293901	0.086424	0.000000	0.000000	0.000000	0.000000	0.000000	0.000000
3320	1	2	123.759453	0.000000	123.759453	2.302585	115	0.424399	0.089458	0.000000	0.000000	0.000000	0.000000	0.000000	0.000000
2850	4	2	145.368942	0.000000	145.368942	2.302585	115	0.251482	0.062811	0.000000	0.000000	0.000000	0.000000	0.000000	0.000000
2840	2	2	174.076096	0.000000	174.076096	2.302585	115	0.131790	0.032101	0.000000	0.000000	0.000000	0.000000	0.000000	0.000000
3310	5	2	123.677269	0.000000	123.677269	2.302585	115	0.280132	0.098801	0.000000	0.000000	0.000000	0.000000	0.000000	0.000000
2830	3	2	130.618973	0.000000	130.618973	2.302585	115	0.310333	0.078495	0.000000	0.000000	0.000000	0.000000	0.000000	0.000000
3330	1	2	128.817032	0.000000	128.817032	2.302585	115	0.247892	0.072566	0.000000	0.000000	0.000000	0.000000	0.000000	0.000000
2850	2	2	174.173676	0.000000	174.173676	2.302585	115	0.130002	0.038086	0.000000	0.000000	0.000000	0.000000	0.000000	0.000000
2860	4	2	141.964600	0.000000	141.964600	2.302585	115	0.255690	0.058159	0.000000	0.000000	0.000000	0.000000	0.000000	0.000000
3320	5	2	126.637352	0.000000	126.637352	2.302585	115	0.269668	0.078340	0.000000	0.000000	0.000000	0.000000	0.000000	0.000000
3340	1	2	127.929581	0.000000	127.929581	2.302585	115	0.490873	0.085544	0.000000	0.000000	0.000000	0.000000	0.000000	0.000000
2860	2	2	170.117371	0.000000	170.117371	2.302585	115	0.132885	0.039371	0.000000	0.000000	0.000000	0.000000	0.000000	0.000000
2840	3	2	132.232681	0.000000	132.232681	2.302585	115	0.308838	0.085821	0.000000	0.000000	0.000000	0.000000	0.000000	0.000000
2870	4	2	137.636200	0.000000	137.636200	2.302585	115	0.279318	0.061765	0.000000	0.000000	0.000000	0.000000	0.000000	0.000000
3330	5	2	129.000961	0.000000	129.000961	2.302585	115	0.260882	0.090074	0.000000	0.000000	0.000000	0.000000	0.000000	0.000000
2870	2	2	170.216858	0.000000	170.216858	2.302585	115	0.135833	0.037735	0.000000	0.000000	0.000000	0.000000	0.000000	0.000000
3350	1	2	119.978416	0.000000	119.978416	2.302585	115	0.498286	0.082834	0.000000	0.000000	0.000000	0.000000	0.000000	0.000000
2850	3	2	124.786156	0.000000	124.786156	2.302585	115	0.442808	0.087671	0.000000	0.000000	0.000000	0.000000	0.000000	0.000000
3340	5	2	130.529785	0.000000	130.529785	2.302585	115	0.259051	0.080127	0.000000	0.000000	0.000000	0.000000	0.000000	0.000000
2880	4	2	139.052689	0.000000	139.052689	2.302585	115	0.257953	0.058817	0.000000	0.000000	0.000000	0.000000	0.000000	0.000000
2860	3	2	122.732368	0.000000	122.732368	2.302585	115	0.443398	0.071329	0.000000	0.000000	0.000000	0.000000	0.000000	0.000000
3360	1	2	118.538704	0.000000	118.538704	2.302585	115	0.505133	0.099014	0.000000	0.000000	0.000000	0.000000	0.000000	0.000000
2880	2	2	166.468735	0.000000	166.468735	2.302585	115	0.134782	0.045101	0.000000	0.000000	0.000000	0.000000	0.000000	0.000000
3350	5	2	131.142120	0.000000	131.142120	2.302585	115	0.237814	0.064399	0.000000	0.000000	0.000000	0.000000	0.000000	0.000000
2890	4	2	141.953094	0.000000	141.953094	2.302585	115	0.256963	0.046317	0.000000	0.000000	0.000000	0.000000	0.000000	0.000000
2870	3	2	122.809776	0.000000	122.809776	2.302585	115	0.448739	0.080928	0.000000	0.000000	0.000000	0.000000	0.000000	0.000000
3370	1	2	118.190750	0.000000	118.190750	2.302585	115	0.499446	0.089789	0.000000	0.000000	0.000000	0.000000	0.000000	0.000000
2890	2	2	166.654984	0.000000	166.654984	2.302585	115	0.133371	0.033791	0.000000	0.000000	0.000000	0.000000	0.000000	0.000000
2900	4	2	138.938919	0.000000	138.938919	2.302585	115	0.252505	0.047812	0.000000	0.000000	0.000000	0.000000	0.000000	0.000000
3360	5	2	128.909515	0.000000	128.909515	2.302585	115	0.237577	0.070980	0.000000	0.000000	0.000000	0.000000	0.000000	0.000000
2880	3	2	124.589439	0.000000	124.589439	2.302585	115	0.448209	0.080473	0.000000	0.000000	0.000000	0.000000	0.000000	0.000000
2900	2	2	169.969101	0.000000	169.969101	2.302585	115	0.127490	0.032960	0.000000	0.000000	0.000000	0.000000	0.000000	0.000000
3380	1	2	118.065933	0.000000	118.065933	2.302585	115	0.503289	0.083817	0.000000	0.000000	0.000000	0.000000	0.000000	0.000000
2910	4	2	143.069595	0.000000	143.069595	2.302585	115	0.256311	0.062074	0.000000	0.000000	0.000000	0.000000	0.000000	0.000000
3370	5	2	125.916695	0.000000	125.916695	2.302585	115	0.268258	0.079313	0.000000	0.000000	0.000000	0.000000	0.000000	0.000000
2890	3	2	129.525406	0.000000	129.525406	2.302585	115	0.437260	0.062846	0.000000	0.000000	0.000000	0.000000	0.000000	0.000000
2910	2	2	172.373672	0.000000	172.373672	2.302585	115	0.128845	0.029927	0.000000	0.000000	0.000000	0.000000	0.000000	0.000000
3390	1	2	121.116478	0.000000	121.116478	2.302585	115	0.495655	0.088817	0.000000	0.000000	0.000000	0.000000	0.000000	0.000000
3380	5	2	122.642609	0.000000	122.642609	2.302585	115	0.272544	0.094325	0.000000	0.000000	0.000000	0.000000	0.000000	0.000000
2920	4	2	140.452087	0.000000	140.452087	2.302585	115	0.272754	0.062613	0.000000	0.000000	0.000000	0.000000	0.000000	0.000000
2900	3	2	130.677887	0.000000	130.677887	2.302585	115	0.433718	0.085062	0.000000	0.000000	0.000000	0.000000	0.000000	0.000000
3400	1	2	120.079849	0.000000	120.079849	2.302585	115	0.496715	0.085227	0.000000	0.000000	0.000000	0.000000	0.000000	0.000000
2920	2	2	174.690811	0.000000	174.690811	2.302585	115	0.126758	0.040911	0.000000	0.000000	0.000000	0.000000	0.000000	0.000000
2930	4	2	140.062119	0.000000	140.062119	2.302585	115	0.275766	0.064607	0.000000	0.000000	0.000000	0.000000	0.000000	0.000000
3390	5	2	122.811790	0.000000	122.811790	2.302585	115	0.272549	0.077802	0.000000	0.000000	0.000000	0.000000	0.000000	0.000000
2910	3	2	129.048431	0.000000	129.048431	2.302585	115	0.438523	0.080407	0.000000	0.000000	0.000000	0.000000	0.000000	0.000000
2930	2	2	178.210129	0.000000	178.210129	2.302585	115	0.121265	0.031907	0.000000	0.000000	0.000000	0.000000	0.000000	0.000000
3410	1	2	119.382957	0.000000	119.382957	2.302585	115	0.494019	0.098371	0.000000	0.000000	0.000000	0.000000	0.000000	0.000000
2940	4	2	139.406082	0.000000	139.406082	2.302585	115	0.267239	0.055889	0.000000	0.000000	0.000000	0.000000	0.000000	0.000000
3400	5	2	120.051300	0.000000	120.051300	2.302585	115	0.269962	0.063745	0.000000	0.000000	0.000000	0.000000	0.000000	0.000000
2920	3	2	125.829742	0.000000	125.829742	2.302585	115	0.444642	0.088790	0.000000	0.000000	0.000000	0.000000	0.000000	0.000000
3420	1	2	117.500717	0.000000	117.500717	2.302585	115	0.535829	0.088271	0.000000	0.000000	0.000000	0.000000	0.000000	0.000000
2940	2	2	181.706299	0.000000	181.706299	2.302585	115	0.098681	0.030664	0.000000	0.000000	0.000000	0.000000	0.000000	0.000000
3410	5	2	123.774498	0.000000	123.774498	2.302585	115	0.262621	0.080700	0.000000	0.000000	0.000000	0.000000	0.000000	0.000000
2950	4	2	138.069962	0.000000	138.069962	2.302585	115	0.290021	0.079262	0.000000	0.000000	0.000000	0.000000	0.000000	0.000000
2950	2	2	182.059250	0.000000	182.059250	2.302585	115	0.099394	0.032205	0.000000	0.000000	0.000000	0.000000	0.000000	0.000000
2930	3	2	127.819412	0.000000	127.819412	2.302585	115	0.442069	0.079289	0.000000	0.000000	0.000000	0.000000	0.000000	0.000000
3430	1	2	117.716293	0.000000	117.716293	2.302585	115	0.531548	0.092784	0.000000	0.000000	0.000000	0.000000	0.000000	0.000000
2960	4	2	141.328995	0.000000	141.328995	2.302585	115	0.286392	0.058299	0.000000	0.000000	0.000000	0.000000	0.000000	0.000000
3420	5	2	129.506561	0.000000	129.506561	2.302585	115	0.246086	0.086733	0.000000	0.000000	0.000000	0.000000	0.000000	0.000000
2940	3	2	126.108475	0.000000	126.108475	2.302585	115	0.446175	0.085963	0.000000	0.000000	0.000000	0.000000	0.000000	0.000000
2960	2	2	180.801163	0.000000	180.801163	2.302585	115	0.102471	0.032614	0.000000	0.000000	0.000000	0.000000	0.000000	0.000000
3440	1	2	116.764725	0.000000	116.764725	2.302585	115	0.533173	0.093394	0.000000	0.000000	0.000000	0.000000	0.000000	0.000000
2970	4	2	141.780106	0.000000	141.780106	2.302585	115	0.323210	0.073325	0.000000	0.000000	0.000000	0.000000	0.000000	0.000000
3430	5	2	126.835632	0.000000	126.835632	2.302585	115	0.249124	0.078369	0.000000	0.000000	0.000000	0.000000	0.000000	0.000000
2970	2	2	182.987976	0.000000	182.987976	2.302585	115	0.104556	0.035220	0.000000	0.000000	0.000000	0.000000	0.000000	0.000000
2950	3	2	122.437439	0.000000	122.437439	2.302585	115	0.455842	0.079264	0.000000	0.000000	0.000000	0.000000	0.000000	0.000000
3450	1	2	119.197311	0.000000	119.197311	2.302585	115	0.523753	0.082849	0.000000	0.000000	0.000000	0.000000	0.000000	0.000000
2980	4	2	140.834457	0.000000	140.834457	2.302585	115	0.324545	0.078305	0.000000	0.000000	0.000000	0.000000	0.000000	0.000000
3440	5	2	125.470871	0.000000	125.470871	2.302585	115	0.252112	0.089105	0.000000	0.000000	0.000000	0.000000	0.000000	0.000000
2960	3	2	121.531960	0.000000	121.531960	2.302585	115	0.459949	0.097324	0.000000	0.000000	0.000000	0.000000	0.000000	0.000000
2980	2	2	181.852264	0.000000	181.852264	2.302585	115	0.110372	0.030491	0.000000	0.000000	0.000000	0.000000	0.000000	0.000000
3460	1	2	122.542183	0.000000	122.542183	2.302585	115	0.518208	0.085958	0.000000	0.000000	0.000000	0.000000	0.000000	0.000000
2990	4	2	142.413528	0.000000	142.413528	2.302585	115	0.313527	0.064473	0.000000	0.000000	0.000000	0.000000	0.000000	0.000000
3450	5	2	123.666786	0.000000	123.666786	2.302585	115	0.256048	0.093011	0.000000	0.000000	0.000000	0.000000	0.000000	0.000000
2970	3	2	123.102188	0.000000	123.102188	2.302585	115	0.450910	0.076703	0.000000	0.000000	0.000000	0.000000	0.000000	0.000000
2990	2	2	176.743439	0.000000	176.743439	2.302585	115	0.111035	0.028613	0.000000	0.000000	0.000000	0.000000	0.000000	0.000000
3470	1	2	129.860168	0.000000	129.860168	2.302585	115	0.483400	0.079045	0.000000	0.000000	0.000000	0.000000	0.000000	0.000000
3460	5	2	120.676987	0.000000	120.676987	2.302585	115	0.322990	0.089109	0.000000	0.000000	0.000000	0.000000	0.000000	0.000000
3000	4	2	138.916229	0.000000	138.916229	2.302585	115	0.317575	0.052827	0.000000	0.000000	0.000000	0.000000	0.000000	0.000000
3000	2	2	173.376144	0.000000	173.376144	2.302585	115	0.127076	0.042007	0.000000	0.000000	0.000000	0.000000	0.000000	0.000000
2980	3	2	126.711510	0.000000	126.711510	2.302585	115	0.442232	0.076632	0.000000	0.000000	0.000000	0.000000	0.000000	0.000000
3480	1	2	129.283401	0.000000	129.283401	2.302585	115	0.492603	0.086891	0.000000	0.000000	0.000000	0.000000	0.000000	0.000000
3470	5	2	115.743561	0.000000	115.743561	2.302585	115	0.339733	0.077696	0.000000	0.000000	0.000000	0.000000	0.000000	0.000000
3010	4	2	141.182877	0.000000	141.182877	2.302585	115	0.318259	0.061470	0.000000	0.000000	0.000000	0.000000	0.000000	0.000000
2990	3	2	123.892906	0.000000	123.892906	2.302585	115	0.432589	0.077861	0.000000	0.000000	0.000000	0.000000	0.000000	0.000000
3010	2	2	169.142654	0.000000	169.142654	2.302585	115	0.119589	0.045315	0.000000	0.000000	0.000000	0.000000	0.000000	0.000000
3490	1	2	127.211327	0.000000	127.211327	2.302585	115	0.495272	0.092620	0.000000	0.000000	0.000000	0.000000	0.000000	0.000000
3480	5	2	118.689713	0.000000	118.689713	2.302585	115	0.337187	0.095264	0.000000	0.000000	0.000000	0.000000	0.000000	0.000000
3020	4	2	135.462708	0.000000	135.462708	2.302585	115	0.322556	0.054234	0.000000	0.000000	0.000000	0.000000	0.000000	0.000000
3000	3	2	127.684174	0.000000	127.684174	2.302585	115	0.426114	0.090639	0.000000	0.000000	0.000000	0.000000	0.000000	0.000000
3020	2	2	175.819809	0.000000	175.819809	2.302585	115	0.117289	0.035752	0.000000	0.000000	0.000000	0.000000	0.000000	0.000000
3500	1	2	123.306999	0.000000	123.306999	2.302585	115	0.507135	0.094643	0.000000	0.000000	0.000000	0.000000	0.000000	0.000000
3490	5	2	120.927315	0.000000	120.927315	2.302585	115	0.350245	0.082105	0.000000	0.000000	0.000000	0.000000	0.000000	0.000000
3030	4	2	137.789856	0.000000	137.789856	2.302585	115	0.305932	0.076186	0.000000	0.000000	0.000000	0.000000	0.000000	0.000000
3030	2	2	171.004211	0.000000	171.004211	2.302585	115	0.122370	0.035109	0.000000	0.000000	0.000000	0.000000	0.000000	0.000000
3010	3	2	122.459373	0.000000	122.459373	2.302585	115	0.449504	0.084525	0.000000	0.000000	0.000000	0.000000	0.000000	0.000000
3510	1	2	125.747169	0.000000	125.747169	2.302585	115	0.500911	0.093504	0.000000	0.000000	0.000000	0.000000	0.000000	0.000000
3500	5	2	121.211533	0.000000	121.211533	2.302585	115	0.350399	0.095245	0.000000	0.000000	0.000000	0.000000	0.000000	0.000000
3040	4	2	139.601013	0.000000	139.601013	2.302585	115	0.303770	0.058455	0.000000	0.000000	0.000000	0.000000	0.000000	0.000000
3040	2	2	173.060272	0.000000	173.060272	2.302585	115	0.119134	0.038175	0.000000	0.000000	0.000000	0.000000	0.000000	0.000000
3020	3	2	126.753487	0.000000	126.753487	2.302585	115	0.421166	0.081640	0.000000	0.000000	0.000000	0.000000	0.000000	0.000000
3520	1	2	126.132248	0.000000	126.132248	2.302585	115	0.497602	0.073925	0.000000	0.000000	0.000000	0.000000	0.000000	0.000000
3050	2	2	177.536209	0.000000	177.536209	2.302585	115	0.114266	0.029210	0.000000	0.000000	0.000000	0.000000	0.000000	0.000000
3510	5	2	119.602295	0.000000	119.602295	2.302585	115	0.318166	0.093454	0.000000	0.000000	0.000000	0.000000	0.000000	0.000000
3050	4	2	139.760300	0.000000	139.760300	2.302585	115	0.306357	0.072029	0.000000	0.000000	0.000000	0.000000	0.000000	0.000000
3030	3	2	125.889671	0.000000	125.889671	2.302585	115	0.420605	0.067429	0.000000	0.000000	0.000000	0.000000	0.000000	0.000000
3530	1	2	126.465248	0.000000	126.465248	2.302585	115	0.496192	0.090596	0.000000	0.000000	0.000000	0.000000	0.000000	0.000000
3060	2	2	180.186096	0.000000	180.186096	2.302585	115	0.113973	0.029857	0.000000	0.000000	0.000000	0.000000	0.000000	0.000000
3520	5	2	128.543076	0.000000	128.543076	2.302585	115	0.316941	0.072913	0.000000	0.000000	0.000000	0.000000	0.000000	0.000000
3040	3	2	121.897049	0.000000	121.897049	2.302585	115	0.428967	0.096494	0.000000	0.000000	0.000000	0.000000	0.000000	0.000000
3060	4	2	140.826233	0.000000	140.826233	2.302585	115	0.305172	0.055949	0.000000	0.000000	0.000000	0.000000	0.000000	0.000000
3540	1	2	125.190407	0.000000	125.190407	2.302585	115	0.354533	0.092988	0.000000	0.000000	0.000000	0.000000	0.000000	0.000000
3070	2	2	175.319214	0.000000	175.319214	2.302585	115	0.171734	0.039086	0.000000	0.000000	0.000000	0.000000	0.000000	0.000000
3530	5	2	127.552681	0.000000	127.552681	2.302585	115	0.316152	0.073455	0.000000	0.000000	0.000000	0.000000	0.000000	0.000000
3050	3	2	122.026398	0.000000	122.026398	2.302585	115	0.424747	0.093643	0.000000	0.000000	0.000000	0.000000	0.000000	0.000000
3550	1	2	120.899338	0.000000	120.899338	2.302585	115	0.360598	0.095609	0.000000	0.000000	0.000000	0.000000	0.000000	0.000000
3070	4	2	141.981110	0.000000	141.981110	2.302585	115	0.295158	0.064863	0.000000	0.000000	0.000000	0.000000	0.000000	0.000000
3080	2	2	172.431107	0.000000	172.431107	2.302585	115	0.192521	0.043163	0.000000	0.000000	0.000000	0.000000	0.000000	0.000000
3560	1	2	119.685799	0.000000	119.685799	2.302585	115	0.354149	0.082118	0.000000	0.000000	0.000000	0.000000	0.000000	0.000000
3060	3	2	119.583763	0.000000	119.583763	2.302585	115	0.428288	0.073611	0.000000	0.000000	0.000000	0.000000	0.000000	0.000000
3540	5	2	129.715317	0.000000	129.715317	2.302585	115	0.305750	0.064898	0.000000	0.000000	0.000000	0.000000	0.000000	0.000000
3080	4	2	147.603043	0.000000	147.603043	2.302585	115	0.293177	0.052854	0.000000	0.000000	0.000000	0.000000	0.000000	0.000000
3090	2	2	164.300385	0.000000	164.300385	2.302585	115	0.196302	0.037768	0.000000	0.000000	0.000000	0.000000	0.000000	0.000000
3070	3	2	121.659508	0.000000	121.659508	2.302585	115	0.333181	0.094695	0.000000	0.000000	0.000000	0.000000	0.000000	0.000000
3550	5	2	137.347702	0.000000	137.347702	2.302585	115	0.278698	0.058977	0.000000	0.000000	0.000000	0.000000	0.000000	0.000000
3570	1	2	121.475121	0.000000	121.475121	2.302585	115	0.359637	0.077004	0.000000	0.000000	0.000000	0.000000	0.000000	0.000000
3090	4	2	147.080551	0.000000	147.080551	2.302585	115	0.293049	0.053459	0.000000	0.000000	0.000000	0.000000	0.000000	0.000000
3100	2	2	164.860870	0.000000	164.860870	2.302585	115	0.194833	0.041165	0.000000	0.000000	0.000000	0.000000	0.000000	0.000000
3080	3	2	122.988129	0.000000	122.988129	2.302585	115	0.335310	0.071942	0.000000	0.000000	0.000000	0.000000	0.000000	0.000000
3580	1	2	118.135612	0.000000	118.135612	2.302585	115	0.394235	0.083677	0.000000	0.000000	0.000000	0.000000	0.000000	0.000000
3560	5	2	137.285431	0.000000	137.285431	2.302585	115	0.272105	0.078105	0.000000	0.000000	0.000000	0.000000	0.000000	0.000000
3100	4	2	148.382553	0.000000	148.382553	2.302585	115	0.290392	0.060261	0.000000	0.000000	0.000000	0.000000	0.000000	0.000000
3110	2	2	165.183090	0.000000	165.183090	2.302585	115	0.181980	0.039807	0.000000	0.000000	0.000000	0.000000	0.000000	0.000000
3090	3	2	124.328850	0.000000	124.328850	2.302585	115	0.312635	0.089989	0.000000	0.000000	0.000000	0.000000	0.000000	0.000000
3110	4	2	148.000565	0.000000	148.000565	2.302585	115	0.290712	0.052694	0.000000	0.000000	0.000000	0.000000	0.000000	0.000000
3590	1	2	123.815948	0.000000	123.815948	2.302585	115	0.369996	0.081358	0.000000	0.000000	0.000000	0.000000	0.000000	0.000000
3570	5	2	132.255219	0.000000	132.255219	2.302585	115	0.293770	0.078211	0.000000	0.000000	0.000000	0.000000	0.000000	0.000000
3120	2	2	174.037918	0.000000	174.037918	2.302585	115	0.169550	0.039595	0.000000	0.000000	0.000000	0.000000	0.000000	0.000000
3100	3	2	126.136490	0.000000	126.136490	2.302585	115	0.311330	0.074061	0.000000	0.000000	0.000000	0.000000	0.000000	0.000000
3120	4	2	149.744400	0.000000	149.744400	2.302585	115	0.288892	0.051145	0.000000	0.000000	0.000000	0.000000	0.000000	0.000000
3600	1	2	124.312569	0.000000	124.312569	2.302585	115	0.369415	0.076417	0.000000	0.000000	0.000000	0.000000	0.000000	0.000000
3580	5	2	134.180359	0.000000	134.180359	2.302585	115	0.308811	0.064711	0.000000	0.000000	0.000000	0.000000	0.000000	0.000000
3130	2	2	173.744278	0.000000	173.744278	2.302585	115	0.227741	0.043984	0.000000	0.000000	0.000000	0.000000	0.000000	0.000000
3110	3	2	125.678825	0.000000	125.678825	2.302585	115	0.313114	0.081411	0.000000	0.000000	0.000000	0.000000	0.000000	0.000000
3130	4	2	153.287552	0.000000	153.287552	2.302585	115	0.186556	0.054539	0.000000	0.000000	0.000000	0.000000	0.000000	0.000000
3610	1	2	122.984428	0.000000	122.984428	2.302585	115	0.357959	0.099700	0.000000	0.000000	0.000000	0.000000	0.000000	0.000000
3590	5	2	129.696518	0.000000	129.696518	2.302585	115	0.329542	0.086532	0.000000	0.000000	0.000000	0.000000	0.000000	0.000000
3140	2	2	163.165802	0.000000	163.165802	2.302585	115	0.231800	0.052188	0.000000	0.000000	0.000000	0.000000	0.000000	0.000000
3120	3	2	130.545013	0.000000	130.545013	2.302585	115	0.300801	0.082307	0.000000	0.000000	0.000000	0.000000	0.000000	0.000000
3140	4	2	151.894714	0.000000	151.894714	2.302585	115	0.185027	0.039233	0.000000	0.000000	0.000000	0.000000	0.000000	0.000000
3620	1	2	123.347298	0.000000	123.347298	2.302585	115	0.371152	0.093520	0.000000	0.000000	0.000000	0.000000	0.000000	0.000000
3150	2	2	163.516129	0.000000	163.516129	2.302585	115	0.234146	0.050634	0.000000	0.000000	0.000000	0.000000	0.000000	0.000000
3130	3	2	125.582291	0.000000	125.582291	2.302585	115	0.323046	0.082329	0.000000	0.000000	0.000000	0.000000	0.000000	0.000000
3600	5	2	133.120041	0.000000	133.120041	2.302585	115	0.320820	0.086279	0.000000	0.000000	0.000000	0.000000	0.000000	0.000000
3150	4	2	151.531845	0.000000	151.531845	2.302585	115	0.188736	0.042098	0.000000	0.000000	0.000000	0.000000	0.000000	0.000000
3630	1	2	122.538574	0.000000	122.538574	2.302585	115	0.380086	0.086520	0.000000	0.000000	0.000000	0.000000	0.000000	0.000000
3160	2	2	162.133362	0.000000	162.133362	2.302585	115	0.241776	0.042349	0.000000	0.000000	0.000000	0.000000	0.000000	0.000000
3140	3	2	124.691658	0.000000	124.691658	2.302585	115	0.327253	0.091596	0.000000	0.000000	0.000000	0.000000	0.000000	0.000000
3610	5	2	127.877251	0.000000	127.877251	2.302585	115	0.330708	0.093874	0.000000	0.000000	0.000000	0.000000	0.000000	0.000000
3160	4	2	150.067444	0.000000	150.067444	2.302585	115	0.201431	0.047409	0.000000	0.000000	0.000000	0.000000	0.000000	0.000000
3640	1	2	122.765388	0.000000	122.765388	2.302585	115	0.380309	0.081188	0.000000	0.000000	0.000000	0.000000	0.000000	0.000000
3170	2	2	158.785156	0.000000	158.785156	2.302585	115	0.242218	0.040244	0.000000	0.000000	0.000000	0.000000	0.000000	0.000000
3150	3	2	125.967796	0.000000	125.967796	2.302585	115	0.322474	0.089290	0.000000	0.000000	0.000000	0.000000	0.000000	0.000000
3620	5	2	126.617012	0.000000	126.617012	2.302585	115	0.328276	0.082770	0.000000	0.000000	0.000000	0.000000	0.000000	0.000000
3170	4	2	145.359283	0.000000	145.359283	2.302585	115	0.207514	0.052396	0.000000	0.000000	0.000000	0.000000	0.000000	0.000000
3180	2	2	160.131668	0.000000	160.131668	2.302585	115	0.239635	0.035764	0.000000	0.000000	0.000000	0.000000	0.000000	0.000000
3650	1	2	122.798538	0.000000	122.798538	2.302585	115	0.371350	0.067775	0.000000	0.000000	0.000000	0.000000	0.000000	0.000000
3160	3	2	117.483307	0.000000	117.483307	2.302585	115	0.400289	0.090627	0.000000	0.000000	0.000000	0.000000	0.000000	0.000000
3180	4	2	148.110733	0.000000	148.110733	2.302585	115	0.205051	0.052661	0.000000	0.000000	0.000000	0.000000	0.000000	0.000000
3630	5	2	127.334190	0.000000	127.334190	2.302585	115	0.321649	0.092674	0.000000	0.000000	0.000000	0.000000	0.000000	0.000000
3190	2	2	161.571243	0.000000	161.571243	2.302585	115	0.236617	0.036200	0.000000	0.000000	0.000000	0.000000	0.000000	0.000000
3660	1	2	128.695435	0.000000	128.695435	2.302585	115	0.370150	0.090301	0.000000	0.000000	0.000000	0.000000	0.000000	0.000000
3170	3	2	117.407677	0.000000	117.407677	2.302585	115	0.400493	0.090877	0.000000	0.000000	0.000000	0.000000	0.000000	0.000000
3640	5	2	129.150360	0.000000	129.150360	2.302585	115	0.324697	0.074946	0.000000	0.000000	0.000000	0.000000	0.000000	0.000000
3190	4	2	152.788666	0.000000	152.788666	2.302585	115	0.196784	0.053381	0.000000	0.000000	0.000000	0.000000	0.000000	0.000000
3200	2	2	164.205124	0.000000	164.205124	2.302585	115	0.236736	0.043664	0.000000	0.000000	0.000000	0.000000	0.000000	0.000000
3670	1	2	127.731476	0.000000	127.731476	2.302585	115	0.360356	0.086698	0.000000	0.000000	0.000000	0.000000	0.000000	0.000000
3180	3	2	117.780533	0.000000	117.780533	2.302585	115	0.396557	0.081968	0.000000	0.000000	0.000000	0.000000	0.000000	0.000000
3200	4	2	157.795151	0.000000	157.795151	2.302585	115	0.183715	0.044689	0.000000	0.000000	0.000000	0.000000	0.000000	0.000000
3650	5	2	132.496994	0.000000	132.496994	2.302585	115	0.304103	0.072849	0.000000	0.000000	0.000000	0.000000	0.000000	0.000000
3210	2	2	162.594345	0.000000	162.594345	2.302585	115	0.210696	0.044058	0.000000	0.000000	0.000000	0.000000	0.000000	0.000000
3680	1	2	126.786949	0.000000	126.786949	2.302585	115	0.372271	0.079092	0.000000	0.000000	0.000000	0.000000	0.000000	0.000000
3190	3	2	115.975410	0.000000	115.975410	2.302585	115	0.414453	0.091390	0.000000	0.000000	0.000000	0.000000	0.000000	0.000000
3210	4	2	153.159653	0.000000	153.159653	2.302585	115	0.185360	0.060641	0.000000	0.000000	0.000000	0.000000	0.000000	0.000000
3660	5	2	137.528702	0.000000	137.528702	2.302585	115	0.289313	0.053670	0.000000	0.000000	0.000000	0.000000	0.000000	0.000000
3220	2	2	161.755798	0.000000	161.755798	2.302585	115	0.212040	0.047795	0.000000	0.000000	0.000000	0.000000	0.000000	0.000000
3690	1	2	125.147949	0.000000	125.147949	2.302585	115	0.374634	0.065971	0.000000	0.000000	0.000000	0.000000	0.000000	0.000000
3200	3	2	115.299591	0.000000	115.299591	2.302585	115	0.413129	0.098596	0.000000	0.000000	0.000000	0.000000	0.000000	0.000000
3220	4	2	153.255768	0.000000	153.255768	2.302585	115	0.190614	0.053070	0.000000	0.000000	0.000000	0.000000	0.000000	0.000000
3670	5	2	140.788635	0.000000	140.788635	2.302585	115	0.274380	0.055035	0.000000	0.000000	0.000000	0.000000	0.000000	0.000000
3230	2	2	160.240738	0.000000	160.240738	2.302585	115	0.213311	0.052073	0.000000	0.000000	0.000000	0.000000	0.000000	0.000000
3700	1	2	127.496521	0.000000	127.496521	2.302585	115	0.349014	0.084326	0.000000	0.000000	0.000000	0.000000	0.000000	0.000000
3210	3	2	118.661354	0.000000	118.661354	2.302585	115	0.401472	0.085663	0.000000	0.000000	0.000000	0.000000	0.000000	0.000000
3680	5	2	136.514053	0.000000	136.514053	2.302585	115	0.278904	0.084058	0.000000	0.000000	0.000000	0.000000	0.000000	0.000000
3240	2	2	157.359451	0.000000	157.359451	2.302585	115	0.216367	0.051567	0.000000	0.000000	0.000000	0.000000	0.000000	0.000000
3230	4	2	151.347168	0.000000	151.347168	2.302585	115	0.194001	0.048763	0.000000	0.000000	0.000000	0.000000	0.000000	0.000000
3710	1	2	125.308044	0.000000	125.308044	2.302585	115	0.368978	0.077606	0.000000	0.000000	0.000000	0.000000	0.000000	0.000000
3690	5	2	136.600342	0.000000	136.600342	2.302585	115	0.298233	0.077197	0.000000	0.000000	0.000000	0.000000	0.000000	0.000000
3220	3	2	113.332481	0.000000	113.332481	2.302585	115	0.420586	0.089888	0.000000	0.000000	0.000000	0.000000	0.000000	0.000000
3250	2	2	152.690628	0.000000	152.690628	2.302585	115	0.231236	0.052790	0.000000	0.000000	0.000000	0.000000	0.000000	0.000000
3240	4	2	149.871262	0.000000	149.871262	2.302585	115	0.195862	0.055176	0.000000	0.000000	0.000000	0.000000	0.000000	0.000000
3720	1	2	117.149239	0.000000	117.149239	2.302585	115	0.373587	0.079962	0.000000	0.000000	0.000000	0.000000	0.000000	0.000000
3700	5	2	138.625015	0.000000	138.625015	2.302585	115	0.280171	0.072688	0.000000	0.000000	0.000000	0.000000	0.000000	0.000000
3260	2	2	151.464569	0.000000	151.464569	2.302585	115	0.231210	0.060086	0.000000	0.000000	0.000000	0.000000	0.000000	0.000000
3230	3	2	115.103317	0.000000	115.103317	2.302585	115	0.369641	0.099319	0.000000	0.000000	0.000000	0.000000	0.000000	0.000000
3250	4	2	151.265289	0.000000	151.265289	2.302585	115	0.191571	0.058389	0.000000	0.000000	0.000000	0.000000	0.000000	0.000000
3730	1	2	115.032005	0.000000	115.032005	2.302585	115	0.361368	0.097423	0.000000	0.000000	0.000000	0.000000	0.000000	0.000000
3710	5	2	137.890533	0.000000	137.890533	2.302585	115	0.304436	0.069564	0.000000	0.000000	0.000000	0.000000	0.000000	0.000000
3240	3	2	114.824890	0.000000	114.824890	2.302585	115	0.366950	0.076421	0.000000	0.000000	0.000000	0.000000	0.000000	0.000000
3270	2	2	154.730347	0.000000	154.730347	2.302585	115	0.197467	0.049772	0.000000	0.000000	0.000000	0.000000	0.000000	0.000000
3740	1	2	118.117508	0.000000	118.117508	2.302585	115	0.363433	0.090219	0.000000	0.000000	0.000000	0.000000	0.000000	0.000000
3260	4	2	152.514740	0.000000	152.514740	2.302585	115	0.193788	0.060434	0.000000	0.000000	0.000000	0.000000	0.000000	0.000000
3720	5	2	140.118668	0.000000	140.118668	2.302585	115	0.264657	0.056699	0.000000	0.000000	0.000000	0.000000	0.000000	0.000000
3250	3	2	113.406624	0.000000	113.406624	2.302585	115	0.376656	0.083678	0.000000	0.000000	0.000000	0.000000	0.000000	0.000000
3280	2	2	156.120667	0.000000	156.120667	2.302585	115	0.142082	0.054027	0.000000	0.000000	0.000000	0.000000	0.000000	0.000000
3270	4	2	152.001694	0.000000	152.001694	2.302585	115	0.196721	0.040710	0.000000	0.000000	0.000000	0.000000	0.000000	0.000000
3750	1	2	115.204987	0.000000	115.204987	2.302585	115	0.369133	0.094037	0.000000	0.000000	0.000000	0.000000	0.000000	0.000000
3730	5	2	143.812851	0.000000	143.812851	2.302585	115	0.262318	0.065676	0.000000	0.000000	0.000000	0.000000	0.000000	0.000000
3260	3	2	113.519165	0.000000	113.519165	2.302585	115	0.377088	0.099539	0.000000	0.000000	0.000000	0.000000	0.000000	0.000000
3290	2	2	158.702301	0.000000	158.702301	2.302585	115	0.141757	0.049389	0.000000	0.000000	0.000000	0.000000	0.000000	0.000000
3760	1	2	114.347717	0.000000	114.347717	2.302585	115	0.367412	0.096176	0.000000	0.000000	0.000000	0.000000	0.000000	0.000000
3280	4	2	155.675888	0.000000	155.675888	2.302585	115	0.195957	0.045018	0.000000	0.000000	0.000000	0.000000	0.000000	0.000000
3270	3	2	113.120598	0.000000	113.120598	2.302585	115	0.388140	0.098844	0.000000	0.000000	0.000000	0.000000	0.000000	0.000000
3740	5	2	139.394211	0.000000	139.394211	2.302585	115	0.264551	0.086289	0.000000	0.000000	0.000000	0.000000	0.000000	0.000000
3300	2	2	158.588425	0.000000	158.588425	2.302585	115	0.140249	0.039234	0.000000	0.000000	0.000000	0.000000	0.000000	0.000000
3770	1	2	115.434013	0.000000	115.434013	2.302585	115	0.448624	0.082524	0.000000	0.000000	0.000000	0.000000	0.000000	0.000000
3290	4	2	152.079224	0.000000	152.079224	2.302585	115	0.211171	0.054398	0.000000	0.000000	0.000000	0.000000	0.000000	0.000000
3280	3	2	111.703247	0.000000	111.703247	2.302585	115	0.388511	0.088617	0.000000	0.000000	0.000000	0.000000	0.000000	0.000000
3750	5	2	144.530151	0.000000	144.530151	2.302585	115	0.262853	0.050896	0.000000	0.000000	0.000000	0.000000	0.000000	0.000000
3780	1	2	113.627174	0.000000	113.627174	2.302585	115	0.446041	0.099053	0.000000	0.000000	0.000000	0.000000	0.000000	0.000000
3310	2	2	156.827469	0.000000	156.827469	2.302585	115	0.138512	0.034308	0.000000	0.000000	0.000000	0.000000	0.000000	0.000000
3290	3	2	113.273994	0.000000	113.273994	2.302585	115	0.383453	0.088597	0.000000	0.000000	0.000000	0.000000	0.000000	0.000000
3300	4	2	154.780563	0.000000	154.780563	2.302585	115	0.204723	0.054897	0.000000	0.000000	0.000000	0.000000	0.000000	0.000000
3760	5	2	144.782913	0.000000	144.782913	2.302585	115	0.243443	0.060080	0.000000	0.000000	0.000000	0.000000	0.000000	0.000000
3790	1	2	115.180771	0.000000	115.180771	2.302585	115	0.444549	0.099528	0.000000	0.000000	0.000000	0.000000	0.000000	0.000000
3320	2	2	156.868271	0.000000	156.868271	2.302585	115	0.143353	0.052135	0.000000	0.000000	0.000000	0.000000	0.000000	0.000000
3310	4	2	155.539337	0.000000	155.539337	2.302585	115	0.199924	0.052146	0.000000	0.000000	0.000000	0.000000	0.000000	0.000000
3300	3	2	118.264091	0.000000	118.264091	2.302585	115	0.369405	0.076744	0.000000	0.000000	0.000000	0.000000	0.000000	0.000000
3800	1	2	116.399239	0.000000	116.399239	2.302585	115	0.442520	0.076868	0.000000	0.000000	0.000000	0.000000	0.000000	0.000000
3770	5	2	147.766083	0.000000	147.766083	2.302585	115	0.243323	0.057360	0.000000	0.000000	0.000000	0.000000	0.000000	0.000000
3330	2	2	153.566101	0.000000	153.566101	2.302585	115	0.146417	0.058027	0.000000	0.000000	0.000000	0.000000	0.000000	0.000000
3320	4	2	151.729294	0.000000	151.729294	2.302585	115	0.200952	0.035464	0.000000	0.000000	0.000000	0.000000	0.000000	0.000000
3310	3	2	126.534477	0.000000	126.534477	2.302585	115	0.346817	0.074851	0.000000	0.000000	0.000000	0.000000	0.000000	0.000000
3780	5	2	146.813614	0.000000	146.813614	2.302585	115	0.243423	0.060985	0.000000	0.000000	0.000000	0.000000	0.000000	0.000000
3340	2	2	153.850830	0.000000	153.850830	2.302585	115	0.145380	0.057656	0.000000	0.000000	0.000000	0.000000	0.000000	0.000000
3810	1	2	117.660240	0.000000	117.660240	2.302585	115	0.449540	0.090774	0.000000	0.000000	0.000000	0.000000	0.000000	0.000000
3330	4	2	156.200653	0.000000	156.200653	2.302585	115	0.198629	0.042403	0.000000	0.000000	0.000000	0.000000	0.000000	0.000000
3320	3	2	125.891014	0.000000	125.891014	2.302585	115	0.345333	0.082691	0.000000	0.000000	0.000000	0.000000	0.000000	0.000000
3790	5	2	146.427094	0.000000	146.427094	2.302585	115	0.241705	0.054002	0.000000	0.000000	0.000000	0.000000	0.000000	0.000000
3820	1	2	111.271210	0.000000	111.271210	2.302585	115	0.398521	0.092311	0.000000	0.000000	0.000000	0.000000	0.000000	0.000000
3350	2	2	152.962906	0.000000	152.962906	2.302585	115	0.168112	0.061683	0.000000	0.000000	0.000000	0.000000	0.000000	0.000000
3330	3	2	126.140533	0.000000	126.140533	2.302585	115	0.342870	0.070569	0.000000	0.000000	0.000000	0.000000	0.000000	0.000000
3800	5	2	149.344650	0.000000	149.344650	2.302585	115	0.239191	0.064751	0.000000	0.000000	0.000000	0.000000	0.000000	0.000000
3340	4	2	153.804901	0.000000	153.804901	2.302585	115	0.198193	0.040757	0.000000	0.000000	0.000000	0.000000	0.000000	0.000000
3830	1	2	111.271210	0.000000	111.271210	2.302585	115	0.367414	0.092311	0.000000	0.000000	0.000000	0.000000	0.000000	0.000000
3360	2	2	146.297714	0.000000	146.297714	2.302585	115	0.173363	0.041421	0.000000	0.000000	0.000000	0.000000	0.000000	0.000000
3340	3	2	126.296646	0.000000	126.296646	2.302585	115	0.355262	0.072221	0.000000	0.000000	0.000000	0.000000	0.000000	0.000000
3350	4	2	154.723297	0.000000	154.723297	2.302585	115	0.197794	0.054428	0.000000	0.000000	0.000000	0.000000	0.000000	0.000000
3810	5	2	154.079056	0.000000	154.079056	2.302585	115	0.234102	0.048197	0.000000	0.000000	0.000000	0.000000	0.000000	0.000000
3840	1	2	117.839218	0.000000	117.839218	2.302585	115	0.364067	0.082252	0.000000	0.000000	0.000000	0.000000	0.000000	0.000000
3370	2	2	150.237427	0.000000	150.237427	2.302585	115	0.190860	0.053600	0.000000	0.000000	0.000000	0.000000	0.000000	0.000000
3360	4	2	154.018845	0.000000	154.018845	2.302585	115	0.198684	0.054390	0.000000	0.000000	0.000000	0.000000	0.000000	0.000000
3350	3	2	123.935066	0.000000	123.935066	2.302585	115	0.367667	0.074589	0.000000	0.000000	0.000000	0.000000	0.000000	0.000000
3850	1	2	123.091003	0.000000	123.091003	2.302585	115	0.360616	0.088974	0.000000	0.000000	0.000000	0.000000	0.000000	0.000000
3820	5	2	154.065033	0.000000	154.065033	2.302585	115	0.236605	0.045570	0.000000	0.000000	0.000000	0.000000	0.000000	0.000000
3380	2	2	141.265091	0.000000	141.265091	2.302585	115	0.184423	0.055991	0.000000	0.000000	0.000000	0.000000	0.000000	0.000000
3370	4	2	154.975189	0.000000	154.975189	2.302585	115	0.198403	0.048392	0.000000	0.000000	0.000000	0.000000	0.000000	0.000000
3360	3	2	124.481499	0.000000	124.481499	2.302585	115	0.359072	0.075457	0.000000	0.000000	0.000000	0.000000	0.000000	0.000000
3830	5	2	153.584854	0.000000	153.584854	2.302585	115	0.238327	0.052294	0.000000	0.000000	0.000000	0.000000	0.000000	0.000000
3860	1	2	124.064682	0.000000	124.064682	2.302585	115	0.354100	0.091802	0.000000	0.000000	0.000000	0.000000	0.000000	0.000000
3390	2	2	140.773865	0.000000	140.773865	2.302585	115	0.184277	0.068468	0.000000	0.000000	0.000000	0.000000	0.000000	0.000000
3370	3	2	123.710953	0.000000	123.710953	2.302585	115	0.359221	0.097037	0.000000	0.000000	0.000000	0.000000	0.000000	0.000000
3380	4	2	152.989639	0.000000	152.989639	2.302585	115	0.197025	0.047743	0.000000	0.000000	0.000000	0.000000	0.000000	0.000000
3840	5	2	153.233261	0.000000	153.233261	2.302585	115	0.242117	0.049991	0.000000	0.000000	0.000000	0.000000	0.000000	0.000000
3870	1	2	123.443451	0.000000	123.443451	2.302585	115	0.394739	0.075122	0.000000	0.000000	0.000000	0.000000	0.000000	0.000000
3400	2	2	138.634827	0.000000	138.634827	2.302585	115	0.190068	0.073341	0.000000	0.000000	0.000000	0.000000	0.000000	0.000000
3380	3	2	126.478928	0.000000	126.478928	2.302585	115	0.347322	0.072414	0.000000	0.000000	0.000000	0.000000	0.000000	0.000000
3390	4	2	154.832764	0.000000	154.832764	2.302585	115	0.195246	0.052183	0.000000	0.000000	0.000000	0.000000	0.000000	0.000000
3880	1	2	121.042747	0.000000	121.042747	2.302585	115	0.378788	0.097893	0.000000	0.000000	0.000000	0.000000	0.000000	0.000000
3850	5	2	157.006912	0.000000	157.006912	2.302585	115	0.236259	0.046262	0.000000	0.000000	0.000000	0.000000	0.000000	0.000000
3390	3	2	120.497131	0.000000	120.497131	2.302585	115	0.360965	0.099452	0.000000	0.000000	0.000000	0.000000	0.000000	0.000000
3400	4	2	153.330933	0.000000	153.330933	2.302585	115	0.198612	0.062584	0.000000	0.000000	0.000000	0.000000	0.000000	0.000000
3410	2	2	132.533264	0.000000	132.533264	2.302585	115	0.250924	0.063358	0.000000	0.000000	0.000000	0.000000	0.000000	0.000000
3890	1	2	125.447113	0.000000	125.447113	2.302585	115	0.331156	0.086628	0.000000	0.000000	0.000000	0.000000	0.000000	0.000000
3860	5	2	150.019073	0.000000	150.019073	2.302585	115	0.241715	0.063967	0.000000	0.000000	0.000000	0.000000	0.000000	0.000000
3420	2	2	131.294601	0.000000	131.294601	2.302585	115	0.253226	0.080567	0.000000	0.000000	0.000000	0.000000	0.000000	0.000000
3410	4	2	150.656555	0.000000	150.656555	2.302585	115	0.193809	0.056714	0.000000	0.000000	0.000000	0.000000	0.000000	0.000000
3400	3	2	117.891747	0.000000	117.891747	2.302585	115	0.363188	0.072036	0.000000	0.000000	0.000000	0.000000	0.000000	0.000000
3870	5	2	152.202301	0.000000	152.202301	2.302585	115	0.236886	0.052988	0.000000	0.000000	0.000000	0.000000	0.000000	0.000000
3900	1	2	128.835754	0.000000	128.835754	2.302585	115	0.331326	0.064430	0.000000	0.000000	0.000000	0.000000	0.000000	0.000000
3430	2	2	129.719528	0.000000	129.719528	2.302585	115	0.246230	0.065084	0.000000	0.000000	0.000000	0.000000	0.000000	0.000000
3420	4	2	149.450180	0.000000	149.450180	2.302585	115	0.201250	0.053733	0.000000	0.000000	0.000000	0.000000	0.000000	0.000000
3410	3	2	119.916672	0.000000	119.916672	2.302585	115	0.361607	0.079503	0.000000	0.000000	0.000000	0.000000	0.000000	0.000000
3880	5	2	149.859848	0.000000	149.859848	2.302585	115	0.247342	0.061023	0.000000	0.000000	0.000000	0.000000	0.000000	0.000000
3910	1	2	134.340576	0.000000	134.340576	2.302585	115	0.278757	0.069388	0.000000	0.000000	0.000000	0.000000	0.000000	0.000000
3440	2	2	132.428543	0.000000	132.428543	2.302585	115	0.243827	0.075096	0.000000	0.000000	0.000000	0.000000	0.000000	0.000000
3430	4	2	153.133987	0.000000	153.133987	2.302585	115	0.191661	0.053488	0.000000	0.000000	0.000000	0.000000	0.000000	0.000000
3920	1	2	136.299973	0.000000	136.299973	2.302585	115	0.182447	0.092512	0.000000	0.000000	0.000000	0.000000	0.000000	0.000000
3420	3	2	120.408791	0.000000	120.408791	2.302585	115	0.338089	0.082817	0.000000	0.000000	0.000000	0.000000	0.000000	0.000000
3890	5	2	149.627136	0.000000	149.627136	2.302585	115	0.196945	0.055811	0.000000	0.000000	0.000000	0.000000	0.000000	0.000000
3450	2	2	129.441589	0.000000	129.441589	2.302585	115	0.227958	0.078463	0.000000	0.000000	0.000000	0.000000	0.000000	0.000000
3440	4	2	151.226334	0.000000	151.226334	2.302585	115	0.193137	0.051297	0.000000	0.000000	0.000000	0.000000	0.000000	0.000000
3430	3	2	122.013756	0.000000	122.013756	2.302585	115	0.322678	0.099247	0.000000	0.000000	0.000000	0.000000	0.000000	0.000000
3930	1	2	138.123428	0.000000	138.123428	2.302585	115	0.185910	0.074161	0.000000	0.000000	0.000000	0.000000	0.000000	0.000000
3900	5	2	144.604874	0.000000	144.604874	2.302585	115	0.210445	0.058584	0.000000	0.000000	0.000000	0.000000	0.000000	0.000000
3460	2	2	131.565338	0.000000	131.565338	2.302585	115	0.220654	0.093797	0.000000	0.000000	0.000000	0.000000	0.000000	0.000000
3450	4	2	145.958450	0.000000	145.958450	2.302585	115	0.196642	0.044548	0.000000	0.000000	0.000000	0.000000	0.000000	0.000000
3940	1	2	136.611008	0.000000	136.611008	2.302585	115	0.185762	0.067329	0.000000	0.000000	0.000000	0.000000	0.000000	0.000000
3440	3	2	123.580772	0.000000	123.580772	2.302585	115	0.320832	0.098834	0.000000	0.000000	0.000000	0.000000	0.000000	0.000000
3910	5	2	144.046982	0.000000	144.046982	2.302585	115	0.215363	0.067293	0.000000	0.000000	0.000000	0.000000	0.000000	0.000000
3470	2	2	134.938934	0.000000	134.938934	2.302585	115	0.220489	0.073183	0.000000	0.000000	0.000000	0.000000	0.000000	0.000000
3460	4	2	146.297821	0.000000	146.297821	2.302585	115	0.198988	0.053623	0.000000	0.000000	0.000000	0.000000	0.000000	0.000000
3950	1	2	137.172287	0.000000	137.172287	2.302585	115	0.181970	0.060532	0.000000	0.000000	0.000000	0.000000	0.000000	0.000000
3450	3	2	123.895523	0.000000	123.895523	2.302585	115	0.319098	0.093680	0.000000	0.000000	0.000000	0.000000	0.000000	0.000000
3920	5	2	149.365585	0.000000	149.365585	2.302585	115	0.227551	0.049616	0.000000	0.000000	0.000000	0.000000	0.000000	0.000000
3480	2	2	139.973419	0.000000	139.973419	2.302585	115	0.213191	0.062054	0.000000	0.000000	0.000000	0.000000	0.000000	0.000000
3470	4	2	144.517487	0.000000	144.517487	2.302585	115	0.200029	0.070085	0.000000	0.000000	0.000000	0.000000	0.000000	0.000000
3960	1	2	142.221939	0.000000	142.221939	2.302585	115	0.208307	0.065210	0.000000	0.000000	0.000000	0.000000	0.000000	0.000000
3460	3	2	117.984589	0.000000	117.984589	2.302585	115	0.324316	0.059175	0.000000	0.000000	0.000000	0.000000	0.000000	0.000000
3930	5	2	147.659912	0.000000	147.659912	2.302585	115	0.223331	0.058603	0.000000	0.000000	0.000000	0.000000	0.000000	0.000000
3480	4	2	147.404129	0.000000	147.404129	2.302585	115	0.195325	0.049467	0.000000	0.000000	0.000000	0.000000	0.000000	0.000000
3490	2	2	139.421204	0.000000	139.421204	2.302585	115	0.234015	0.067444	0.000000	0.000000	0.000000	0.000000	0.000000	0.000000
3970	1	2	141.860580	0.000000	141.860580	2.302585	115	0.211447	0.065517	0.000000	0.000000	0.000000	0.000000	0.000000	0.000000
3940	5	2	149.771576	0.000000	149.771576	2.302585	115	0.224112	0.057657	0.000000	0.000000	0.000000	0.000000	0.000000	0.000000
3470	3	2	122.970398	0.000000	122.970398	2.302585	115	0.327794	0.083474	0.000000	0.000000	0.000000	0.000000	0.000000	0.000000
3490	4	2	149.056854	0.000000	149.056854	2.302585	115	0.192000	0.062875	0.000000	0.000000	0.000000	0.000000	0.000000	0.000000
3500	2	2	139.710342	0.000000	139.710342	2.302585	115	0.232413	0.058216	0.000000	0.000000	0.000000	0.000000	0.000000	0.000000
3980	1	2	140.471680	0.000000	140.471680	2.302585	115	0.205743	0.082378	0.000000	0.000000	0.000000	0.000000	0.000000	0.000000
3480	3	2	123.785583	0.000000	123.785583	2.302585	115	0.328148	0.078274	0.000000	0.000000	0.000000	0.000000	0.000000	0.000000
3500	4	2	149.457855	0.000000	149.457855	2.302585	115	0.190343	0.048118	0.000000	0.000000	0.000000	0.000000	0.000000	0.000000
3950	5	2	148.920364	0.000000	148.920364	2.302585	115	0.224364	0.058880	0.000000	0.000000	0.000000	0.000000	0.000000	0.000000
3510	2	2	140.634155	0.000000	140.634155	2.302585	115	0.228141	0.050587	0.000000	0.000000	0.000000	0.000000	0.000000	0.000000
3510	4	2	146.145386	0.000000	146.145386	2.302585	115	0.195825	0.047665	0.000000	0.000000	0.000000	0.000000	0.000000	0.000000
3990	1	2	142.338226	0.000000	142.338226	2.302585	115	0.206384	0.053452	0.000000	0.000000	0.000000	0.000000	0.000000	0.000000
3960	5	2	146.497070	0.000000	146.497070	2.302585	115	0.233957	0.047585	0.000000	0.000000	0.000000	0.000000	0.000000	0.000000
3490	3	2	123.798843	0.000000	123.798843	2.302585	115	0.324922	0.088604	0.000000	0.000000	0.000000	0.000000	0.000000	0.000000
3520	2	2	142.485779	0.000000	142.485779	2.302585	115	0.240776	0.074621	0.000000	0.000000	0.000000	0.000000	0.000000	0.000000
4000	1	2	143.095444	0.000000	143.095444	2.302585	115	0.203341	0.068797	0.000000	0.000000	0.000000	0.000000	0.000000	0.000000
3520	4	2	142.334732	0.000000	142.334732	2.302585	115	0.202747	0.060795	0.000000	0.000000	0.000000	0.000000	0.000000	0.000000
3970	5	2	153.064743	0.000000	153.064743	2.302585	115	0.210176	0.046375	0.000000	0.000000	0.000000	0.000000	0.000000	0.000000
3500	3	2	124.142632	0.000000	124.142632	2.302585	115	0.344778	0.069805	0.000000	0.000000	0.000000	0.000000	0.000000	0.000000
3530	2	2	139.712845	0.000000	139.712845	2.302585	115	0.257406	0.063222	0.000000	0.000000	0.000000	0.000000	0.000000	0.000000
4010	1	2	144.935104	0.000000	144.935104	2.302585	115	0.202527	0.057095	0.000000	0.000000	0.000000	0.000000	0.000000	0.000000
3530	4	2	142.809448	0.000000	142.809448	2.302585	115	0.239289	0.067662	0.000000	0.000000	0.000000	0.000000	0.000000	0.000000
3510	3	2	124.907944	0.000000	124.907944	2.302585	115	0.344304	0.088741	0.000000	0.000000	0.000000	0.000000	0.000000	0.000000
3980	5	2	153.583801	0.000000	153.583801	2.302585	115	0.216524	0.052651	0.000000	0.000000	0.000000	0.000000	0.000000	0.000000
3540	2	2	135.773056	0.000000	135.773056	2.302585	115	0.261648	0.055036	0.000000	0.000000	0.000000	0.000000	0.000000	0.000000
4020	1	2	145.963974	0.000000	145.963974	2.302585	115	0.205219	0.051144	0.000000	0.000000	0.000000	0.000000	0.000000	0.000000
3540	4	2	143.278900	0.000000	143.278900	2.302585	115	0.239128	0.065516	0.000000	0.000000	0.000000	0.000000	0.000000	0.000000
3990	5	2	152.164688	0.000000	152.164688	2.302585	115	0.202682	0.039810	0.000000	0.000000	0.000000	0.000000	0.000000	0.000000
3520	3	2	124.101479	0.000000	124.101479	2.302585	115	0.345288	0.077559	0.000000	0.000000	0.000000	0.000000	0.000000	0.000000
4030	1	2	153.578461	0.000000	153.578461	2.302585	115	0.187576	0.041265	0.000000	0.000000	0.000000	0.000000	0.000000	0.000000
3550	2	2	132.491180	0.000000	132.491180	2.302585	115	0.277719	0.089058	0.000000	0.000000	0.000000	0.000000	0.000000	0.000000
3550	4	2	146.605026	0.000000	146.605026	2.302585	115	0.237719	0.055475	0.000000	0.000000	0.000000	0.000000	0.000000	0.000000
4000	5	2	151.697769	0.000000	151.697769	2.302585	115	0.205494	0.054695	0.000000	0.000000	0.000000	0.000000	0.000000	0.000000
3530	3	2	123.088196	0.000000	123.088196	2.302585	115	0.430583	0.091595	0.000000	0.000000	0.000000	0.000000	0.000000	0.000000
4040	1	2	157.124054	0.000000	157.124054	2.302585	115	0.183858	0.057971	0.000000	0.000000	0.000000	0.000000	0.000000	0.000000
3560	2	2	130.148315	0.000000	130.148315	2.302585	115	0.280795	0.065902	0.000000	0.000000	0.000000	0.000000	0.000000	0.000000
3560	4	2	146.647705	0.000000	146.647705	2.302585	115	0.237104	0.056828	0.000000	0.000000	0.000000	0.000000	0.000000	0.000000
3540	3	2	118.747025	0.000000	118.747025	2.302585	115	0.431969	0.094464	0.000000	0.000000	0.000000	0.000000	0.000000	0.000000
4010	5	2	153.836090	0.000000	153.836090	2.302585	115	0.198888	0.054629	0.000000	0.000000	0.000000	0.000000	0.000000	0.000000
4050	1	2	156.221848	0.000000	156.221848	2.302585	115	0.184407	0.052646	0.000000	0.000000	0.000000	0.000000	0.000000	0.000000
3570	2	2	130.288727	0.000000	130.288727	2.302585	115	0.280412	0.064152	0.000000	0.000000	0.000000	0.000000	0.000000	0.000000
3570	4	2	152.496750	0.000000	152.496750	2.302585	115	0.228785	0.052134	0.000000	0.000000	0.000000	0.000000	0.000000	0.000000
3550	3	2	115.923561	0.000000	115.923561	2.302585	115	0.431694	0.079462	0.000000	0.000000	0.000000	0.000000	0.000000	0.000000
4020	5	2	155.818146	0.000000	155.818146	2.302585	115	0.171989	0.052004	0.000000	0.000000	0.000000	0.000000	0.000000	0.000000
4060	1	2	158.617752	0.000000	158.617752	2.302585	115	0.184323	0.048199	0.000000	0.000000	0.000000	0.000000	0.000000	0.000000
3580	2	2	133.441956	0.000000	133.441956	2.302585	115	0.411052	0.066338	0.000000	0.000000	0.000000	0.000000	0.000000	0.000000
3580	4	2	148.883438	0.000000	148.883438	2.302585	115	0.237121	0.040770	0.000000	0.000000	0.000000	0.000000	0.000000	0.000000
4070	1	2	157.805542	0.000000	157.805542	2.302585	115	0.184467	0.053416	0.000000	0.000000	0.000000	0.000000	0.000000	0.000000
3560	3	2	124.627312	0.000000	124.627312	2.302585	115	0.402158	0.067816	0.000000	0.000000	0.000000	0.000000	0.000000	0.000000
4030	5	2	150.438599	0.000000	150.438599	2.302585	115	0.167762	0.058863	0.000000	0.000000	0.000000	0.000000	0.000000	0.000000
3590	2	2	136.262543	0.000000	136.262543	2.302585	115	0.405717	0.079979	0.000000	0.000000	0.000000	0.000000	0.000000	0.000000
3590	4	2	152.782211	0.000000	152.782211	2.302585	115	0.229065	0.057992	0.000000	0.000000	0.000000	0.000000	0.000000	0.000000
4080	1	2	156.147400	0.000000	156.147400	2.302585	115	0.275052	0.051063	0.000000	0.000000	0.000000	0.000000	0.000000	0.000000
4040	5	2	152.112091	0.000000	152.112091	2.302585	115	0.168196	0.053011	0.000000	0.000000	0.000000	0.000000	0.000000	0.000000
3570	3	2	125.048645	0.000000	125.048645	2.302585	115	0.407744	0.076954	0.000000	0.000000	0.000000	0.000000	0.000000	0.000000
3600	2	2	140.419708	0.000000	140.419708	2.302585	115	0.375519	0.061869	0.000000	0.000000	0.000000	0.000000	0.000000	0.000000
3600	4	2	153.484528	0.000000	153.484528	2.302585	115	0.229189	0.049470	0.000000	0.000000	0.000000	0.000000	0.000000	0.000000
4090	1	2	155.138229	0.000000	155.138229	2.302585	115	0.274710	0.047788	0.000000	0.000000	0.000000	0.000000	0.000000	0.000000
4050	5	2	150.071136	0.000000	150.071136	2.302585	115	0.168996	0.056778	0.000000	0.000000	0.000000	0.000000	0.000000	0.000000
3580	3	2	123.858955	0.000000	123.858955	2.302585	115	0.415525	0.085931	0.000000	0.000000	0.000000	0.000000	0.000000	0.000000
3610	4	2	156.877396	0.000000	156.877396	2.302585	115	0.224928	0.039777	0.000000	0.000000	0.000000	0.000000	0.000000	0.000000
3610	2	2	137.218414	0.000000	137.218414	2.302585	115	0.376273	0.078103	0.000000	0.000000	0.000000	0.000000	0.000000	0.000000
4100	1	2	152.889206	0.000000	152.889206	2.302585	115	0.298188	0.060305	0.000000	0.000000	0.000000	0.000000	0.000000	0.000000
4060	5	2	154.241348	0.000000	154.241348	2.302585	115	0.153451	0.042632	0.000000	0.000000	0.000000	0.000000	0.000000	0.000000
3590	3	2	121.271019	0.000000	121.271019	2.302585	115	0.415610	0.092624	0.000000	0.000000	0.000000	0.000000	0.000000	0.000000
3620	4	2	154.605606	0.000000	154.605606	2.302585	115	0.229109	0.041362	0.000000	0.000000	0.000000	0.000000	0.000000	0.000000
3620	2	2	137.749725	0.000000	137.749725	2.302585	115	0.365922	0.056360	0.000000	0.000000	0.000000	0.000000	0.000000	0.000000
4110	1	2	149.571732	0.000000	149.571732	2.302585	115	0.305690	0.044546	0.000000	0.000000	0.000000	0.000000	0.000000	0.000000
3600	3	2	122.257622	0.000000	122.257622	2.302585	115	0.380494	0.073990	0.000000	0.000000	0.000000	0.000000	0.000000	0.000000
4070	5	2	149.335770	0.000000	149.335770	2.302585	115	0.161031	0.062607	0.000000	0.000000	0.000000	0.000000	0.000000	0.000000
3630	4	2	154.469788	0.000000	154.469788	2.302585	115	0.229881	0.045635	0.000000	0.000000	0.000000	0.000000	0.000000	0.000000
3630	2	2	139.570145	0.000000	139.570145	2.302585	115	0.361258	0.075474	0.000000	0.000000	0.000000	0.000000	0.000000	0.000000
4120	1	2	150.286240	0.000000	150.286240	2.302585	115	0.316584	0.054251	0.000000	0.000000	0.000000	0.000000	0.000000	0.000000
3610	3	2	125.577629	0.000000	125.577629	2.302585	115	0.373613	0.079614	0.000000	0.000000	0.000000	0.000000	0.000000	0.000000
3640	4	2	152.311691	0.000000	152.311691	2.302585	115	0.227350	0.056824	0.000000	0.000000	0.000000	0.000000	0.000000	0.000000
4080	5	2	154.239288	0.000000	154.239288	2.302585	115	0.159023	0.049356	0.000000	0.000000	0.000000	0.000000	0.000000	0.000000
3640	2	2	140.817413	0.000000	140.817413	2.302585	115	0.363433	0.066164	0.000000	0.000000	0.000000	0.000000	0.000000	0.000000
4130	1	2	145.062759	0.000000	145.062759	2.302585	115	0.311733	0.052554	0.000000	0.000000	0.000000	0.000000	0.000000	0.000000
4090	5	2	145.665482	0.000000	145.665482	2.302585	115	0.182053	0.056620	0.000000	0.000000	0.000000	0.000000	0.000000	0.000000
3620	3	2	131.285751	0.000000	131.285751	2.302585	115	0.327938	0.088166	0.000000	0.000000	0.000000	0.000000	0.000000	0.000000
3650	4	2	154.305695	0.000000	154.305695	2.302585	115	0.219718	0.043174	0.000000	0.000000	0.000000	0.000000	0.000000	0.000000
3650	2	2	141.375916	0.000000	141.375916	2.302585	115	0.362671	0.059977	0.000000	0.000000	0.000000	0.000000	0.000000	0.000000
4140	1	2	149.613815	0.000000	149.613815	2.302585	115	0.283411	0.048388	0.000000	0.000000	0.000000	0.000000	0.000000	0.000000
4100	5	2	141.047623	0.000000	141.047623	2.302585	115	0.207656	0.061519	0.000000	0.000000	0.000000	0.000000	0.000000	0.000000
3630	3	2	133.200821	0.000000	133.200821	2.302585	115	0.324155	0.067091	0.000000	0.000000	0.000000	0.000000	0.000000	0.000000
3660	4	2	151.589294	0.000000	151.589294	2.302585	115	0.239342	0.047164	0.000000	0.000000	0.000000	0.000000	0.000000	0.000000
3660	2	2	133.098816	0.000000	133.098816	2.302585	115	0.391794	0.065646	0.000000	0.000000	0.000000	0.000000	0.000000	0.000000
4150	1	2	149.087662	0.000000	149.087662	2.302585	115	0.283576	0.061242	0.000000	0.000000	0.000000	0.000000	0.000000	0.000000
4110	5	2	139.442062	0.000000	139.442062	2.302585	115	0.253696	0.072344	0.000000	0.000000	0.000000	0.000000	0.000000	0.000000
3670	4	2	152.648468	0.000000	152.648468	2.302585	115	0.229918	0.046653	0.000000	0.000000	0.000000	0.000000	0.000000	0.000000
3640	3	2	135.048630	0.000000	135.048630	2.302585	115	0.337226	0.079992	0.000000	0.000000	0.000000	0.000000	0.000000	0.000000
3670	2	2	135.063553	0.000000	135.063553	2.302585	115	0.391240	0.076868	0.000000	0.000000	0.000000	0.000000	0.000000	0.000000
4160	1	2	149.774582	0.000000	149.774582	2.302585	115	0.281632	0.047682	0.000000	0.000000	0.000000	0.000000	0.000000	0.000000
4120	5	2	145.358658	0.000000	145.358658	2.302585	115	0.243801	0.055322	0.000000	0.000000	0.000000	0.000000	0.000000	0.000000
3650	3	2	134.045303	0.000000	134.045303	2.302585	115	0.339301	0.077637	0.000000	0.000000	0.000000	0.000000	0.000000	0.000000
3680	4	2	150.541580	0.000000	150.541580	2.302585	115	0.236754	0.042984	0.000000	0.000000	0.000000	0.000000	0.000000	0.000000
3680	2	2	130.130478	0.000000	130.130478	2.302585	115	0.422504	0.064180	0.000000	0.000000	0.000000	0.000000	0.000000	0.000000
4170	1	2	152.680603	0.000000	152.680603	2.302585	115	0.258697	0.055635	0.000000	0.000000	0.000000	0.000000	0.000000	0.000000
4130	5	2	145.509384	0.000000	145.509384	2.302585	115	0.253723	0.056618	0.000000	0.000000	0.000000	0.000000	0.000000	0.000000
3660	3	2	134.365601	0.000000	134.365601	2.302585	115	0.340219	0.079761	0.000000	0.000000	0.000000	0.000000	0.000000	0.000000
3690	4	2	145.229095	0.000000	145.229095	2.302585	115	0.248659	0.063026	0.000000	0.000000	0.000000	0.000000	0.000000	0.000000
3690	2	2	131.725586	0.000000	131.725586	2.302585	115	0.428012	0.080346	0.000000	0.000000	0.000000	0.000000	0.000000	0.000000
4180	1	2	152.548233	0.000000	152.548233	2.302585	115	0.247864	0.057198	0.000000	0.000000	0.000000	0.000000	0.000000	0.000000
4140	5	2	143.282959	0.000000	143.282959	2.302585	115	0.255349	0.052961	0.000000	0.000000	0.000000	0.000000	0.000000	0.000000
3670	3	2	136.455475	0.000000	136.455475	2.302585	115	0.325841	0.071743	0.000000	0.000000	0.000000	0.000000	0.000000	0.000000
3700	4	2	145.057098	0.000000	145.057098	2.302585	115	0.247773	0.048704	0.000000	0.000000	0.000000	0.000000	0.000000	0.000000
3700	2	2	127.058853	0.000000	127.058853	2.302585	115	0.430269	0.089553	0.000000	0.000000	0.000000	0.000000	0.000000	0.000000
4190	1	2	148.369125	0.000000	148.369125	2.302585	115	0.276826	0.058235	0.000000	0.000000	0.000000	0.000000	0.000000	0.000000
4150	5	2	148.541687	0.000000	148.541687	2.302585	115	0.206025	0.051788	0.000000	0.000000	0.000000	0.000000	0.000000	0.000000
3680	3	2	137.698441	0.000000	137.698441	2.302585	115	0.251065	0.078560	0.000000	0.000000	0.000000	0.000000	0.000000	0.000000
3710	4	2	143.759247	0.000000	143.759247	2.302585	115	0.251472	0.067528	0.000000	0.000000	0.000000	0.000000	0.000000	0.000000
3710	2	2	127.224747	0.000000	127.224747	2.302585	115	0.411961	0.066690	0.000000	0.000000	0.000000	0.000000	0.000000	0.000000
4200	1	2	144.864441	0.000000	144.864441	2.302585	115	0.190355	0.056972	0.000000	0.000000	0.000000	0.000000	0.000000	0.000000
4160	5	2	151.411865	0.000000	151.411865	2.302585	115	0.195616	0.055683	0.000000	0.000000	0.000000	0.000000	0.000000	0.000000
3690	3	2	134.713470	0.000000	134.713470	2.302585	115	0.260643	0.076367	0.000000	0.000000	0.000000	0.000000	0.000000	0.000000
3720	4	2	144.694244	0.000000	144.694244	2.302585	115	0.263712	0.051489	0.000000	0.000000	0.000000	0.000000	0.000000	0.000000
3720	2	2	132.010010	0.000000	132.010010	2.302585	115	0.402154	0.077205	0.000000	0.000000	0.000000	0.000000	0.000000	0.000000
4210	1	2	147.331955	0.000000	147.331955	2.302585	115	0.191106	0.056710	0.000000	0.000000	0.000000	0.000000	0.000000	0.000000
4170	5	2	153.963089	0.000000	153.963089	2.302585	115	0.193767	0.055554	0.000000	0.000000	0.000000	0.000000	0.000000	0.000000
3700	3	2	134.411026	0.000000	134.411026	2.302585	115	0.254002	0.079879	0.000000	0.000000	0.000000	0.000000	0.000000	0.000000
3730	4	2	142.035156	0.000000	142.035156	2.302585	115	0.262660	0.057345	0.000000	0.000000	0.000000	0.000000	0.000000	0.000000
4220	1	2	149.574020	0.000000	149.574020	2.302585	115	0.188072	0.056390	0.000000	0.000000	0.000000	0.000000	0.000000	0.000000
3730	2	2	129.276001	0.000000	129.276001	2.302585	115	0.408849	0.078430	0.000000	0.000000	0.000000	0.000000	0.000000	0.000000
4180	5	2	152.807373	0.000000	152.807373	2.302585	115	0.192337	0.062195	0.000000	0.000000	0.000000	0.000000	0.000000	0.000000
3740	4	2	141.701508	0.000000	141.701508	2.302585	115	0.261584	0.058428	0.000000	0.000000	0.000000	0.000000	0.000000	0.000000
4230	1	2	151.450302	0.000000	151.450302	2.302585	115	0.184350	0.062779	0.000000	0.000000	0.000000	0.000000	0.000000	0.000000
3710	3	2	130.927246	0.000000	130.927246	2.302585	115	0.266373	0.074516	0.000000	0.000000	0.000000	0.000000	0.000000	0.000000
3740	2	2	128.263428	0.000000	128.263428	2.302585	115	0.406539	0.084034	0.000000	0.000000	0.000000	0.000000	0.000000	0.000000
4190	5	2	152.245682	0.000000	152.245682	2.302585	115	0.194261	0.039329	0.000000	0.000000	0.000000	0.000000	0.000000	0.000000
3750	4	2	147.562805	0.000000	147.562805	2.302585	115	0.254150	0.059056	0.000000	0.000000	0.000000	0.000000	0.000000	0.000000
4240	1	2	150.427383	0.000000	150.427383	2.302585	115	0.188741	0.052362	0.000000	0.000000	0.000000	0.000000	0.000000	0.000000
3720	3	2	133.192291	0.000000	133.192291	2.302585	115	0.244551	0.075587	0.000000	0.000000	0.000000	0.000000	0.000000	0.000000
3750	2	2	126.691139	0.000000	126.691139	2.302585	115	0.408656	0.071318	0.000000	0.000000	0.000000	0.000000	0.000000	0.000000
4200	5	2	152.401367	0.000000	152.401367	2.302585	115	0.202684	0.049805	0.000000	0.000000	0.000000	0.000000	0.000000	0.000000
3760	4	2	147.090759	0.000000	147.090759	2.302585	115	0.287050	0.062740	0.000000	0.000000	0.000000	0.000000	0.000000	0.000000
4250	1	2	152.859756	0.000000	152.859756	2.302585	115	0.185219	0.051412	0.000000	0.000000	0.000000	0.000000	0.000000	0.000000
3730	3	2	133.876541	0.000000	133.876541	2.302585	115	0.243218	0.061770	0.000000	0.000000	0.000000	0.000000	0.000000	0.000000
3760	2	2	125.137253	0.000000	125.137253	2.302585	115	0.392522	0.076182	0.000000	0.000000	0.000000	0.000000	0.000000	0.000000
4210	5	2	155.024551	0.000000	155.024551	2.302585	115	0.190653	0.053678	0.000000	0.000000	0.000000	0.000000	0.000000	0.000000
3770	4	2	145.500000	0.000000	145.500000	2.302585	115	0.350200	0.073070	0.000000	0.000000	0.000000	0.000000	0.000000	0.000000
3740	3	2	135.007828	0.000000	135.007828	2.302585	115	0.243054	0.067294	0.000000	0.000000	0.000000	0.000000	0.000000	0.000000
4260	1	2	152.600601	0.000000	152.600601	2.302585	115	0.185375	0.051246	0.000000	0.000000	0.000000	0.000000	0.000000	0.000000
3770	2	2	131.296173	0.000000	131.296173	2.302585	115	0.391067	0.078635	0.000000	0.000000	0.000000	0.000000	0.000000	0.000000
4220	5	2	156.972580	0.000000	156.972580	2.302585	115	0.187801	0.058280	0.000000	0.000000	0.000000	0.000000	0.000000	0.000000
3780	4	2	145.225174	0.000000	145.225174	2.302585	115	0.353586	0.051914	0.000000	0.000000	0.000000	0.000000	0.000000	0.000000
3750	3	2	135.571518	0.000000	135.571518	2.302585	115	0.231409	0.055573	0.000000	0.000000	0.000000	0.000000	0.000000	0.000000
4270	1	2	146.497894	0.000000	146.497894	2.302585	115	0.193718	0.045737	0.000000	0.000000	0.000000	0.000000	0.000000	0.000000
3780	2	2	134.741135	0.000000	134.741135	2.302585	115	0.384062	0.065832	0.000000	0.000000	0.000000	0.000000	0.000000	0.000000
4230	5	2	159.416931	0.000000	159.416931	2.302585	115	0.186489	0.045688	0.000000	0.000000	0.000000	0.000000	0.000000	0.000000
3790	4	2	141.465195	0.000000	141.465195	2.302585	115	0.384326	0.069159	0.000000	0.000000	0.000000	0.000000	0.000000	0.000000
3760	3	2	138.613083	0.000000	138.613083	2.302585	115	0.239122	0.065407	0.000000	0.000000	0.000000	0.000000	0.000000	0.000000
4280	1	2	142.948639	0.000000	142.948639	2.302585	115	0.204252	0.074905	0.000000	0.000000	0.000000	0.000000	0.000000	0.000000
3790	2	2	133.850693	0.000000	133.850693	2.302585	115	0.378203	0.062233	0.000000	0.000000	0.000000	0.000000	0.000000	0.000000
4240	5	2	159.773544	0.000000	159.773544	2.302585	115	0.185128	0.047052	0.000000	0.000000	0.000000	0.000000	0.000000	0.000000
3800	4	2	141.417343	0.000000	141.417343	2.302585	115	0.384757	0.058908	0.000000	0.000000	0.000000	0.000000	0.000000	0.000000
4290	1	2	142.993729	0.000000	142.993729	2.302585	115	0.206567	0.058119	0.000000	0.000000	0.000000	0.000000	0.000000	0.000000
3770	3	2	137.053436	0.000000	137.053436	2.302585	115	0.239878	0.063482	0.000000	0.000000	0.000000	0.000000	0.000000	0.000000
3800	2	2	131.899399	0.000000	131.899399	2.302585	115	0.383736	0.073111	0.000000	0.000000	0.000000	0.000000	0.000000	0.000000
4250	5	2	162.085480	0.000000	162.085480	2.302585	115	0.181552	0.038667	0.000000	0.000000	0.000000	0.000000	0.000000	0.000000
3810	4	2	141.568756	0.000000	141.568756	2.302585	115	0.395449	0.062292	0.000000	0.000000	0.000000	0.000000	0.000000	0.000000
4300	1	2	134.539993	0.000000	134.539993	2.302585	115	0.221953	0.059997	0.000000	0.000000	0.000000	0.000000	0.000000	0.000000
3810	2	2	122.824684	0.000000	122.824684	2.302585	115	0.490368	0.094045	0.000000	0.000000	0.000000	0.000000	0.000000	0.000000
3820	4	2	139.738190	0.000000	139.738190	2.302585	115	0.391711	0.072092	0.000000	0.000000	0.000000	0.000000	0.000000	0.000000
4260	5	2	162.694275	0.000000	162.694275	2.302585	115	0.181524	0.043111	0.000000	0.000000	0.000000	0.000000	0.000000	0.000000
3780	3	2	133.948944	0.000000	133.948944	2.302585	115	0.248425	0.075617	0.000000	0.000000	0.000000	0.000000	0.000000	0.000000
4310	1	2	134.902756	0.000000	134.902756	2.302585	115	0.220830	0.067219	0.000000	0.000000	0.000000	0.000000	0.000000	0.000000
3790	3	2	132.558899	0.000000	132.558899	2.302585	115	0.252775	0.069211	0.000000	0.000000	0.000000	0.000000	0.000000	0.000000
3820	2	2	122.944435	0.000000	122.944435	2.302585	115	0.487072	0.087814	0.000000	0.000000	0.000000	0.000000	0.000000	0.000000
4270	5	2	163.791611	0.000000	163.791611	2.302585	115	0.180428	0.041467	0.000000	0.000000	0.000000	0.000000	0.000000	0.000000
3830	4	2	142.613235	0.000000	142.613235	2.302585	115	0.388551	0.063038	0.000000	0.000000	0.000000	0.000000	0.000000	0.000000
4320	1	2	138.397491	0.000000	138.397491	2.302585	115	0.218954	0.054838	0.000000	0.000000	0.000000	0.000000	0.000000	0.000000
3800	3	2	130.403976	0.000000	130.403976	2.302585	115	0.253844	0.092025	0.000000	0.000000	0.000000	0.000000	0.000000	0.000000
4280	5	2	163.856735	0.000000	163.856735	2.302585	115	0.179864	0.049090	0.000000	0.000000	0.000000	0.000000	0.000000	0.000000
3830	2	2	117.171906	0.000000	117.171906	2.302585	115	0.491343	0.064874	0.000000	0.000000	0.000000	0.000000	0.000000	0.000000
3840	4	2	137.611862	0.000000	137.611862	2.302585	115	0.395140	0.073264	0.000000	0.000000	0.000000	0.000000	0.000000	0.000000
4330	1	2	134.328156	0.000000	134.328156	2.302585	115	0.221113	0.088621	0.000000	0.000000	0.000000	0.000000	0.000000	0.000000
4290	5	2	163.141708	0.000000	163.141708	2.302585	115	0.181646	0.038913	0.000000	0.000000	0.000000	0.000000	0.000000	0.000000
3810	3	2	131.819443	0.000000	131.819443	2.302585	115	0.250337	0.081695	0.000000	0.000000	0.000000	0.000000	0.000000	0.000000
3840	2	2	119.700150	0.000000	119.700150	2.302585	115	0.493839	0.098436	0.000000	0.000000	0.000000	0.000000	0.000000	0.000000
3850	4	2	131.069046	0.000000	131.069046	2.302585	115	0.408031	0.076839	0.000000	0.000000	0.000000	0.000000	0.000000	0.000000
4340	1	2	135.037247	0.000000	135.037247	2.302585	115	0.228361	0.078870	0.000000	0.000000	0.000000	0.000000	0.000000	0.000000
4300	5	2	157.955521	0.000000	157.955521	2.302585	115	0.185981	0.035119	0.000000	0.000000	0.000000	0.000000	0.000000	0.000000
3850	2	2	122.075974	0.000000	122.075974	2.302585	115	0.485644	0.075607	0.000000	0.000000	0.000000	0.000000	0.000000	0.000000
3820	3	2	129.522354	0.000000	129.522354	2.302585	115	0.235236	0.091392	0.000000	0.000000	0.000000	0.000000	0.000000	0.000000
3860	4	2	134.112885	0.000000	134.112885	2.302585	115	0.400285	0.078492	0.000000	0.000000	0.000000	0.000000	0.000000	0.000000
4350	1	2	129.582932	0.000000	129.582932	2.302585	115	0.268837	0.078863	0.000000	0.000000	0.000000	0.000000	0.000000	0.000000
3860	2	2	123.570915	0.000000	123.570915	2.302585	115	0.500036	0.086845	0.000000	0.000000	0.000000	0.000000	0.000000	0.000000
4310	5	2	152.736084	0.000000	152.736084	2.302585	115	0.191813	0.060618	0.000000	0.000000	0.000000	0.000000	0.000000	0.000000
3830	3	2	127.512787	0.000000	127.512787	2.302585	115	0.262322	0.073044	0.000000	0.000000	0.000000	0.000000	0.000000	0.000000
3870	4	2	133.468277	0.000000	133.468277	2.302585	115	0.402365	0.063951	0.000000	0.000000	0.000000	0.000000	0.000000	0.000000
4360	1	2	131.547485	0.000000	131.547485	2.302585	115	0.242964	0.086092	0.000000	0.000000	0.000000	0.000000	0.000000	0.000000
3870	2	2	129.762711	0.000000	129.762711	2.302585	115	0.395368	0.083954	0.000000	0.000000	0.000000	0.000000	0.000000	0.000000
4320	5	2	152.203964	0.000000	152.203964	2.302585	115	0.193289	0.050670	0.000000	0.000000	0.000000	0.000000	0.000000	0.000000
3840	3	2	123.014084	0.000000	123.014084	2.302585	115	0.258830	0.092589	0.000000	0.000000	0.000000	0.000000	0.000000	0.000000
4370	1	2	135.895264	0.000000	135.895264	2.302585	115	0.236162	0.072085	0.000000	0.000000	0.000000	0.000000	0.000000	0.000000
3880	4	2	130.193329	0.000000	130.193329	2.302585	115	0.398528	0.073921	0.000000	0.000000	0.000000	0.000000	0.000000	0.000000
3880	2	2	131.931564	0.000000	131.931564	2.302585	115	0.390014	0.074821	0.000000	0.000000	0.000000	0.000000	0.000000	0.000000
4330	5	2	154.956146	0.000000	154.956146	2.302585	115	0.188948	0.048782	0.000000	0.000000	0.000000	0.000000	0.000000	0.000000
3850	3	2	126.896172	0.000000	126.896172	2.302585	115	0.253116	0.091814	0.000000	0.000000	0.000000	0.000000	0.000000	0.000000
4380	1	2	139.068604	0.000000	139.068604	2.302585	115	0.234041	0.061875	0.000000	0.000000	0.000000	0.000000	0.000000	0.000000
3890	4	2	134.407883	0.000000	134.407883	2.302585	115	0.367872	0.069353	0.000000	0.000000	0.000000	0.000000	0.000000	0.000000
4340	5	2	155.495453	0.000000	155.495453	2.302585	115	0.189302	0.046636	0.000000	0.000000	0.000000	0.000000	0.000000	0.000000
3890	2	2	134.172592	0.000000	134.172592	2.302585	115	0.370540	0.062232	0.000000	0.000000	0.000000	0.000000	0.000000	0.000000
3860	3	2	124.846939	0.000000	124.846939	2.302585	115	0.253711	0.085284	0.000000	0.000000	0.000000	0.000000	0.000000	0.000000
4390	1	2	134.653122	0.000000	134.653122	2.302585	115	0.259135	0.081578	0.000000	0.000000	0.000000	0.000000	0.000000	0.000000
3900	4	2	129.306610	0.000000	129.306610	2.302585	115	0.429971	0.069107	0.000000	0.000000	0.000000	0.000000	0.000000	0.000000
3900	2	2	139.257141	0.000000	139.257141	2.302585	115	0.356673	0.050324	0.000000	0.000000	0.000000	0.000000	0.000000	0.000000
4350	5	2	155.870697	0.000000	155.870697	2.302585	115	0.184327	0.038378	0.000000	0.000000	0.000000	0.000000	0.000000	0.000000
4400	1	2	137.188416	0.000000	137.188416	2.302585	115	0.252689	0.059309	0.000000	0.000000	0.000000	0.000000	0.000000	0.000000
3870	3	2	124.148613	0.000000	124.148613	2.302585	115	0.262214	0.080317	0.000000	0.000000	0.000000	0.000000	0.000000	0.000000
3910	4	2	133.699783	0.000000	133.699783	2.302585	115	0.366803	0.058003	0.000000	0.000000	0.000000	0.000000	0.000000	0.000000
3910	2	2	137.944702	0.000000	137.944702	2.302585	115	0.359067	0.049295	0.000000	0.000000	0.000000	0.000000	0.000000	0.000000
4360	5	2	155.660812	0.000000	155.660812	2.302585	115	0.187984	0.037114	0.000000	0.000000	0.000000	0.000000	0.000000	0.000000
4410	1	2	136.566284	0.000000	136.566284	2.302585	115	0.252261	0.056359	0.000000	0.000000	0.000000	0.000000	0.000000	0.000000
3880	3	2	128.350876	0.000000	128.350876	2.302585	115	0.257889	0.090600	0.000000	0.000000	0.000000	0.000000	0.000000	0.000000
3920	2	2	137.824570	0.000000	137.824570	2.302585	115	0.361322	0.060764	0.000000	0.000000	0.000000	0.000000	0.000000	0.000000
3920	4	2	132.648636	0.000000	132.648636	2.302585	115	0.362385	0.089168	0.000000	0.000000	0.000000	0.000000	0.000000	0.000000
4370	5	2	151.258926	0.000000	151.258926	2.302585	115	0.207871	0.069328	0.000000	0.000000	0.000000	0.000000	0.000000	0.000000
3890	3	2	128.017899	0.000000	128.017899	2.302585	115	0.261321	0.076387	0.000000	0.000000	0.000000	0.000000	0.000000	0.000000
4420	1	2	135.582138	0.000000	135.582138	2.302585	115	0.255411	0.072450	0.000000	0.000000	0.000000	0.000000	0.000000	0.000000
3930	4	2	134.519485	0.000000	134.519485	2.302585	115	0.352816	0.059222	0.000000	0.000000	0.000000	0.000000	0.000000	0.000000
3930	2	2	136.780823	0.000000	136.780823	2.302585	115	0.362643	0.066113	0.000000	0.000000	0.000000	0.000000	0.000000	0.000000
4380	5	2	154.427444	0.000000	154.427444	2.302585	115	0.177869	0.052553	0.000000	0.000000	0.000000	0.000000	0.000000	0.000000
4430	1	2	132.570114	0.000000	132.570114	2.302585	115	0.259313	0.071089	0.000000	0.000000	0.000000	0.000000	0.000000	0.000000
3900	3	2	128.783463	0.000000	128.783463	2.302585	115	0.261340	0.071171	0.000000	0.000000	0.000000	0.000000	0.000000	0.000000
3940	2	2	136.673615	0.000000	136.673615	2.302585	115	0.362571	0.064573	0.000000	0.000000	0.000000	0.000000	0.000000	0.000000
4440	1	2	133.354507	0.000000	133.354507	2.302585	115	0.258080	0.064683	0.000000	0.000000	0.000000	0.000000	0.000000	0.000000
3940	4	2	140.787964	0.000000	140.787964	2.302585	115	0.348574	0.042460	0.000000	0.000000	0.000000	0.000000	0.000000	0.000000
4390	5	2	154.017807	0.000000	154.017807	2.302585	115	0.180219	0.052144	0.000000	0.000000	0.000000	0.000000	0.000000	0.000000
3910	3	2	128.543335	0.000000	128.543335	2.302585	115	0.260364	0.063990	0.000000	0.000000	0.000000	0.000000	0.000000	0.000000
3950	2	2	133.915009	0.000000	133.915009	2.302585	115	0.402737	0.065516	0.000000	0.000000	0.000000	0.000000	0.000000	0.000000
4450	1	2	136.633377	0.000000	136.633377	2.302585	115	0.246000	0.074000	0.000000	0.000000	0.000000	0.000000	0.000000	0.000000
4400	5	2	153.599121	0.000000	153.599121	2.302585	115	0.179393	0.041129	0.000000	0.000000	0.000000	0.000000	0.000000	0.000000
3950	4	2	141.008469	0.000000	141.008469	2.302585	115	0.348403	0.070517	0.000000	0.000000	0.000000	0.000000	0.000000	0.000000
3920	3	2	131.958710	0.000000	131.958710	2.302585	115	0.258674	0.072105	0.000000	0.000000	0.000000	0.000000	0.000000	0.000000
3960	2	2	135.127762	0.000000	135.127762	2.302585	115	0.404489	0.065753	0.000000	0.000000	0.000000	0.000000	0.000000	0.000000
4460	1	2	133.116333	0.000000	133.116333	2.302585	115	0.251648	0.081363	0.000000	0.000000	0.000000	0.000000	0.000000	0.000000
3960	4	2	142.150986	0.000000	142.150986	2.302585	115	0.348235	0.056951	0.000000	0.000000	0.000000	0.000000	0.000000	0.000000
4410	5	2	153.665909	0.000000	153.665909	2.302585	115	0.184052	0.062968	0.000000	0.000000	0.000000	0.000000	0.000000	0.000000
3930	3	2	125.297142	0.000000	125.297142	2.302585	115	0.275810	0.087625	0.000000	0.000000	0.000000	0.000000	0.000000	0.000000
3970	2	2	132.397736	0.000000	132.397736	2.302585	115	0.284107	0.070853	0.000000	0.000000	0.000000	0.000000	0.000000	0.000000
4470	1	2	137.691788	0.000000	137.691788	2.302585	115	0.244786	0.083979	0.000000	0.000000	0.000000	0.000000	0.000000	0.000000
4420	5	2	148.886200	0.000000	148.886200	2.302585	115	0.185802	0.063485	0.000000	0.000000	0.000000	0.000000	0.000000	0.000000
3970	4	2	143.179688	0.000000	143.179688	2.302585	115	0.344907	0.058660	0.000000	0.000000	0.000000	0.000000	0.000000	0.000000
3940	3	2	123.521210	0.000000	123.521210	2.302585	115	0.299651	0.078924	0.000000	0.000000	0.000000	0.000000	0.000000	0.000000
4430	5	2	147.062881	0.000000	147.062881	2.302585	115	0.185883	0.067970	0.000000	0.000000	0.000000	0.000000	0.000000	0.000000
4480	1	2	145.231339	0.000000	145.231339	2.302585	115	0.236971	0.059851	0.000000	0.000000	0.000000	0.000000	0.000000	0.000000
3980	2	2	132.098770	0.000000	132.098770	2.302585	115	0.313756	0.085730	0.000000	0.000000	0.000000	0.000000	0.000000	0.000000
3980	4	2	142.251114	0.000000	142.251114	2.302585	115	0.358194	0.056163	0.000000	0.000000	0.000000	0.000000	0.000000	0.000000
3950	3	2	124.783562	0.000000	124.783562	2.302585	115	0.283056	0.097938	0.000000	0.000000	0.000000	0.000000	0.000000	0.000000
4440	5	2	150.973801	0.000000	150.973801	2.302585	115	0.181305	0.047573	0.000000	0.000000	0.000000	0.000000	0.000000	0.000000
4490	1	2	142.889145	0.000000	142.889145	2.302585	115	0.242248	0.056906	0.000000	0.000000	0.000000	0.000000	0.000000	0.000000
3990	4	2	144.713593	0.000000	144.713593	2.302585	115	0.345113	0.057380	0.000000	0.000000	0.000000	0.000000	0.000000	0.000000
3990	2	2	137.569305	0.000000	137.569305	2.302585	115	0.293317	0.066278	0.000000	0.000000	0.000000	0.000000	0.000000	0.000000
3960	3	2	127.078590	0.000000	127.078590	2.302585	115	0.276646	0.092571	0.000000	0.000000	0.000000	0.000000	0.000000	0.000000
4450	5	2	152.104065	0.000000	152.104065	2.302585	115	0.179207	0.044998	0.000000	0.000000	0.000000	0.000000	0.000000	0.000000
4500	1	2	144.639404	0.000000	144.639404	2.302585	115	0.236134	0.058138	0.000000	0.000000	0.000000	0.000000	0.000000	0.000000
4000	2	2	137.231827	0.000000	137.231827	2.302585	115	0.293755	0.064193	0.000000	0.000000	0.000000	0.000000	0.000000	0.000000
4000	4	2	147.169006	0.000000	147.169006	2.302585	115	0.339288	0.056327	0.000000	0.000000	0.000000	0.000000	0.000000	0.000000
3970	3	2	132.846161	0.000000	132.846161	2.302585	115	0.270334	0.075821	0.000000	0.000000	0.000000	0.000000	0.000000	0.000000
4460	5	2	151.152283	0.000000	151.152283	2.302585	115	0.180963	0.050160	0.000000	0.000000	0.000000	0.000000	0.000000	0.000000
4010	2	2	136.829788	0.000000	136.829788	2.302585	115	0.277734	0.067147	0.000000	0.000000	0.000000	0.000000	0.000000	0.000000
4510	1	2	150.911758	0.000000	150.911758	2.302585	115	0.224039	0.051222	0.000000	0.000000	0.000000	0.000000	0.000000	0.000000
4010	4	2	149.369858	0.000000	149.369858	2.302585	115	0.337414	0.053783	0.000000	0.000000	0.000000	0.000000	0.000000	0.000000
3980	3	2	131.728760	0.000000	131.728760	2.302585	115	0.269150	0.057057	0.000000	0.000000	0.000000	0.000000	0.000000	0.000000
4520	1	2	150.309265	0.000000	150.309265	2.302585	115	0.220245	0.047944	0.000000	0.000000	0.000000	0.000000	0.000000	0.000000
4020	2	2	139.367676	0.000000	139.367676	2.302585	115	0.277651	0.070823	0.000000	0.000000	0.000000	0.000000	0.000000	0.000000
4470	5	2	151.030258	0.000000	151.030258	2.302585	115	0.182132	0.054507	0.000000	0.000000	0.000000	0.000000	0.000000	0.000000
3990	3	2	134.774841	0.000000	134.774841	2.302585	115	0.266214	0.070774	0.000000	0.000000	0.000000	0.000000	0.000000	0.000000
4020	4	2	149.779907	0.000000	149.779907	2.302585	115	0.350977	0.051783	0.000000	0.000000	0.000000	0.000000	0.000000	0.000000
4530	1	2	152.959686	0.000000	152.959686	2.302585	115	0.215838	0.051439	0.000000	0.000000	0.000000	0.000000	0.000000	0.000000
4030	2	2	133.335632	0.000000	133.335632	2.302585	115	0.290369	0.066735	0.000000	0.000000	0.000000	0.000000	0.000000	0.000000
4480	5	2	158.348007	0.000000	158.348007	2.302585	115	0.163602	0.048972	0.000000	0.000000	0.000000	0.000000	0.000000	0.000000
4030	4	2	149.996170	0.000000	149.996170	2.302585	115	0.349172	0.057715	0.000000	0.000000	0.000000	0.000000	0.000000	0.000000
4000	3	2	136.162598	0.000000	136.162598	2.302585	115	0.264056	0.072094	0.000000	0.000000	0.000000	0.000000	0.000000	0.000000
4540	1	2	153.769714	0.000000	153.769714	2.302585	115	0.210802	0.043578	0.000000	0.000000	0.000000	0.000000	0.000000	0.000000
4040	4	2	148.854675	0.000000	148.854675	2.302585	115	0.353649	0.057318	0.000000	0.000000	0.000000	0.000000	0.000000	0.000000
4490	5	2	160.119385	0.000000	160.119385	2.302585	115	0.165159	0.043832	0.000000	0.000000	0.000000	0.000000	0.000000	0.000000
4010	3	2	133.764709	0.000000	133.764709	2.302585	115	0.357968	0.063786	0.000000	0.000000	0.000000	0.000000	0.000000	0.000000
4040	2	2	134.393784	0.000000	134.393784	2.302585	115	0.289102	0.072617	0.000000	0.000000	0.000000	0.000000	0.000000	0.000000
4550	1	2	154.275940	0.000000	154.275940	2.302585	115	0.205633	0.065008	0.000000	0.000000	0.000000	0.000000	0.000000	0.000000
4050	2	2	138.762466	0.000000	138.762466	2.302585	115	0.275413	0.066759	0.000000	0.000000	0.000000	0.000000	0.000000	0.000000
4020	3	2	134.362762	0.000000	134.362762	2.302585	115	0.354811	0.083132	0.000000	0.000000	0.000000	0.000000	0.000000	0.000000
4050	4	2	149.346954	0.000000	149.346954	2.302585	115	0.344253	0.069822	0.000000	0.000000	0.000000	0.000000	0.000000	0.000000
4500	5	2	159.668655	0.000000	159.668655	2.302585	115	0.164949	0.049821	0.000000	0.000000	0.000000	0.000000	0.000000	0.000000
4560	1	2	156.080704	0.000000	156.080704	2.302585	115	0.212579	0.051664	0.000000	0.000000	0.000000	0.000000	0.000000	0.000000
4510	5	2	162.868591	0.000000	162.868591	2.302585	115	0.161488	0.049039	0.000000	0.000000	0.000000	0.000000	0.000000	0.000000
4030	3	2	139.885895	0.000000	139.885895	2.302585	115	0.341745	0.063002	0.000000	0.000000	0.000000	0.000000	0.000000	0.000000
4060	4	2	152.316254	0.000000	152.316254	2.302585	115	0.218202	0.054728	0.000000	0.000000	0.000000	0.000000	0.000000	0.000000
4060	2	2	138.543518	0.000000	138.543518	2.302585	115	0.278232	0.061991	0.000000	0.000000	0.000000	0.000000	0.000000	0.000000
4570	1	2	153.437134	0.000000	153.437134	2.302585	115	0.217420	0.048846	0.000000	0.000000	0.000000	0.000000	0.000000	0.000000
4040	3	2	142.728394	0.000000	142.728394	2.302585	115	0.336146	0.060515	0.000000	0.000000	0.000000	0.000000	0.000000	0.000000
4520	5	2	164.277893	0.000000	164.277893	2.302585	115	0.160303	0.044540	0.000000	0.000000	0.000000	0.000000	0.000000	0.000000
4070	4	2	153.697098	0.000000	153.697098	2.302585	115	0.243576	0.056371	0.000000	0.000000	0.000000	0.000000	0.000000	0.000000
4070	2	2	136.163773	0.000000	136.163773	2.302585	115	0.276341	0.083656	0.000000	0.000000	0.000000	0.000000	0.000000	0.000000
4580	1	2	151.587219	0.000000	151.587219	2.302585	115	0.216997	0.057906	0.000000	0.000000	0.000000	0.000000	0.000000	0.000000
4530	5	2	165.101364	0.000000	165.101364	2.302585	115	0.159979	0.038585	0.000000	0.000000	0.000000	0.000000	0.000000	0.000000
4080	2	2	139.703476	0.000000	139.703476	2.302585	115	0.274600	0.060662	0.000000	0.000000	0.000000	0.000000	0.000000	0.000000
4050	3	2	140.560165	0.000000	140.560165	2.302585	115	0.337431	0.078441	0.000000	0.000000	0.000000	0.000000	0.000000	0.000000
4080	4	2	153.148239	0.000000	153.148239	2.302585	115	0.243212	0.042596	0.000000	0.000000	0.000000	0.000000	0.000000	0.000000
4590	1	2	151.231247	0.000000	151.231247	2.302585	115	0.209250	0.060769	0.000000	0.000000	0.000000	0.000000	0.000000	0.000000
4540	5	2	160.582809	0.000000	160.582809	2.302585	115	0.162918	0.054966	0.000000	0.000000	0.000000	0.000000	0.000000	0.000000
4090	2	2	136.626755	0.000000	136.626755	2.302585	115	0.278900	0.075022	0.000000	0.000000	0.000000	0.000000	0.000000	0.000000
4060	3	2	144.067383	0.000000	144.067383	2.302585	115	0.337178	0.070300	0.000000	0.000000	0.000000	0.000000	0.000000	0.000000
4090	4	2	150.650024	0.000000	150.650024	2.302585	115	0.245788	0.045521	0.000000	0.000000	0.000000	0.000000	0.000000	0.000000
4600	1	2	146.957901	0.000000	146.957901	2.302585	115	0.210215	0.063907	0.000000	0.000000	0.000000	0.000000	0.000000	0.000000
4550	5	2	162.734848	0.000000	162.734848	2.302585	115	0.162518	0.040418	0.000000	0.000000	0.000000	0.000000	0.000000	0.000000
4100	4	2	150.096375	0.000000	150.096375	2.302585	115	0.242047	0.050154	0.000000	0.000000	0.000000	0.000000	0.000000	0.000000
4070	3	2	145.247055	0.000000	145.247055	2.302585	115	0.340330	0.059920	0.000000	0.000000	0.000000	0.000000	0.000000	0.000000
4100	2	2	132.923325	0.000000	132.923325	2.302585	115	0.318479	0.094903	0.000000	0.000000	0.000000	0.000000	0.000000	0.000000
4610	1	2	144.642288	0.000000	144.642288	2.302585	115	0.212377	0.051791	0.000000	0.000000	0.000000	0.000000	0.000000	0.000000
4560	5	2	162.435272	0.000000	162.435272	2.302585	115	0.162100	0.031136	0.000000	0.000000	0.000000	0.000000	0.000000	0.000000
4620	1	2	143.492722	0.000000	143.492722	2.302585	115	0.165599	0.065689	0.000000	0.000000	0.000000	0.000000	0.000000	0.000000
4110	2	2	125.451630	0.000000	125.451630	2.302585	115	0.365083	0.079606	0.000000	0.000000	0.000000	0.000000	0.000000	0.000000
4080	3	2	142.934189	0.000000	142.934189	2.302585	115	0.320940	0.047574	0.000000	0.000000	0.000000	0.000000	0.000000	0.000000
4110	4	2	152.051163	0.000000	152.051163	2.302585	115	0.248832	0.060125	0.000000	0.000000	0.000000	0.000000	0.000000	0.000000
4570	5	2	164.686905	0.000000	164.686905	2.302585	115	0.160046	0.048284	0.000000	0.000000	0.000000	0.000000	0.000000	0.000000
4120	4	2	149.992554	0.000000	149.992554	2.302585	115	0.248868	0.066472	0.000000	0.000000	0.000000	0.000000	0.000000	0.000000
4630	1	2	137.760345	0.000000	137.760345	2.302585	115	0.230495	0.072296	0.000000	0.000000	0.000000	0.000000	0.000000	0.000000
4090	3	2	143.652939	0.000000	143.652939	2.302585	115	0.321861	0.049090	0.000000	0.000000	0.000000	0.000000	0.000000	0.000000
4120	2	2	127.514412	0.000000	127.514412	2.302585	115	0.320947	0.067349	0.000000	0.000000	0.000000	0.000000	0.000000	0.000000
4580	5	2	165.635971	0.000000	165.635971	2.302585	115	0.161870	0.036979	0.000000	0.000000	0.000000	0.000000	0.000000	0.000000
4640	1	2	137.498581	0.000000	137.498581	2.302585	115	0.230810	0.071276	0.000000	0.000000	0.000000	0.000000	0.000000	0.000000
4130	2	2	130.056915	0.000000	130.056915	2.302585	115	0.316109	0.077228	0.000000	0.000000	0.000000	0.000000	0.000000	0.000000
4130	4	2	150.676056	0.000000	150.676056	2.302585	115	0.254584	0.051259	0.000000	0.000000	0.000000	0.000000	0.000000	0.000000
4100	3	2	139.508148	0.000000	139.508148	2.302585	115	0.325551	0.051366	0.000000	0.000000	0.000000	0.000000	0.000000	0.000000
4590	5	2	167.082138	0.000000	167.082138	2.302585	115	0.152856	0.038899	0.000000	0.000000	0.000000	0.000000	0.000000	0.000000
4650	1	2	138.928101	0.000000	138.928101	2.302585	115	0.228866	0.066547	0.000000	0.000000	0.000000	0.000000	0.000000	0.000000
4140	2	2	134.271378	0.000000	134.271378	2.302585	115	0.314817	0.064067	0.000000	0.000000	0.000000	0.000000	0.000000	0.000000
4110	3	2	141.387314	0.000000	141.387314	2.302585	115	0.324287	0.062258	0.000000	0.000000	0.000000	0.000000	0.000000	0.000000
4140	4	2	151.443802	0.000000	151.443802	2.302585	115	0.262854	0.051540	0.000000	0.000000	0.000000	0.000000	0.000000	0.000000
4600	5	2	170.697174	0.000000	170.697174	2.302585	115	0.151750	0.033599	0.000000	0.000000	0.000000	0.000000	0.000000	0.000000
4660	1	2	136.799530	0.000000	136.799530	2.302585	115	0.262877	0.069276	0.000000	0.000000	0.000000	0.000000	0.000000	0.000000
4120	3	2	139.948746	0.000000	139.948746	2.302585	115	0.313811	0.061445	0.000000	0.000000	0.000000	0.000000	0.000000	0.000000
4150	2	2	131.633987	0.000000	131.633987	2.302585	115	0.316096	0.081993	0.000000	0.000000	0.000000	0.000000	0.000000	0.000000
4150	4	2	149.453186	0.000000	149.453186	2.302585	115	0.263592	0.066172	0.000000	0.000000	0.000000	0.000000	0.000000	0.000000
4610	5	2	170.070923	0.000000	170.070923	2.302585	115	0.150683	0.044595	0.000000	0.000000	0.000000	0.000000	0.000000	0.000000
4130	3	2	143.664337	0.000000	143.664337	2.302585	115	0.315712	0.054414	0.000000	0.000000	0.000000	0.000000	0.000000	0.000000
4670	1	2	136.678253	0.000000	136.678253	2.302585	115	0.262382	0.055498	0.000000	0.000000	0.000000	0.000000	0.000000	0.000000
4160	2	2	128.019501	0.000000	128.019501	2.302585	115	0.321041	0.069557	0.000000	0.000000	0.000000	0.000000	0.000000	0.000000
4620	5	2	168.673889	0.000000	168.673889	2.302585	115	0.150966	0.031207	0.000000	0.000000	0.000000	0.000000	0.000000	0.000000
4160	4	2	150.019089	0.000000	150.019089	2.302585	115	0.239890	0.051913	0.000000	0.000000	0.000000	0.000000	0.000000	0.000000
4140	3	2	143.817505	0.000000	143.817505	2.302585	115	0.315186	0.057799	0.000000	0.000000	0.000000	0.000000	0.000000	0.000000
4680	1	2	134.756790	0.000000	134.756790	2.302585	115	0.255621	0.077903	0.000000	0.000000	0.000000	0.000000	0.000000	0.000000
4630	5	2	168.009293	0.000000	168.009293	2.302585	115	0.154875	0.047185	0.000000	0.000000	0.000000	0.000000	0.000000	0.000000
4170	2	2	122.967110	0.000000	122.967110	2.302585	115	0.346573	0.083187	0.000000	0.000000	0.000000	0.000000	0.000000	0.000000
4170	4	2	147.472214	0.000000	147.472214	2.302585	115	0.265338	0.063999	0.000000	0.000000	0.000000	0.000000	0.000000	0.000000
4150	3	2	142.810806	0.000000	142.810806	2.302585	115	0.195049	0.060589	0.000000	0.000000	0.000000	0.000000	0.000000	0.000000
4690	1	2	134.742752	0.000000	134.742752	2.302585	115	0.255849	0.051242	0.000000	0.000000	0.000000	0.000000	0.000000	0.000000
4640	5	2	169.609436	0.000000	169.609436	2.302585	115	0.149282	0.037934	0.000000	0.000000	0.000000	0.000000	0.000000	0.000000
4180	4	2	149.938568	0.000000	149.938568	2.302585	115	0.262913	0.051332	0.000000	0.000000	0.000000	0.000000	0.000000	0.000000
4180	2	2	123.756409	0.000000	123.756409	2.302585	115	0.339271	0.082501	0.000000	0.000000	0.000000	0.000000	0.000000	0.000000
4160	3	2	148.493149	0.000000	148.493149	2.302585	115	0.192474	0.039781	0.000000	0.000000	0.000000	0.000000	0.000000	0.000000
4700	1	2	135.095612	0.000000	135.095612	2.302585	115	0.267232	0.082441	0.000000	0.000000	0.000000	0.000000	0.000000	0.000000
4190	4	2	147.562943	0.000000	147.562943	2.302585	115	0.269045	0.061114	0.000000	0.000000	0.000000	0.000000	0.000000	0.000000
4190	2	2	122.694969	0.000000	122.694969	2.302585	115	0.342075	0.097181	0.000000	0.000000	0.000000	0.000000	0.000000	0.000000
4650	5	2	173.986099	0.000000	173.986099	2.302585	115	0.146209	0.034511	0.000000	0.000000	0.000000	0.000000	0.000000	0.000000
4170	3	2	147.587692	0.000000	147.587692	2.302585	115	0.202705	0.054054	0.000000	0.000000	0.000000	0.000000	0.000000	0.000000
4710	1	2	136.019485	0.000000	136.019485	2.302585	115	0.273412	0.061901	0.000000	0.000000	0.000000	0.000000	0.000000	0.000000
4660	5	2	174.825348	0.000000	174.825348	2.302585	115	0.135819	0.030184	0.000000	0.000000	0.000000	0.000000	0.000000	0.000000
4200	4	2	142.440247	0.000000	142.440247	2.302585	115	0.277841	0.054693	0.000000	0.000000	0.000000	0.000000	0.000000	0.000000
4200	2	2	123.429329	0.000000	123.429329	2.302585	115	0.311546	0.084079	0.000000	0.000000	0.000000	0.000000	0.000000	0.000000
4180	3	2	146.503433	0.000000	146.503433	2.302585	115	0.201096	0.066265	0.000000	0.000000	0.000000	0.000000	0.000000	0.000000
4720	1	2	141.775070	0.000000	141.775070	2.302585	115	0.245286	0.068986	0.000000	0.000000	0.000000	0.000000	0.000000	0.000000
4210	2	2	127.071053	0.000000	127.071053	2.302585	115	0.291154	0.092044	0.000000	0.000000	0.000000	0.000000	0.000000	0.000000
4210	4	2	140.331711	0.000000	140.331711	2.302585	115	0.281464	0.061753	0.000000	0.000000	0.000000	0.000000	0.000000	0.000000
4670	5	2	174.236786	0.000000	174.236786	2.302585	115	0.158212	0.036008	0.000000	0.000000	0.000000	0.000000	0.000000	0.000000
4190	3	2	145.611923	0.000000	145.611923	2.302585	115	0.204514	0.054783	0.000000	0.000000	0.000000	0.000000	0.000000	0.000000
4730	1	2	141.460342	0.000000	141.460342	2.302585	115	0.245353	0.070251	0.000000	0.000000	0.000000	0.000000	0.000000	0.000000
4220	4	2	143.271652	0.000000	143.271652	2.302585	115	0.271442	0.057181	0.000000	0.000000	0.000000	0.000000	0.000000	0.000000
4220	2	2	125.025406	0.000000	125.025406	2.302585	115	0.297149	0.080490	0.000000	0.000000	0.000000	0.000000	0.000000	0.000000
4200	3	2	148.814301	0.000000	148.814301	2.302585	115	0.202853	0.054783	0.000000	0.000000	0.000000	0.000000	0.000000	0.000000
4680	5	2	173.613358	0.000000	173.613358	2.302585	115	0.158476	0.032252	0.000000	0.000000	0.000000	0.000000	0.000000	0.000000
4740	1	2	141.112549	0.000000	141.112549	2.302585	115	0.245199	0.049200	0.000000	0.000000	0.000000	0.000000	0.000000	0.000000
4230	4	2	140.292755	0.000000	140.292755	2.302585	115	0.277548	0.062519	0.000000	0.000000	0.000000	0.000000	0.000000	0.000000
4230	2	2	123.737152	0.000000	123.737152	2.302585	115	0.302373	0.097983	0.000000	0.000000	0.000000	0.000000	0.000000	0.000000
4210	3	2	150.276749	0.000000	150.276749	2.302585	115	0.201117	0.062721	0.000000	0.000000	0.000000	0.000000	0.000000	0.000000
4750	1	2	141.603973	0.000000	141.603973	2.302585	115	0.244748	0.055356	0.000000	0.000000	0.000000	0.000000	0.000000	0.000000
4690	5	2	172.197586	0.000000	172.197586	2.302585	115	0.117511	0.036570	0.000000	0.000000	0.000000	0.000000	0.000000	0.000000
4240	2	2	123.561684	0.000000	123.561684	2.302585	115	0.305947	0.086437	0.000000	0.000000	0.000000	0.000000	0.000000	0.000000
4240	4	2	134.837433	0.000000	134.837433	2.302585	115	0.279578	0.051697	0.000000	0.000000	0.000000	0.000000	0.000000	0.000000
4220	3	2	150.378159	0.000000	150.378159	2.302585	115	0.202168	0.057231	0.000000	0.000000	0.000000	0.000000	0.000000	0.000000
4760	1	2	140.842056	0.000000	140.842056	2.302585	115	0.239354	0.066482	0.000000	0.000000	0.000000	0.000000	0.000000	0.000000
4700	5	2	167.981201	0.000000	167.981201	2.302585	115	0.124600	0.049112	0.000000	0.000000	0.000000	0.000000	0.000000	0.000000
4250	2	2	124.366211	0.000000	124.366211	2.302585	115	0.302683	0.095411	0.000000	0.000000	0.000000	0.000000	0.000000	0.000000
4250	4	2	143.569519	0.000000	143.569519	2.302585	115	0.269102	0.054486	0.000000	0.000000	0.000000	0.000000	0.000000	0.000000
4230	3	2	150.537598	0.000000	150.537598	2.302585	115	0.189862	0.050149	0.000000	0.000000	0.000000	0.000000	0.000000	0.000000
4770	1	2	143.137283	0.000000	143.137283	2.302585	115	0.242727	0.056979	0.000000	0.000000	0.000000	0.000000	0.000000	0.000000
4710	5	2	164.462631	0.000000	164.462631	2.302585	115	0.141326	0.037878	0.000000	0.000000	0.000000	0.000000	0.000000	0.000000
4260	2	2	125.900093	0.000000	125.900093	2.302585	115	0.292863	0.075096	0.000000	0.000000	0.000000	0.000000	0.000000	0.000000
4260	4	2	139.385773	0.000000	139.385773	2.302585	115	0.280796	0.073498	0.000000	0.000000	0.000000	0.000000	0.000000	0.000000
4240	3	2	148.665695	0.000000	148.665695	2.302585	115	0.202362	0.051157	0.000000	0.000000	0.000000	0.000000	0.000000	0.000000
4720	5	2	162.916626	0.000000	162.916626	2.302585	115	0.142018	0.036643	0.000000	0.000000	0.000000	0.000000	0.000000	0.000000
4780	1	2	140.588776	0.000000	140.588776	2.302585	115	0.243524	0.062688	0.000000	0.000000	0.000000	0.000000	0.000000	0.000000
4270	2	2	122.082939	0.000000	122.082939	2.302585	115	0.300408	0.064429	0.000000	0.000000	0.000000	0.000000	0.000000	0.000000
4270	4	2	136.729263	0.000000	136.729263	2.302585	115	0.340652	0.076149	0.000000	0.000000	0.000000	0.000000	0.000000	0.000000
4250	3	2	149.542267	0.000000	149.542267	2.302585	115	0.199700	0.062794	0.000000	0.000000	0.000000	0.000000	0.000000	0.000000
4790	1	2	141.333908	0.000000	141.333908	2.302585	115	0.242645	0.064383	0.000000	0.000000	0.000000	0.000000	0.000000	0.000000
4730	5	2	165.675018	0.000000	165.675018	2.302585	115	0.140567	0.037311	0.000000	0.000000	0.000000	0.000000	0.000000	0.000000
4280	2	2	121.735771	0.000000	121.735771	2.302585	115	0.328653	0.089699	0.000000	0.000000	0.000000	0.000000	0.000000	0.000000
4260	3	2	151.645844	0.000000	151.645844	2.302585	115	0.199438	0.050468	0.000000	0.000000	0.000000	0.000000	0.000000	0.000000
4280	4	2	128.446442	0.000000	128.446442	2.302585	115	0.362262	0.087025	0.000000	0.000000	0.000000	0.000000	0.000000	0.000000
4740	5	2	161.388809	0.000000	161.388809	2.302585	115	0.144794	0.037601	0.000000	0.000000	0.000000	0.000000	0.000000	0.000000
4800	1	2	139.111816	0.000000	139.111816	2.302585	115	0.249667	0.070521	0.000000	0.000000	0.000000	0.000000	0.000000	0.000000
4290	2	2	112.792999	0.000000	112.792999	2.302585	115	0.361842	0.094834	0.000000	0.000000	0.000000	0.000000	0.000000	0.000000
4290	4	2	129.957993	0.000000	129.957993	2.302585	115	0.360171	0.085162	0.000000	0.000000	0.000000	0.000000	0.000000	0.000000
4270	3	2	151.226379	0.000000	151.226379	2.302585	115	0.199782	0.052329	0.000000	0.000000	0.000000	0.000000	0.000000	0.000000
4750	5	2	160.677277	0.000000	160.677277	2.302585	115	0.145720	0.040534	0.000000	0.000000	0.000000	0.000000	0.000000	0.000000
4810	1	2	135.832611	0.000000	135.832611	2.302585	115	0.256024	0.063472	0.000000	0.000000	0.000000	0.000000	0.000000	0.000000
4300	2	2	112.520477	0.000000	112.520477	2.302585	115	0.357348	0.088760	0.000000	0.000000	0.000000	0.000000	0.000000	0.000000
4300	4	2	128.988831	0.000000	128.988831	2.302585	115	0.308498	0.083321	0.000000	0.000000	0.000000	0.000000	0.000000	0.000000
4760	5	2	163.386429	0.000000	163.386429	2.302585	115	0.131971	0.041085	0.000000	0.000000	0.000000	0.000000	0.000000	0.000000
4820	1	2	134.058517	0.000000	134.058517	2.302585	115	0.242469	0.084295	0.000000	0.000000	0.000000	0.000000	0.000000	0.000000
4280	3	2	149.363327	0.000000	149.363327	2.302585	115	0.201641	0.052785	0.000000	0.000000	0.000000	0.000000	0.000000	0.000000
4310	2	2	110.815247	0.000000	110.815247	2.302585	115	0.359289	0.086518	0.000000	0.000000	0.000000	0.000000	0.000000	0.000000
4770	5	2	155.811737	0.000000	155.811737	2.302585	115	0.150760	0.052235	0.000000	0.000000	0.000000	0.000000	0.000000	0.000000
4290	3	2	148.244690	0.000000	148.244690	2.302585	115	0.237119	0.057577	0.000000	0.000000	0.000000	0.000000	0.000000	0.000000
4310	4	2	126.676445	0.000000	126.676445	2.302585	115	0.337066	0.079478	0.000000	0.000000	0.000000	0.000000	0.000000	0.000000
4830	1	2	134.888031	0.000000	134.888031	2.302585	115	0.238333	0.081675	0.000000	0.000000	0.000000	0.000000	0.000000	0.000000
4320	2	2	114.148727	0.000000	114.148727	2.302585	115	0.335770	0.078761	0.000000	0.000000	0.000000	0.000000	0.000000	0.000000
4780	5	2	153.665619	0.000000	153.665619	2.302585	115	0.156389	0.052197	0.000000	0.000000	0.000000	0.000000	0.000000	0.000000
4300	3	2	145.555298	0.000000	145.555298	2.302585	115	0.237529	0.074461	0.000000	0.000000	0.000000	0.000000	0.000000	0.000000
4320	4	2	127.052139	0.000000	127.052139	2.302585	115	0.340536	0.081644	0.000000	0.000000	0.000000	0.000000	0.000000	0.000000
4840	1	2	136.530731	0.000000	136.530731	2.302585	115	0.235514	0.065293	0.000000	0.000000	0.000000	0.000000	0.000000	0.000000
4330	2	2	115.512848	0.000000	115.512848	2.302585	115	0.335767	0.089426	0.000000	0.000000	0.000000	0.000000	0.000000	0.000000
4310	3	2	150.992935	0.000000	150.992935	2.302585	115	0.233965	0.059373	0.000000	0.000000	0.000000	0.000000	0.000000	0.000000
4790	5	2	152.879044	0.000000	152.879044	2.302585	115	0.157049	0.051266	0.000000	0.000000	0.000000	0.000000	0.000000	0.000000
4330	4	2	126.580818	0.000000	126.580818	2.302585	115	0.345779	0.081496	0.000000	0.000000	0.000000	0.000000	0.000000	0.000000
4850	1	2	139.878235	0.000000	139.878235	2.302585	115	0.231567	0.064821	0.000000	0.000000	0.000000	0.000000	0.000000	0.000000
4340	2	2	117.741196	0.000000	117.741196	2.302585	115	0.355589	0.087502	0.000000	0.000000	0.000000	0.000000	0.000000	0.000000
4340	4	2	126.652840	0.000000	126.652840	2.302585	115	0.338104	0.077134	0.000000	0.000000	0.000000	0.000000	0.000000	0.000000
4320	3	2	151.087723	0.000000	151.087723	2.302585	115	0.233895	0.051329	0.000000	0.000000	0.000000	0.000000	0.000000	0.000000
4800	5	2	149.863281	0.000000	149.863281	2.302585	115	0.161566	0.054405	0.000000	0.000000	0.000000	0.000000	0.000000	0.000000
4860	1	2	140.688400	0.000000	140.688400	2.302585	115	0.230079	0.071297	0.000000	0.000000	0.000000	0.000000	0.000000	0.000000
4810	5	2	148.043518	0.000000	148.043518	2.302585	115	0.208357	0.060499	0.000000	0.000000	0.000000	0.000000	0.000000	0.000000
4350	4	2	124.920677	0.000000	124.920677	2.302585	115	0.383938	0.085328	0.000000	0.000000	0.000000	0.000000	0.000000	0.000000
4350	2	2	120.917137	0.000000	120.917137	2.302585	115	0.352075	0.078049	0.000000	0.000000	0.000000	0.000000	0.000000	0.000000
4330	3	2	148.691696	0.000000	148.691696	2.302585	115	0.235229	0.052214	0.000000	0.000000	0.000000	0.000000	0.000000	0.000000
4870	1	2	138.726685	0.000000	138.726685	2.302585	115	0.233282	0.065215	0.000000	0.000000	0.000000	0.000000	0.000000	0.000000
4820	5	2	144.626572	0.000000	144.626572	2.302585	115	0.206351	0.057578	0.000000	0.000000	0.000000	0.000000	0.000000	0.000000
4360	4	2	120.467560	0.000000	120.467560	2.302585	115	0.390161	0.093713	0.000000	0.000000	0.000000	0.000000	0.000000	0.000000
4360	2	2	120.843399	0.000000	120.843399	2.302585	115	0.352520	0.098234	0.000000	0.000000	0.000000	0.000000	0.000000	0.000000
4340	3	2	141.453751	0.000000	141.453751	2.302585	115	0.248678	0.066623	0.000000	0.000000	0.000000	0.000000	0.000000	0.000000
4880	1	2	137.547180	0.000000	137.547180	2.302585	115	0.234153	0.075042	0.000000	0.000000	0.000000	0.000000	0.000000	0.000000
4830	5	2	143.464401	0.000000	143.464401	2.302585	115	0.208123	0.071924	0.000000	0.000000	0.000000	0.000000	0.000000	0.000000
4370	2	2	122.378098	0.000000	122.378098	2.302585	115	0.350867	0.092806	0.000000	0.000000	0.000000	0.000000	0.000000	0.000000
4370	4	2	119.977127	0.000000	119.977127	2.302585	115	0.368361	0.091278	0.000000	0.000000	0.000000	0.000000	0.000000	0.000000
4350	3	2	134.715271	0.000000	134.715271	2.302585	115	0.273395	0.076427	0.000000	0.000000	0.000000	0.000000	0.000000	0.000000
4890	1	2	138.292389	0.000000	138.292389	2.302585	115	0.225590	0.051681	0.000000	0.000000	0.000000	0.000000	0.000000	0.000000
4840	5	2	140.051590	0.000000	140.051590	2.302585	115	0.211238	0.055698	0.000000	0.000000	0.000000	0.000000	0.000000	0.000000
4380	4	2	120.442276	0.000000	120.442276	2.302585	115	0.364710	0.068267	0.000000	0.000000	0.000000	0.000000	0.000000	0.000000
4380	2	2	123.399551	0.000000	123.399551	2.302585	115	0.347065	0.095624	0.000000	0.000000	0.000000	0.000000	0.000000	0.000000
4360	3	2	142.599533	0.000000	142.599533	2.302585	115	0.261735	0.056975	0.000000	0.000000	0.000000	0.000000	0.000000	0.000000
4900	1	2	146.393341	0.000000	146.393341	2.302585	115	0.225556	0.053364	0.000000	0.000000	0.000000	0.000000	0.000000	0.000000
4850	5	2	131.287643	0.000000	131.287643	2.302585	115	0.353786	0.074904	0.000000	0.000000	0.000000	0.000000	0.000000	0.000000
4390	2	2	119.078964	0.000000	119.078964	2.302585	115	0.472460	0.090460	0.000000	0.000000	0.000000	0.000000	0.000000	0.000000
4390	4	2	126.582794	0.000000	126.582794	2.302585	115	0.346266	0.084682	0.000000	0.000000	0.000000	0.000000	0.000000	0.000000
4370	3	2	141.700272	0.000000	141.700272	2.302585	115	0.220520	0.080530	0.000000	0.000000	0.000000	0.000000	0.000000	0.000000
4910	1	2	149.430161	0.000000	149.430161	2.302585	115	0.218992	0.060702	0.000000	0.000000	0.000000	0.000000	0.000000	0.000000
4860	5	2	130.304459	0.000000	130.304459	2.302585	115	0.354811	0.079766	0.000000	0.000000	0.000000	0.000000	0.000000	0.000000
4400	2	2	115.391350	0.000000	115.391350	2.302585	115	0.471220	0.096436	0.000000	0.000000	0.000000	0.000000	0.000000	0.000000
4400	4	2	122.731331	0.000000	122.731331	2.302585	115	0.326670	0.081615	0.000000	0.000000	0.000000	0.000000	0.000000	0.000000
4380	3	2	146.031631	0.000000	146.031631	2.302585	115	0.216612	0.064130	0.000000	0.000000	0.000000	0.000000	0.000000	0.000000
4870	5	2	129.660080	0.000000	129.660080	2.302585	115	0.355576	0.078767	0.000000	0.000000	0.000000	0.000000	0.000000	0.000000
4920	1	2	145.996582	0.000000	145.996582	2.302585	115	0.225490	0.064345	0.000000	0.000000	0.000000	0.000000	0.000000	0.000000
4410	2	2	114.003601	0.000000	114.003601	2.302585	115	0.472408	0.084098	0.000000	0.000000	0.000000	0.000000	0.000000	0.000000
4410	4	2	121.306862	0.000000	121.306862	2.302585	115	0.334581	0.072850	0.000000	0.000000	0.000000	0.000000	0.000000	0.000000
4390	3	2	147.756104	0.000000	147.756104	2.302585	115	0.213702	0.065214	0.000000	0.000000	0.000000	0.000000	0.000000	0.000000
4880	5	2	129.063324	0.000000	129.063324	2.302585	115	0.358855	0.061417	0.000000	0.000000	0.000000	0.000000	0.000000	0.000000
4930	1	2	149.060257	0.000000	149.060257	2.302585	115	0.217836	0.051240	0.000000	0.000000	0.000000	0.000000	0.000000	0.000000
4420	2	2	113.982712	0.000000	113.982712	2.302585	115	0.472879	0.085069	0.000000	0.000000	0.000000	0.000000	0.000000	0.000000
4420	4	2	122.530586	0.000000	122.530586	2.302585	115	0.331598	0.090700	0.000000	0.000000	0.000000	0.000000	0.000000	0.000000
4400	3	2	148.571045	0.000000	148.571045	2.302585	115	0.207587	0.053236	0.000000	0.000000	0.000000	0.000000	0.000000	0.000000
4890	5	2	125.107498	0.000000	125.107498	2.302585	115	0.378720	0.070319	0.000000	0.000000	0.000000	0.000000	0.000000	0.000000
4940	1	2	147.375946	0.000000	147.375946	2.302585	115	0.212719	0.044900	0.000000	0.000000	0.000000	0.000000	0.000000	0.000000
4430	2	2	113.794708	0.000000	113.794708	2.302585	115	0.474189	0.092904	0.000000	0.000000	0.000000	0.000000	0.000000	0.000000
4430	4	2	123.188194	0.000000	123.188194	2.302585	115	0.330750	0.091401	0.000000	0.000000	0.000000	0.000000	0.000000	0.000000
4410	3	2	147.764297	0.000000	147.764297	2.302585	115	0.209086	0.063140	0.000000	0.000000	0.000000	0.000000	0.000000	0.000000
4950	1	2	147.019974	0.000000	147.019974	2.302585	115	0.213578	0.053046	0.000000	0.000000	0.000000	0.000000	0.000000	0.000000
4900	5	2	124.177528	0.000000	124.177528	2.302585	115	0.384332	0.069700	0.000000	0.000000	0.000000	0.000000	0.000000	0.000000
4440	2	2	111.970810	0.000000	111.970810	2.302585	115	0.477315	0.097891	0.000000	0.000000	0.000000	0.000000	0.000000	0.000000
4440	4	2	122.225365	0.000000	122.225365	2.302585	115	0.332452	0.072225	0.000000	0.000000	0.000000	0.000000	0.000000	0.000000
4420	3	2	142.658722	0.000000	142.658722	2.302585	115	0.210615	0.079118	0.000000	0.000000	0.000000	0.000000	0.000000	0.000000
4910	5	2	126.417175	0.000000	126.417175	2.302585	115	0.379337	0.062935	0.000000	0.000000	0.000000	0.000000	0.000000	0.000000
4450	2	2	112.120445	0.000000	112.120445	2.302585	115	0.450192	0.097919	0.000000	0.000000	0.000000	0.000000	0.000000	0.000000
4960	1	2	156.027313	0.000000	156.027313	2.302585	115	0.189895	0.038748	0.000000	0.000000	0.000000	0.000000	0.000000	0.000000
4450	4	2	124.104065	0.000000	124.104065	2.302585	115	0.352847	0.079366	0.000000	0.000000	0.000000	0.000000	0.000000	0.000000
4430	3	2	144.200974	0.000000	144.200974	2.302585	115	0.182151	0.059316	0.000000	0.000000	0.000000	0.000000	0.000000	0.000000
4920	5	2	127.706673	0.000000	127.706673	2.302585	115	0.384049	0.084471	0.000000	0.000000	0.000000	0.000000	0.000000	0.000000
4460	2	2	114.332039	0.000000	114.332039	2.302585	115	0.447681	0.099882	0.000000	0.000000	0.000000	0.000000	0.000000	0.000000
4970	1	2	153.800110	0.000000	153.800110	2.302585	115	0.174761	0.044041	0.000000	0.000000	0.000000	0.000000	0.000000	0.000000
4460	4	2	118.723274	0.000000	118.723274	2.302585	115	0.357534	0.084047	0.000000	0.000000	0.000000	0.000000	0.000000	0.000000
4440	3	2	150.170654	0.000000	150.170654	2.302585	115	0.174634	0.060886	0.000000	0.000000	0.000000	0.000000	0.000000	0.000000
4930	5	2	126.226105	0.000000	126.226105	2.302585	115	0.324098	0.083361	0.000000	0.000000	0.000000	0.000000	0.000000	0.000000
4980	1	2	154.727249	0.000000	154.727249	2.302585	115	0.174932	0.050854	0.000000	0.000000	0.000000	0.000000	0.000000	0.000000
4470	2	2	112.609093	0.000000	112.609093	2.302585	115	0.453243	0.086122	0.000000	0.000000	0.000000	0.000000	0.000000	0.000000
4470	4	2	115.916359	0.000000	115.916359	2.302585	115	0.366571	0.094474	0.000000	0.000000	0.000000	0.000000	0.000000	0.000000
4940	5	2	126.346260	0.000000	126.346260	2.302585	115	0.373931	0.080219	0.000000	0.000000	0.000000	0.000000	0.000000	0.000000
4450	3	2	150.261627	0.000000	150.261627	2.302585	115	0.164521	0.046004	0.000000	0.000000	0.000000	0.000000	0.000000	0.000000
4990	1	2	152.747162	0.000000	152.747162	2.302585	115	0.180847	0.042985	0.000000	0.000000	0.000000	0.000000	0.000000	0.000000
4480	2	2	109.531685	0.000000	109.531685	2.302585	115	0.458371	0.089943	0.000000	0.000000	0.000000	0.000000	0.000000	0.000000
4480	4	2	121.004173	0.000000	121.004173	2.302585	115	0.352096	0.087352	0.000000	0.000000	0.000000	0.000000	0.000000	0.000000
4950	5	2	123.988091	0.000000	123.988091	2.302585	115	0.379080	0.079944	0.000000	0.000000	0.000000	0.000000	0.000000	0.000000
4460	3	2	152.794632	0.000000	152.794632	2.302585	115	0.160640	0.053721	0.000000	0.000000	0.000000	0.000000	0.000000	0.000000
4490	2	2	111.372978	0.000000	111.372978	2.302585	115	0.454484	0.090279	0.000000	0.000000	0.000000	0.000000	0.000000	0.000000
4490	4	2	119.832993	0.000000	119.832993	2.302585	115	0.352499	0.075894	0.000000	0.000000	0.000000	0.000000	0.000000	0.000000
4960	5	2	123.512779	0.000000	123.512779	2.302585	115	0.414703	0.079129	0.000000	0.000000	0.000000	0.000000	0.000000	0.000000
4470	3	2	155.884094	0.000000	155.884094	2.302585	115	0.156265	0.052052	0.000000	0.000000	0.000000	0.000000	0.000000	0.000000
4500	2	2	108.555405	0.000000	108.555405	2.302585	115	0.416912	0.082981	0.000000	0.000000	0.000000	0.000000	0.000000	0.000000
4500	4	2	122.369751	0.000000	122.369751	2.302585	115	0.350874	0.084394	0.000000	0.000000	0.000000	0.000000	0.000000	0.000000
4970	5	2	120.793015	0.000000	120.793015	2.302585	115	0.447496	0.086538	0.000000	0.000000	0.000000	0.000000	0.000000	0.000000
4480	3	2	154.343124	0.000000	154.343124	2.302585	115	0.161543	0.049955	0.000000	0.000000	0.000000	0.000000	0.000000	0.000000
4510	2	2	109.956383	0.000000	109.956383	2.302585	115	0.433795	0.099417	0.000000	0.000000	0.000000	0.000000	0.000000	0.000000
4510	4	2	116.903580	0.000000	116.903580	2.302585	115	0.364561	0.095547	0.000000	0.000000	0.000000	0.000000	0.000000	0.000000
4980	5	2	131.189499	0.000000	131.189499	2.302585	115	0.401078	0.080032	0.000000	0.000000	0.000000	0.000000	0.000000	0.000000
4490	3	2	155.425064	0.000000	155.425064	2.302585	115	0.160356	0.054602	0.000000	0.000000	0.000000	0.000000	0.000000	0.000000
4520	2	2	110.960472	0.000000	110.960472	2.302585	115	0.432284	0.095885	0.000000	0.000000	0.000000	0.000000	0.000000	0.000000
4520	4	2	116.667656	0.000000	116.667656	2.302585	115	0.366902	0.081270	0.000000	0.000000	0.000000	0.000000	0.000000	0.000000
4990	5	2	131.215958	0.000000	131.215958	2.302585	115	0.393105	0.074816	0.000000	0.000000	0.000000	0.000000	0.000000	0.000000
4500	3	2	157.886856	0.000000	157.886856	2.302585	115	0.135391	0.052250	0.000000	0.000000	0.000000	0.000000	0.000000	0.000000
4530	4	2	117.699089	0.000000	117.699089	2.302585	115	0.363599	0.082513	0.000000	0.000000	0.000000	0.000000	0.000000	0.000000
4530	2	2	117.673805	0.000000	117.673805	2.302585	115	0.420917	0.084428	0.000000	0.000000	0.000000	0.000000	0.000000	0.000000
4510	3	2	156.429535	0.000000	156.429535	2.302585	115	0.142341	0.043467	0.000000	0.000000	0.000000	0.000000	0.000000	0.000000
4540	4	2	117.712585	0.000000	117.712585	2.302585	115	0.363178	0.087633	0.000000	0.000000	0.000000	0.000000	0.000000	0.000000
4540	2	2	112.364586	0.000000	112.364586	2.302585	115	0.420248	0.094920	0.000000	0.000000	0.000000	0.000000	0.000000	0.000000
4520	3	2	151.477722	0.000000	151.477722	2.302585	115	0.144277	0.061949	0.000000	0.000000	0.000000	0.000000	0.000000	0.000000
4550	4	2	117.959938	0.000000	117.959938	2.302585	115	0.361686	0.077861	0.000000	0.000000	0.000000	0.000000	0.000000	0.000000
4550	2	2	113.632401	0.000000	113.632401	2.302585	115	0.410208	0.091892	0.000000	0.000000	0.000000	0.000000	0.000000	0.000000
4530	3	2	148.535645	0.000000	148.535645	2.302585	115	0.238101	0.057305	0.000000	0.000000	0.000000	0.000000	0.000000	0.000000
4560	2	2	112.366119	0.000000	112.366119	2.302585	115	0.414112	0.091767	0.000000	0.000000	0.000000	0.000000	0.000000	0.000000
4560	4	2	123.273247	0.000000	123.273247	2.302585	115	0.298457	0.075664	0.000000	0.000000	0.000000	0.000000	0.000000	0.000000
4540	3	2	148.936874	0.000000	148.936874	2.302585	115	0.155076	0.062537	0.000000	0.000000	0.000000	0.000000	0.000000	0.000000
4570	4	2	123.939606	0.000000	123.939606	2.302585	115	0.307224	0.081200	0.000000	0.000000	0.000000	0.000000	0.000000	0.000000
4570	2	2	116.047112	0.000000	116.047112	2.302585	115	0.404450	0.091291	0.000000	0.000000	0.000000	0.000000	0.000000	0.000000
4550	3	2	151.259598	0.000000	151.259598	2.302585	115	0.149593	0.050762	0.000000	0.000000	0.000000	0.000000	0.000000	0.000000
4580	4	2	122.486176	0.000000	122.486176	2.302585	115	0.313570	0.093849	0.000000	0.000000	0.000000	0.000000	0.000000	0.000000
4580	2	2	116.248169	0.000000	116.248169	2.302585	115	0.402847	0.084737	0.000000	0.000000	0.000000	0.000000	0.000000	0.000000
4560	3	2	154.320236	0.000000	154.320236	2.302585	115	0.135508	0.045646	0.000000	0.000000	0.000000	0.000000	0.000000	0.000000
4590	4	2	115.187462	0.000000	115.187462	2.302585	115	0.436619	0.094088	0.000000	0.000000	0.000000	0.000000	0.000000	0.000000
4590	2	2	118.763000	0.000000	118.763000	2.302585	115	0.412103	0.097734	0.000000	0.000000	0.000000	0.000000	0.000000	0.000000
4570	3	2	153.910004	0.000000	153.910004	2.302585	115	0.138418	0.050632	0.000000	0.000000	0.000000	0.000000	0.000000	0.000000
4600	4	2	112.830032	0.000000	112.830032	2.302585	115	0.424899	0.098966	0.000000	0.000000	0.000000	0.000000	0.000000	0.000000
4600	2	2	112.787201	0.000000	112.787201	2.302585	115	0.426769	0.091088	0.000000	0.000000	0.000000	0.000000	0.000000	0.000000
4610	4	2	111.921074	0.000000	111.921074	2.302585	115	0.427470	0.096212	0.000000	0.000000	0.000000	0.000000	0.000000	0.000000
4580	3	2	148.985367	0.000000	148.985367	2.302585	115	0.141374	0.069640	0.000000	0.000000	0.000000	0.000000	0.000000	0.000000
4610	2	2	112.776680	0.000000	112.776680	2.302585	115	0.326720	0.088169	0.000000	0.000000	0.000000	0.000000	0.000000	0.000000
4620	4	2	112.203819	0.000000	112.203819	2.302585	115	0.422096	0.095384	0.000000	0.000000	0.000000	0.000000	0.000000	0.000000
4590	3	2	151.451035	0.000000	151.451035	2.302585	115	0.139863	0.044847	0.000000	0.000000	0.000000	0.000000	0.000000	0.000000
4620	2	2	118.108307	0.000000	118.108307	2.302585	115	0.324802	0.094467	0.000000	0.000000	0.000000	0.000000	0.000000	0.000000
4600	3	2	149.956329	0.000000	149.956329	2.302585	115	0.146549	0.051944	0.000000	0.000000	0.000000	0.000000	0.000000	0.000000
4630	4	2	115.279526	0.000000	115.279526	2.302585	115	0.394730	0.095193	0.000000	0.000000	0.000000	0.000000	0.000000	0.000000
4630	2	2	121.968231	0.000000	121.968231	2.302585	115	0.306842	0.081893	0.000000	0.000000	0.000000	0.000000	0.000000	0.000000
4610	3	2	151.197403	0.000000	151.197403	2.302585	115	0.145115	0.047015	0.000000	0.000000	0.000000	0.000000	0.000000	0.000000
4640	4	2	116.781746	0.000000	116.781746	2.302585	115	0.395810	0.098334	0.000000	0.000000	0.000000	0.000000	0.000000	0.000000
4640	2	2	117.311180	0.000000	117.311180	2.302585	115	0.316948	0.067996	0.000000	0.000000	0.000000	0.000000	0.000000	0.000000
4620	3	2	149.180984	0.000000	149.180984	2.302585	115	0.180267	0.058372	0.000000	0.000000	0.000000	0.000000	0.000000	0.000000
4650	4	2	114.069221	0.000000	114.069221	2.302585	115	0.398491	0.094046	0.000000	0.000000	0.000000	0.000000	0.000000	0.000000
4650	2	2	120.794029	0.000000	120.794029	2.302585	115	0.332481	0.096098	0.000000	0.000000	0.000000	0.000000	0.000000	0.000000
4660	4	2	114.458099	0.000000	114.458099	2.302585	115	0.397718	0.095044	0.000000	0.000000	0.000000	0.000000	0.000000	0.000000
4630	3	2	146.388412	0.000000	146.388412	2.302585	115	0.204498	0.065096	0.000000	0.000000	0.000000	0.000000	0.000000	0.000000
4660	2	2	120.105530	0.000000	120.105530	2.302585	115	0.317059	0.095032	0.000000	0.000000	0.000000	0.000000	0.000000	0.000000
4640	3	2	146.615845	0.000000	146.615845	2.302585	115	0.209752	0.053226	0.000000	0.000000	0.000000	0.000000	0.000000	0.000000
4670	4	2	116.167587	0.000000	116.167587	2.302585	115	0.394773	0.090864	0.000000	0.000000	0.000000	0.000000	0.000000	0.000000
4650	3	2	146.749329	0.000000	146.749329	2.302585	115	0.203843	0.063132	0.000000	0.000000	0.000000	0.000000	0.000000	0.000000
4680	4	2	112.386261	0.000000	112.386261	2.302585	115	0.404641	0.098619	0.000000	0.000000	0.000000	0.000000	0.000000	0.000000
4670	2	2	119.722939	0.000000	119.722939	2.302585	115	0.317704	0.091786	0.000000	0.000000	0.000000	0.000000	0.000000	0.000000
4690	4	2	115.521721	0.000000	115.521721	2.302585	115	0.283581	0.088283	0.000000	0.000000	0.000000	0.000000	0.000000	0.000000
4680	2	2	117.763657	0.000000	117.763657	2.302585	115	0.327434	0.095726	0.000000	0.000000	0.000000	0.000000	0.000000	0.000000
4660	3	2	144.417419	0.000000	144.417419	2.302585	115	0.200700	0.079577	0.000000	0.000000	0.000000	0.000000	0.000000	0.000000
4700	4	2	120.829712	0.000000	120.829712	2.302585	115	0.284108	0.081830	0.000000	0.000000	0.000000	0.000000	0.000000	0.000000
4690	2	2	117.625542	0.000000	117.625542	2.302585	115	0.320092	0.088779	0.000000	0.000000	0.000000	0.000000	0.000000	0.000000
4670	3	2	145.364777	0.000000	145.364777	2.302585	115	0.301624	0.060476	0.000000	0.000000	0.000000	0.000000	0.000000	0.000000
4700	2	2	117.157341	0.000000	117.157341	2.302585	115	0.317175	0.090998	0.000000	0.000000	0.000000	0.000000	0.000000	0.000000
4710	4	2	118.954399	0.000000	118.954399	2.302585	115	0.287042	0.080348	0.000000	0.000000	0.000000	0.000000	0.000000	0.000000
4680	3	2	142.005753	0.000000	142.005753	2.302585	115	0.302004	0.042135	0.000000	0.000000	0.000000	0.000000	0.000000	0.000000
4710	2	2	112.884315	0.000000	112.884315	2.302585	115	0.334885	0.097484	0.000000	0.000000	0.000000	0.000000	0.000000	0.000000
4720	4	2	119.763779	0.000000	119.763779	2.302585	115	0.286621	0.086278	0.000000	0.000000	0.000000	0.000000	0.000000	0.000000
4690	3	2	141.062729	0.000000	141.062729	2.302585	115	0.309827	0.069663	0.000000	0.000000	0.000000	0.000000	0.000000	0.000000
4720	2	2	114.694809	0.000000	114.694809	2.302585	115	0.326691	0.095260	0.000000	0.000000	0.000000	0.000000	0.000000	0.000000
4730	4	2	121.520996	0.000000	121.520996	2.302585	115	0.284070	0.092918	0.000000	0.000000	0.000000	0.000000	0.000000	0.000000
4700	3	2	143.023880	0.000000	143.023880	2.302585	115	0.235421	0.053378	0.000000	0.000000	0.000000	0.000000	0.000000	0.000000
4730	2	2	119.694077	0.000000	119.694077	2.302585	115	0.333380	0.096395	0.000000	0.000000	0.000000	0.000000	0.000000	0.000000
4740	4	2	122.650299	0.000000	122.650299	2.302585	115	0.278538	0.083410	0.000000	0.000000	0.000000	0.000000	0.000000	0.000000
4710	3	2	145.161652	0.000000	145.161652	2.302585	115	0.227600	0.069559	0.000000	0.000000	0.000000	0.000000	0.000000	0.000000
4750	4	2	123.204437	0.000000	123.204437	2.302585	115	0.255627	0.085806	0.000000	0.000000	0.000000	0.000000	0.000000	0.000000
4740	2	2	121.642212	0.000000	121.642212	2.302585	115	0.332733	0.084939	0.000000	0.000000	0.000000	0.000000	0.000000	0.000000
4720	3	2	146.187576	0.000000	146.187576	2.302585	115	0.227314	0.059971	0.000000	0.000000	0.000000	0.000000	0.000000	0.000000
4750	2	2	112.586754	0.000000	112.586754	2.302585	115	0.439687	0.086125	0.000000	0.000000	0.000000	0.000000	0.000000	0.000000
4760	4	2	121.845032	0.000000	121.845032	2.302585	115	0.261820	0.089817	0.000000	0.000000	0.000000	0.000000	0.000000	0.000000
4730	3	2	145.323792	0.000000	145.323792	2.302585	115	0.233015	0.051640	0.000000	0.000000	0.000000	0.000000	0.000000	0.000000
4760	2	2	111.668289	0.000000	111.668289	2.302585	115	0.449960	0.089304	0.000000	0.000000	0.000000	0.000000	0.000000	0.000000
4770	4	2	118.674568	0.000000	118.674568	2.302585	115	0.284860	0.098083	0.000000	0.000000	0.000000	0.000000	0.000000	0.000000
4780	4	2	119.584892	0.000000	119.584892	2.302585	115	0.283046	0.091794	0.000000	0.000000	0.000000	0.000000	0.000000	0.000000
4770	2	2	111.648468	0.000000	111.648468	2.302585	115	0.409611	0.078368	0.000000	0.000000	0.000000	0.000000	0.000000	0.000000
4740	3	2	147.310638	0.000000	147.310638	2.302585	115	0.227953	0.054567	0.000000	0.000000	0.000000	0.000000	0.000000	0.000000
4790	4	2	118.887772	0.000000	118.887772	2.302585	115	0.275852	0.084447	0.000000	0.000000	0.000000	0.000000	0.000000	0.000000
4750	3	2	146.931961	0.000000	146.931961	2.302585	115	0.229511	0.049653	0.000000	0.000000	0.000000	0.000000	0.000000	0.000000
4780	2	2	115.982552	0.000000	115.982552	2.302585	115	0.403756	0.085173	0.000000	0.000000	0.000000	0.000000	0.000000	0.000000
4800	4	2	121.489624	0.000000	121.489624	2.302585	115	0.275621	0.079174	0.000000	0.000000	0.000000	0.000000	0.000000	0.000000
4760	3	2	143.958389	0.000000	143.958389	2.302585	115	0.311826	0.054619	0.000000	0.000000	0.000000	0.000000	0.000000	0.000000
4790	2	2	114.200508	0.000000	114.200508	2.302585	115	0.415488	0.099453	0.000000	0.000000	0.000000	0.000000	0.000000	0.000000
4770	3	2	145.501602	0.000000	145.501602	2.302585	115	0.305681	0.065328	0.000000	0.000000	0.000000	0.000000	0.000000	0.000000
4810	4	2	116.869331	0.000000	116.869331	2.302585	115	0.359060	0.075807	0.000000	0.000000	0.000000	0.000000	0.000000	0.000000
4800	2	2	115.198059	0.000000	115.198059	2.302585	115	0.413494	0.083872	0.000000	0.000000	0.000000	0.000000	0.000000	0.000000
4780	3	2	146.389923	0.000000	146.389923	2.302585	115	0.305034	0.062922	0.000000	0.000000	0.000000	0.000000	0.000000	0.000000
4820	4	2	119.194717	0.000000	119.194717	2.302585	115	0.353212	0.094844	0.000000	0.000000	0.000000	0.000000	0.000000	0.000000
4810	2	2	117.102478	0.000000	117.102478	2.302585	115	0.406294	0.072575	0.000000	0.000000	0.000000	0.000000	0.000000	0.000000
4790	3	2	144.929764	0.000000	144.929764	2.302585	115	0.305845	0.073173	0.000000	0.000000	0.000000	0.000000	0.000000	0.000000
4830	4	2	115.697609	0.000000	115.697609	2.302585	115	0.343173	0.087272	0.000000	0.000000	0.000000	0.000000	0.000000	0.000000
4820	2	2	119.243011	0.000000	119.243011	2.302585	115	0.407448	0.091349	0.000000	0.000000	0.000000	0.000000	0.000000	0.000000
4800	3	2	145.462967	0.000000	145.462967	2.302585	115	0.306394	0.071443	0.000000	0.000000	0.000000	0.000000	0.000000	0.000000
4840	4	2	125.268120	0.000000	125.268120	2.302585	115	0.334019	0.080584	0.000000	0.000000	0.000000	0.000000	0.000000	0.000000
4830	2	2	123.674141	0.000000	123.674141	2.302585	115	0.384027	0.083018	0.000000	0.000000	0.000000	0.000000	0.000000	0.000000
4810	3	2	141.871536	0.000000	141.871536	2.302585	115	0.316187	0.074300	0.000000	0.000000	0.000000	0.000000	0.000000	0.000000
4850	4	2	125.248772	0.000000	125.248772	2.302585	115	0.257222	0.061571	0.000000	0.000000	0.000000	0.000000	0.000000	0.000000
4840	2	2	123.612457	0.000000	123.612457	2.302585	115	0.381396	0.068042	0.000000	0.000000	0.000000	0.000000	0.000000	0.000000
4820	3	2	142.041824	0.000000	142.041824	2.302585	115	0.222667	0.070601	0.000000	0.000000	0.000000	0.000000	0.000000	0.000000
4860	4	2	125.508934	0.000000	125.508934	2.302585	115	0.265963	0.085116	0.000000	0.000000	0.000000	0.000000	0.000000	0.000000
4850	2	2	126.325851	0.000000	126.325851	2.302585	115	0.355174	0.066127	0.000000	0.000000	0.000000	0.000000	0.000000	0.000000
4830	3	2	143.642975	0.000000	143.642975	2.302585	115	0.214405	0.069225	0.000000	0.000000	0.000000	0.000000	0.000000	0.000000
4870	4	2	128.821259	0.000000	128.821259	2.302585	115	0.250986	0.077785	0.000000	0.000000	0.000000	0.000000	0.000000	0.000000
4860	2	2	126.546455	0.000000	126.546455	2.302585	115	0.351339	0.087114	0.000000	0.000000	0.000000	0.000000	0.000000	0.000000
4840	3	2	143.653778	0.000000	143.653778	2.302585	115	0.257899	0.062220	0.000000	0.000000	0.000000	0.000000	0.000000	0.000000
4880	4	2	122.219246	0.000000	122.219246	2.302585	115	0.261766	0.063595	0.000000	0.000000	0.000000	0.000000	0.000000	0.000000
4870	2	2	123.908073	0.000000	123.908073	2.302585	115	0.348520	0.072516	0.000000	0.000000	0.000000	0.000000	0.000000	0.000000
4850	3	2	142.688782	0.000000	142.688782	2.302585	115	0.256245	0.062049	0.000000	0.000000	0.000000	0.000000	0.000000	0.000000
4890	4	2	123.353119	0.000000	123.353119	2.302585	115	0.267545	0.088492	0.000000	0.000000	0.000000	0.000000	0.000000	0.000000
4880	2	2	123.858376	0.000000	123.858376	2.302585	115	0.340467	0.093598	0.000000	0.000000	0.000000	0.000000	0.000000	0.000000
4860	3	2	144.965591	0.000000	144.965591	2.302585	115	0.209798	0.052430	0.000000	0.000000	0.000000	0.000000	0.000000	0.000000
4900	4	2	125.454247	0.000000	125.454247	2.302585	115	0.393738	0.089336	0.000000	0.000000	0.000000	0.000000	0.000000	0.000000
4890	2	2	123.195152	0.000000	123.195152	2.302585	115	0.336153	0.073534	0.000000	0.000000	0.000000	0.000000	0.000000	0.000000
4870	3	2	147.956375	0.000000	147.956375	2.302585	115	0.210539	0.057237	0.000000	0.000000	0.000000	0.000000	0.000000	0.000000
4910	4	2	125.226021	0.000000	125.226021	2.302585	115	0.384770	0.096440	0.000000	0.000000	0.000000	0.000000	0.000000	0.000000
4900	2	2	121.093315	0.000000	121.093315	2.302585	115	0.343204	0.097215	0.000000	0.000000	0.000000	0.000000	0.000000	0.000000
4880	3	2	147.946274	0.000000	147.946274	2.302585	115	0.212267	0.056973	0.000000	0.000000	0.000000	0.000000	0.000000	0.000000
4920	4	2	127.566002	0.000000	127.566002	2.302585	115	0.378063	0.077733	0.000000	0.000000	0.000000	0.000000	0.000000	0.000000
4910	2	2	121.402802	0.000000	121.402802	2.302585	115	0.341810	0.099054	0.000000	0.000000	0.000000	0.000000	0.000000	0.000000
4890	3	2	138.466995	0.000000	138.466995	2.302585	115	0.188420	0.052763	0.000000	0.000000	0.000000	0.000000	0.000000	0.000000
4930	4	2	132.383743	0.000000	132.383743	2.302585	115	0.342922	0.077868	0.000000	0.000000	0.000000	0.000000	0.000000	0.000000
4920	2	2	122.308113	0.000000	122.308113	2.302585	115	0.339144	0.085653	0.000000	0.000000	0.000000	0.000000	0.000000	0.000000
4900	3	2	138.559799	0.000000	138.559799	2.302585	115	0.192379	0.075684	0.000000	0.000000	0.000000	0.000000	0.000000	0.000000
4930	2	2	118.622604	0.000000	118.622604	2.302585	115	0.357425	0.098369	0.000000	0.000000	0.000000	0.000000	0.000000	0.000000
4940	4	2	134.529449	0.000000	134.529449	2.302585	115	0.338681	0.074605	0.000000	0.000000	0.000000	0.000000	0.000000	0.000000
4910	3	2	137.367172	0.000000	137.367172	2.302585	115	0.192031	0.063513	0.000000	0.000000	0.000000	0.000000	0.000000	0.000000
4950	4	2	132.730728	0.000000	132.730728	2.302585	115	0.338839	0.057866	0.000000	0.000000	0.000000	0.000000	0.000000	0.000000
4940	2	2	119.120987	0.000000	119.120987	2.302585	115	0.357401	0.093960	0.000000	0.000000	0.000000	0.000000	0.000000	0.000000
4920	3	2	138.197723	0.000000	138.197723	2.302585	115	0.193371	0.057541	0.000000	0.000000	0.000000	0.000000	0.000000	0.000000
4950	2	2	119.646889	0.000000	119.646889	2.302585	115	0.356389	0.098908	0.000000	0.000000	0.000000	0.000000	0.000000	0.000000
4960	4	2	137.491089	0.000000	137.491089	2.302585	115	0.335626	0.064362	0.000000	0.000000	0.000000	0.000000	0.000000	0.000000
4930	3	2	134.663498	0.000000	134.663498	2.302585	115	0.190490	0.087370	0.000000	0.000000	0.000000	0.000000	0.000000	0.000000
4970	4	2	138.667145	0.000000	138.667145	2.302585	115	0.334123	0.065646	0.000000	0.000000	0.000000	0.000000	0.000000	0.000000
4960	2	2	120.817764	0.000000	120.817764	2.302585	115	0.356348	0.080445	0.000000	0.000000	0.000000	0.000000	0.000000	0.000000
4940	3	2	138.554810	0.000000	138.554810	2.302585	115	0.188925	0.066483	0.000000	0.000000	0.000000	0.000000	0.000000	0.000000
4970	2	2	126.598732	0.000000	126.598732	2.302585	115	0.348790	0.083482	0.000000	0.000000	0.000000	0.000000	0.000000	0.000000
4980	4	2	138.148361	0.000000	138.148361	2.302585	115	0.333734	0.058686	0.000000	0.000000	0.000000	0.000000	0.000000	0.000000
4950	3	2	139.502502	0.000000	139.502502	2.302585	115	0.195949	0.059369	0.000000	0.000000	0.000000	0.000000	0.000000	0.000000
4980	2	2	126.546936	0.000000	126.546936	2.302585	115	0.347166	0.070007	0.000000	0.000000	0.000000	0.000000	0.000000	0.000000
4990	4	2	140.770157	0.000000	140.770157	2.302585	115	0.332347	0.064675	0.000000	0.000000	0.000000	0.000000	0.000000	0.000000
4960	3	2	137.394073	0.000000	137.394073	2.302585	115	0.180126	0.060585	0.000000	0.000000	0.000000	0.000000	0.000000	0.000000
4990	2	2	127.626816	0.000000	127.626816	2.302585	115	0.346460	0.079664	0.000000	0.000000	0.000000	0.000000	0.000000	0.000000
4970	3	2	140.637329	0.000000	140.637329	2.302585	115	0.184703	0.058665	0.000000	0.000000	0.000000	0.000000	0.000000	0.000000
4980	3	2	138.171783	0.000000	138.171783	2.302585	115	0.191205	0.067217	0.000000	0.000000	0.000000	0.000000	0.000000	0.000000
4990	3	2	140.727493	0.000000	140.727493	2.302585	115	0.181333	0.059719	0.000000	0.000000	0.000000	0.000000	0.000000	0.000000
